{"type": "FeatureCollection", "features": [{"type": "Feature", "geometry": {"type": "Polygon", "coordinates": [[[108.1883686, 10.9554948], [108.1852154, 10.9360498], [108.1907655, 10.9372269], [108.1963473, 10.9423639], [108.2087699, 10.9495273], [108.2157459, 10.952634], [108.2232538, 10.9545232], [108.2289572, 10.95485], [108.2407013, 10.9532711], [108.2494518, 10.951393], [108.2668704, 10.9461146], [108.2745662, 10.9431347], [108.2808878, 10.9391956], [108.2823171, 10.9353153], [108.2814463, 10.9303626], [108.2830366, 10.9219198], [108.2809403, 10.9178442], [108.2820536, 10.9156294], [108.2921633, 10.9137099], [108.2947947, 10.9164767], [108.2945317, 10.9219838], [108.2983446, 10.9387617], [108.3006518, 10.9444917], [108.3070893, 10.9544609], [108.3129131, 10.959252], [108.3167011, 10.9603681], [108.3236162, 10.9602569], [108.3285146, 10.9568208], [108.3286545, 10.9543459], [108.3325262, 10.951163], [108.336787, 10.9513349], [108.3404434, 10.9579248], [108.3397725, 10.9645588], [108.3417336, 10.9761589], [108.3450944, 10.9908278], [108.3498247, 11.0041247], [108.3470526, 11.0058808], [108.3336778, 11.0011652], [108.3231394, 11.0009076], [108.3141231, 10.9963154], [108.307305, 10.9968841], [108.2973487, 10.9959421], [108.2930676, 11.0083186], [108.2810765, 11.0157458], [108.2755518, 11.0227034], [108.2566286, 11.0217739], [108.2472496, 11.0281678], [108.215096, 11.0169834], [108.1958967, 11.0008072], [108.1900442, 10.9971421], [108.1960362, 10.9933928], [108.1893146, 10.9633331], [108.1883686, 10.9554948]]]}, "properties": {"new_ward_code": "1005955", "name": "Phường Mũi Né"}}, {"type": "Feature", "geometry": {"type": "MultiPolygon", "coordinates": [[[[108.9670212, 10.4959808], [108.9632298, 10.4949667], [108.9641386, 10.4910014], [108.9609011, 10.4890653], [108.9628133, 10.4859097], [108.9679252, 10.4910386], [108.9670212, 10.4959808]]], [[[108.9251169, 10.5496733], [108.9226271, 10.5458854], [108.9237442, 10.542023], [108.9264233, 10.5402268], [108.9285486, 10.5242167], [108.9315638, 10.5156272], [108.9370739, 10.5104616], [108.9500866, 10.5035317], [108.9567535, 10.5044687], [108.962634, 10.5030483], [108.962424, 10.5056606], [108.9672938, 10.5087826], [108.9660726, 10.5179229], [108.9616516, 10.5186303], [108.9589251, 10.5221486], [108.9563785, 10.5308046], [108.9577228, 10.5340436], [108.9544094, 10.5394697], [108.954371, 10.5465419], [108.9509437, 10.5522278], [108.9313839, 10.5536752], [108.9251169, 10.5496733]]]]}, "properties": {"new_ward_code": "1005952", "name": "Đặc khu Phú Quý"}}, {"type": "Feature", "geometry": {"type": "Polygon", "coordinates": [[[108.1883686, 10.9554948], [108.1826091, 10.9597834], [108.1458843, 10.9438516], [108.1418341, 10.9451104], [108.1237936, 10.9447943], [108.1160658, 10.9479599], [108.1134493, 10.9427965], [108.1077689, 10.9441246], [108.1040627, 10.9420723], [108.1036834, 10.9365246], [108.1014646, 10.931664], [108.1095885, 10.9327378], [108.1102549, 10.9278391], [108.11739, 10.9256364], [108.1243173, 10.9295745], [108.1331881, 10.933076], [108.1374627, 10.9331724], [108.1512984, 10.9312836], [108.1560985, 10.9299088], [108.1659555, 10.9306031], [108.1718806, 10.9345607], [108.182627, 10.9370932], [108.1852154, 10.9360498], [108.1883686, 10.9554948]]]}, "properties": {"new_ward_code": "1005957", "name": "Phường Phú Thủy"}}, {"type": "Feature", "geometry": {"type": "Polygon", "coordinates": [[[108.1040627, 10.9420723], [108.0988194, 10.9427981], [108.0976729, 10.9370742], [108.0943947, 10.9383408], [108.0914254, 10.9358225], [108.090065, 10.9278979], [108.091401, 10.9227673], [108.0943728, 10.9180162], [108.1048527, 10.9201975], [108.1052251, 10.9164204], [108.1089053, 10.9177073], [108.111949, 10.9213725], [108.11739, 10.9256364], [108.1102549, 10.9278391], [108.1095885, 10.9327378], [108.1014646, 10.931664], [108.1036834, 10.9365246], [108.1040627, 10.9420723]]]}, "properties": {"new_ward_code": "1005956", "name": "Phường Phan Thiết"}}, {"type": "Feature", "geometry": {"type": "Polygon", "coordinates": [[[108.0988194, 10.9427981], [108.0930169, 10.9460077], [108.0977952, 10.9498608], [108.1021313, 10.9503907], [108.1032405, 10.953061], [108.0979277, 10.956397], [108.0938722, 10.9567024], [108.0923782, 10.9541586], [108.0883475, 10.9543677], [108.0882356, 10.9572633], [108.0794111, 10.9648472], [108.0718554, 10.965331], [108.0691018, 10.9734736], [108.0567277, 10.9781188], [108.057185, 10.9835367], [108.0501837, 10.9915506], [108.0449616, 10.9950005], [108.0408487, 10.9997688], [108.0379496, 11.0008088], [108.0379655, 11.0056478], [108.0293338, 11.0114993], [108.024701, 11.0186443], [108.0248621, 11.0234422], [108.0235453, 11.0305636], [108.0183533, 11.0330569], [108.0177176, 11.0227912], [108.0071269, 11.0200611], [108.0083942, 11.0136608], [108.0106902, 11.0113676], [108.0090809, 11.0033348], [108.0112803, 10.9989852], [108.0112427, 10.9947198], [108.0136896, 10.9877665], [108.0127589, 10.9842295], [108.0135194, 10.9817774], [108.0071955, 10.9763009], [108.0134685, 10.9719692], [108.015174, 10.9695206], [108.0202582, 10.972428], [108.0228808, 10.9668195], [108.019516, 10.9620664], [108.0201423, 10.9580402], [108.0276979, 10.9525418], [108.0316367, 10.9553316], [108.0359491, 10.9508913], [108.0433086, 10.9487892], [108.0446054, 10.9462177], [108.0500221, 10.9459486], [108.0528183, 10.9412628], [108.0603567, 10.9458438], [108.061454, 10.94279], [108.0648547, 10.9434724], [108.0694574, 10.9402069], [108.0736014, 10.9408257], [108.0750091, 10.9325327], [108.0809843, 10.9292628], [108.0837393, 10.9231501], [108.0888838, 10.9208671], [108.091401, 10.9227673], [108.090065, 10.9278979], [108.0914254, 10.9358225], [108.0943947, 10.9383408], [108.0976729, 10.9370742], [108.0988194, 10.9427981]]]}, "properties": {"new_ward_code": "1005953", "name": "Phường Bình Thuận"}}, {"type": "Feature", "geometry": {"type": "Polygon", "coordinates": [[[108.019516, 10.9620664], [108.0135468, 10.9629275], [108.0142964, 10.9553818], [108.0081233, 10.951944], [108.0027643, 10.951122], [107.9941665, 10.9518689], [107.9879246, 10.9491132], [107.9896054, 10.9434987], [107.9975259, 10.9422768], [108.0018604, 10.9394879], [108.0078802, 10.9393428], [108.0123808, 10.9409994], [108.013245, 10.9350981], [108.015965, 10.935465], [108.0168816, 10.9293953], [108.0196138, 10.9288948], [108.0216794, 10.9225556], [108.0189637, 10.9211415], [108.0189615, 10.9172977], [108.0255067, 10.8967147], [108.0034724, 10.8671983], [108.0236557, 10.8872582], [108.0476776, 10.8976511], [108.0541246, 10.9086853], [108.0608134, 10.9136432], [108.0656165, 10.9085299], [108.0714315, 10.9097783], [108.0745482, 10.9121803], [108.0837393, 10.9231501], [108.0809843, 10.9292628], [108.0750091, 10.9325327], [108.0736014, 10.9408257], [108.0694574, 10.9402069], [108.0648547, 10.9434724], [108.061454, 10.94279], [108.0603567, 10.9458438], [108.0528183, 10.9412628], [108.0500221, 10.9459486], [108.0446054, 10.9462177], [108.0433086, 10.9487892], [108.0359491, 10.9508913], [108.0316367, 10.9553316], [108.0276979, 10.9525418], [108.0201423, 10.9580402], [108.019516, 10.9620664]]]}, "properties": {"new_ward_code": "1005933", "name": "Xã Tuyên Quang"}}, {"type": "Feature", "geometry": {"type": "Polygon", "coordinates": [[[108.091401, 10.9227673], [108.0888838, 10.9208671], [108.0837393, 10.9231501], [108.0745482, 10.9121803], [108.0714315, 10.9097783], [108.0656165, 10.9085299], [108.0608134, 10.9136432], [108.0541246, 10.9086853], [108.0476776, 10.8976511], [108.0236557, 10.8872582], [108.0034724, 10.8671983], [108.0003416, 10.8666859], [108.0051756, 10.8593328], [108.0154538, 10.8546229], [108.0153894, 10.8507137], [108.0115002, 10.8450868], [108.0073535, 10.8431058], [108.0042199, 10.8372276], [108.0051327, 10.8339804], [108.0019033, 10.8303344], [107.9986578, 10.817868], [107.9946184, 10.816087], [107.9921159, 10.8005243], [108.0230863, 10.7779371], [108.0268331, 10.7969264], [108.0356919, 10.82603], [108.0413133, 10.8399055], [108.0533145, 10.8652966], [108.0603371, 10.8791586], [108.066797, 10.8896337], [108.0722534, 10.8996887], [108.0787925, 10.9079167], [108.0829352, 10.9101131], [108.0943728, 10.9180162], [108.091401, 10.9227673]]]}, "properties": {"new_ward_code": "1005958", "name": "Phường Tiến Thành"}}, {"type": "Feature", "geometry": {"type": "Polygon", "coordinates": [[[107.7753717, 10.7915396], [107.7435663, 10.7851895], [107.7566045, 10.757104], [107.7581656, 10.7338986], [107.7524679, 10.7336242], [107.7494438, 10.7282684], [107.7460957, 10.7251705], [107.7427562, 10.7198286], [107.7361907, 10.7139683], [107.7357101, 10.7121146], [107.7417237, 10.7059634], [107.7420315, 10.7011301], [107.7399551, 10.696971], [107.7357173, 10.694532], [107.7403245, 10.6879062], [107.7466243, 10.6817735], [107.7442412, 10.6758761], [107.7475146, 10.6729669], [107.7519674, 10.6730984], [107.7499669, 10.6670879], [107.7521031, 10.6640417], [107.7482682, 10.6609314], [107.754005, 10.6595906], [107.7621098, 10.6621775], [107.7684955, 10.6630436], [107.7671863, 10.6673147], [107.7727186, 10.6652352], [107.7773734, 10.6658123], [107.7759031, 10.6472987], [107.7809518, 10.6570711], [107.7858731, 10.6623692], [107.7957925, 10.675264], [107.8028059, 10.683598], [107.8126232, 10.6939441], [107.8099618, 10.69697], [107.8026332, 10.7000605], [107.7994666, 10.7032872], [107.7977855, 10.7086833], [107.7909596, 10.7098309], [107.7899667, 10.7128432], [107.7932553, 10.7189132], [107.7925328, 10.7287471], [107.796398, 10.7349616], [107.7925302, 10.735586], [107.7903896, 10.7383202], [107.7881715, 10.7487955], [107.7901, 10.7535045], [107.7753717, 10.7915396]]]}, "properties": {"new_ward_code": "1005959", "name": "Phường La Gi"}}, {"type": "Feature", "geometry": {"type": "Polygon", "coordinates": [[[107.7417237, 10.7059634], [107.7360789, 10.7011746], [107.7300185, 10.7018994], [107.722916, 10.704755], [107.7195203, 10.7033358], [107.7169132, 10.6999544], [107.7123575, 10.6979436], [107.7079038, 10.6989814], [107.7022094, 10.6972397], [107.6993541, 10.6993192], [107.6913974, 10.6979434], [107.6825809, 10.6989212], [107.6786783, 10.6971738], [107.7148211, 10.673355], [107.7165431, 10.6556471], [107.7159744, 10.6512661], [107.7112564, 10.6472146], [107.7113913, 10.6324228], [107.7218745, 10.631139], [107.7283214, 10.6314656], [107.7377124, 10.6360096], [107.7543373, 10.6402819], [107.7604552, 10.6435086], [107.7642207, 10.6474771], [107.7668358, 10.6459682], [107.7759031, 10.6472987], [107.7773734, 10.6658123], [107.7727186, 10.6652352], [107.7671863, 10.6673147], [107.7684955, 10.6630436], [107.7621098, 10.6621775], [107.754005, 10.6595906], [107.7482682, 10.6609314], [107.7521031, 10.6640417], [107.7499669, 10.6670879], [107.7519674, 10.6730984], [107.7475146, 10.6729669], [107.7442412, 10.6758761], [107.7466243, 10.6817735], [107.7403245, 10.6879062], [107.7357173, 10.694532], [107.7399551, 10.696971], [107.7420315, 10.7011301], [107.7417237, 10.7059634]]]}, "properties": {"new_ward_code": "1005960", "name": "Phường Phước Hội"}}, {"type": "Feature", "geometry": {"type": "Polygon", "coordinates": [[[107.8126232, 10.6939441], [107.8236193, 10.7026247], [107.8324097, 10.7061911], [107.8407082, 10.7060232], [107.8452145, 10.7040723], [107.8516506, 10.7080678], [107.8601081, 10.7121893], [107.8642951, 10.7122533], [107.8773706, 10.7175632], [107.8865674, 10.7203774], [107.8869718, 10.729205], [107.881711, 10.7350765], [107.8814252, 10.7398793], [107.8748376, 10.7401192], [107.8719869, 10.746074], [107.8745212, 10.7497165], [107.8511068, 10.7494859], [107.8444777, 10.760297], [107.8459367, 10.7672997], [107.8435162, 10.7676915], [107.840606, 10.7753751], [107.8231314, 10.7963509], [107.8006961, 10.79393], [107.7753717, 10.7915396], [107.7901, 10.7535045], [107.7881715, 10.7487955], [107.7903896, 10.7383202], [107.7925302, 10.735586], [107.796398, 10.7349616], [107.7925328, 10.7287471], [107.7932553, 10.7189132], [107.7899667, 10.7128432], [107.7909596, 10.7098309], [107.7977855, 10.7086833], [107.7994666, 10.7032872], [107.8026332, 10.7000605], [107.8099618, 10.69697], [107.8126232, 10.6939441]]]}, "properties": {"new_ward_code": "1005961", "name": "Xã Tân Hải"}}, {"type": "Feature", "geometry": {"type": "Polygon", "coordinates": [[[107.4049002, 11.7548572], [107.4022193, 11.7487373], [107.3934613, 11.7460312], [107.3862065, 11.7413141], [107.3830318, 11.7338245], [107.3833882, 11.7306422], [107.3862124, 11.727743], [107.385816, 11.7241315], [107.3789894, 11.7124435], [107.3738991, 11.7099171], [107.373535, 11.7061448], [107.376734, 11.7059467], [107.3845747, 11.7023204], [107.3813217, 11.6977194], [107.3789965, 11.6975021], [107.3686674, 11.6891376], [107.3653341, 11.6875341], [107.3685908, 11.680091], [107.3674017, 11.6749059], [107.3697247, 11.6711733], [107.3642044, 11.6667703], [107.3581033, 11.6653892], [107.3550028, 11.6620662], [107.3551744, 11.6563029], [107.35286, 11.652145], [107.3486727, 11.652021], [107.344349, 11.6475867], [107.3401787, 11.639465], [107.3396552, 11.6349454], [107.3418224, 11.6304215], [107.3385576, 11.6228098], [107.3360288, 11.6239902], [107.3327956, 11.6196461], [107.3353431, 11.6164968], [107.3361897, 11.6122911], [107.3336562, 11.6086439], [107.3398483, 11.606997], [107.3423803, 11.6077641], [107.3473585, 11.6047689], [107.3517144, 11.6116946], [107.3541793, 11.6128822], [107.3588192, 11.6117272], [107.3598235, 11.6080091], [107.3586908, 11.6040228], [107.3628863, 11.6043849], [107.3679256, 11.6074207], [107.3749318, 11.6071384], [107.3767233, 11.6101235], [107.3820341, 11.6142326], [107.3833457, 11.6223981], [107.3861718, 11.6248586], [107.3863175, 11.6388624], [107.3872403, 11.643584], [107.3910928, 11.6493607], [107.3983286, 11.6469055], [107.4039907, 11.6508806], [107.4089149, 11.6495361], [107.4108901, 11.6544279], [107.4165685, 11.6546936], [107.4249206, 11.6537071], [107.4307822, 11.6510082], [107.4345235, 11.6552862], [107.441047, 11.6549531], [107.4437757, 11.6509966], [107.4543472, 11.6573243], [107.4556232, 11.6604217], [107.4599124, 11.6695333], [107.4593474, 11.671689], [107.4632125, 11.6763995], [107.4592943, 11.6828752], [107.4609512, 11.6883602], [107.463881, 11.691364], [107.4662699, 11.6996635], [107.469434, 11.6994105], [107.4721623, 11.6958625], [107.4767089, 11.6966921], [107.478555, 11.7017285], [107.4829388, 11.7021226], [107.4838375, 11.7059589], [107.4892786, 11.7041062], [107.4944079, 11.7177286], [107.4901172, 11.7197487], [107.4908083, 11.726674], [107.4892491, 11.7301596], [107.4908148, 11.738763], [107.4924397, 11.742284], [107.4985865, 11.7467073], [107.5046225, 11.7580276], [107.5099325, 11.7625771], [107.5111958, 11.7676984], [107.5137359, 11.7693046], [107.5139927, 11.7735386], [107.518816, 11.779209], [107.5187623, 11.7832158], [107.5149374, 11.7934626], [107.5118496, 11.7945243], [107.5107692, 11.7978603], [107.5096496, 11.8020004], [107.5073255, 11.8038926], [107.5030798, 11.7991129], [107.4951544, 11.7975748], [107.4912035, 11.7948808], [107.4805752, 11.7914753], [107.4776338, 11.7869435], [107.4772438, 11.7775673], [107.4736055, 11.7712026], [107.4629132, 11.760687], [107.4542961, 11.7575469], [107.448236, 11.7582141], [107.4351002, 11.7655039], [107.4324788, 11.7623456], [107.4281879, 11.7604728], [107.4252094, 11.7565142], [107.4174153, 11.7491626], [107.4132453, 11.750224], [107.4108567, 11.7535739], [107.4049002, 11.7548572]]]}, "properties": {"new_ward_code": "1005873", "name": "Xã Cát Tiên 3"}}, {"type": "Feature", "geometry": {"type": "Polygon", "coordinates": [[[107.4049002, 11.7548572], [107.4016423, 11.7564127], [107.3980227, 11.7648892], [107.390866, 11.7664797], [107.3866064, 11.7726406], [107.3780424, 11.770553], [107.3738114, 11.7707509], [107.3665092, 11.7668593], [107.3626695, 11.7609167], [107.3573338, 11.7623844], [107.3547055, 11.7537378], [107.3486028, 11.7506692], [107.3434532, 11.7509862], [107.3379503, 11.7483307], [107.3309393, 11.7480824], [107.3254158, 11.7491849], [107.3231834, 11.7463718], [107.3144129, 11.7403604], [107.3032895, 11.7400502], [107.3004844, 11.7385023], [107.2966923, 11.7295882], [107.2897327, 11.7295523], [107.2855908, 11.72433], [107.2858798, 11.7141663], [107.2841356, 11.6988507], [107.2787383, 11.6915489], [107.2830001, 11.6890798], [107.2844948, 11.6852819], [107.277938, 11.6811968], [107.2720946, 11.669796], [107.266745, 11.6623469], [107.2657385, 11.658564], [107.2724555, 11.6518062], [107.2728936, 11.648747], [107.2687665, 11.642507], [107.2721946, 11.6360136], [107.2846922, 11.6323732], [107.3036803, 11.6184754], [107.3042106, 11.6151849], [107.3007001, 11.6075396], [107.3016212, 11.6048452], [107.3067608, 11.5990256], [107.2974754, 11.5854041], [107.2985284, 11.5806185], [107.3016056, 11.5769046], [107.3110506, 11.5725163], [107.3100796, 11.5679138], [107.3055798, 11.5715594], [107.3019234, 11.5702289], [107.3098825, 11.5555785], [107.3119, 11.5534575], [107.3220774, 11.5540975], [107.3321392, 11.554203], [107.3338153, 11.5528978], [107.3367824, 11.546054], [107.3396928, 11.5436845], [107.3441203, 11.5431053], [107.3466777, 11.5446743], [107.3470063, 11.5520303], [107.3493762, 11.5548242], [107.3547434, 11.5558802], [107.3568964, 11.5622021], [107.3556818, 11.567867], [107.3575015, 11.5734744], [107.353844, 11.5752777], [107.3519719, 11.5813422], [107.355507, 11.5934972], [107.3528838, 11.5991568], [107.3476045, 11.6012321], [107.3473585, 11.6047689], [107.3423803, 11.6077641], [107.3398483, 11.606997], [107.3336562, 11.6086439], [107.3361897, 11.6122911], [107.3353431, 11.6164968], [107.3327956, 11.6196461], [107.3360288, 11.6239902], [107.3385576, 11.6228098], [107.3418224, 11.6304215], [107.3396552, 11.6349454], [107.3401787, 11.639465], [107.344349, 11.6475867], [107.3486727, 11.652021], [107.35286, 11.652145], [107.3551744, 11.6563029], [107.3550028, 11.6620662], [107.3581033, 11.6653892], [107.3642044, 11.6667703], [107.3697247, 11.6711733], [107.3674017, 11.6749059], [107.3685908, 11.680091], [107.3653341, 11.6875341], [107.3686674, 11.6891376], [107.3789965, 11.6975021], [107.3813217, 11.6977194], [107.3845747, 11.7023204], [107.376734, 11.7059467], [107.373535, 11.7061448], [107.3738991, 11.7099171], [107.3789894, 11.7124435], [107.385816, 11.7241315], [107.3862124, 11.727743], [107.3833882, 11.7306422], [107.3830318, 11.7338245], [107.3862065, 11.7413141], [107.3934613, 11.7460312], [107.4022193, 11.7487373], [107.4049002, 11.7548572]]]}, "properties": {"new_ward_code": "1005872", "name": "Xã Cát Tiên 2"}}, {"type": "Feature", "geometry": {"type": "Polygon", "coordinates": [[[107.3473585, 11.6047689], [107.3476045, 11.6012321], [107.3528838, 11.5991568], [107.355507, 11.5934972], [107.3519719, 11.5813422], [107.353844, 11.5752777], [107.3575015, 11.5734744], [107.3576708, 11.5792322], [107.3589876, 11.581766], [107.3627544, 11.5802156], [107.3654847, 11.5720507], [107.3619526, 11.570852], [107.3613542, 11.5669479], [107.3665532, 11.5611915], [107.3619811, 11.5581161], [107.3604385, 11.5549773], [107.3654479, 11.5529618], [107.3691444, 11.5489201], [107.3725284, 11.5497888], [107.3683941, 11.5559992], [107.3734827, 11.555966], [107.3748124, 11.5497655], [107.3787323, 11.5433375], [107.3782039, 11.5391608], [107.3752117, 11.5324247], [107.3760383, 11.5241516], [107.3674364, 11.5177748], [107.3710174, 11.5153359], [107.3749681, 11.5156189], [107.3802507, 11.5196342], [107.3863675, 11.5218445], [107.3863664, 11.5257104], [107.392749, 11.527015], [107.3978029, 11.5266608], [107.4017798, 11.5294675], [107.3989695, 11.5327011], [107.3995703, 11.5417257], [107.4025058, 11.5419351], [107.410098, 11.5489236], [107.4084697, 11.554156], [107.4057027, 11.5561817], [107.4076283, 11.5608778], [107.4061265, 11.564507], [107.4102488, 11.5673302], [107.4102777, 11.5713992], [107.4144279, 11.5763702], [107.4162057, 11.5802057], [107.4159735, 11.584058], [107.4211785, 11.5887286], [107.423741, 11.5932274], [107.4221168, 11.5969275], [107.4233224, 11.5992542], [107.4296084, 11.601377], [107.4287936, 11.6049754], [107.431754, 11.6108115], [107.430674, 11.6163835], [107.4263317, 11.6192896], [107.4282444, 11.6226826], [107.4313823, 11.6224264], [107.4359118, 11.6279249], [107.4358699, 11.6321639], [107.4408076, 11.6367524], [107.4437411, 11.6380432], [107.4483167, 11.6435747], [107.4518133, 11.6448217], [107.4564379, 11.6502425], [107.4556232, 11.6604217], [107.4543472, 11.6573243], [107.4437757, 11.6509966], [107.441047, 11.6549531], [107.4345235, 11.6552862], [107.4307822, 11.6510082], [107.4249206, 11.6537071], [107.4165685, 11.6546936], [107.4108901, 11.6544279], [107.4089149, 11.6495361], [107.4039907, 11.6508806], [107.3983286, 11.6469055], [107.3910928, 11.6493607], [107.3872403, 11.643584], [107.3863175, 11.6388624], [107.3861718, 11.6248586], [107.3833457, 11.6223981], [107.3820341, 11.6142326], [107.3767233, 11.6101235], [107.3749318, 11.6071384], [107.3679256, 11.6074207], [107.3628863, 11.6043849], [107.3586908, 11.6040228], [107.3598235, 11.6080091], [107.3588192, 11.6117272], [107.3541793, 11.6128822], [107.3517144, 11.6116946], [107.3473585, 11.6047689]]]}, "properties": {"new_ward_code": "1005871", "name": "Xã Cát Tiên"}}, {"type": "Feature", "geometry": {"type": "Polygon", "coordinates": [[[107.470787, 11.4794706], [107.4715464, 11.4757836], [107.4655193, 11.4770252], [107.4611114, 11.4718983], [107.4624777, 11.463045], [107.4522681, 11.4593276], [107.4488588, 11.4562272], [107.4486365, 11.4523179], [107.4454558, 11.4473057], [107.4404591, 11.4461335], [107.4369173, 11.442425], [107.4305322, 11.4402526], [107.4290317, 11.4366997], [107.4313304, 11.4329703], [107.4296913, 11.4293008], [107.4302513, 11.4245417], [107.4365643, 11.4301607], [107.4418236, 11.431965], [107.4465041, 11.4292133], [107.4466142, 11.4262667], [107.443585, 11.4233847], [107.4445813, 11.4191209], [107.453868, 11.4201207], [107.4521656, 11.4243339], [107.4522125, 11.4292199], [107.462117, 11.4316045], [107.4662405, 11.4343457], [107.474964, 11.4361632], [107.4797661, 11.4390327], [107.4821717, 11.4446527], [107.4822281, 11.4584401], [107.4835825, 11.461824], [107.4879759, 11.4630174], [107.4938566, 11.4679307], [107.497648, 11.4729433], [107.504183, 11.4720637], [107.5062203, 11.4745204], [107.5103837, 11.472509], [107.5140477, 11.4737334], [107.5284424, 11.4683274], [107.5448608, 11.4731343], [107.5490177, 11.4781426], [107.5554182, 11.4790571], [107.5605277, 11.4824785], [107.5616486, 11.4856231], [107.5698388, 11.4905534], [107.5762519, 11.4956904], [107.5838757, 11.4971044], [107.5842715, 11.5068751], [107.5887296, 11.5100555], [107.5933595, 11.5116406], [107.5983569, 11.5148153], [107.6018547, 11.5193432], [107.6167368, 11.5257337], [107.6190233, 11.5285134], [107.6216408, 11.5359184], [107.6272065, 11.5433479], [107.6315453, 11.5432402], [107.6368083, 11.5478891], [107.6392824, 11.5485626], [107.6422137, 11.5540138], [107.6452931, 11.5570305], [107.6443589, 11.5594268], [107.6494074, 11.5635528], [107.6563901, 11.5628741], [107.6556791, 11.570498], [107.6514995, 11.5723504], [107.6511056, 11.5773146], [107.6572858, 11.5772347], [107.6613182, 11.5805615], [107.6677975, 11.5810533], [107.6651095, 11.5830963], [107.6680005, 11.5874014], [107.6674855, 11.5904599], [107.6733702, 11.5941646], [107.6731114, 11.5997375], [107.6684189, 11.6004075], [107.6604594, 11.6065401], [107.6591259, 11.6135924], [107.6608562, 11.6183644], [107.6587254, 11.6229341], [107.6573192, 11.6298896], [107.6570319, 11.6384036], [107.6499172, 11.6432143], [107.6400652, 11.6447364], [107.6380342, 11.6442322], [107.633815, 11.6381507], [107.6263077, 11.6355493], [107.6222748, 11.6363203], [107.6166879, 11.6327457], [107.6139049, 11.6269767], [107.614692, 11.6204496], [107.6128627, 11.6188263], [107.6155481, 11.614646], [107.6087929, 11.612014], [107.603923, 11.6056484], [107.5973578, 11.6048397], [107.6001587, 11.5998898], [107.5925915, 11.5984169], [107.594664, 11.596091], [107.5864958, 11.5900463], [107.5817225, 11.5827383], [107.5780464, 11.5794068], [107.5723048, 11.5761142], [107.5716543, 11.5725775], [107.5664802, 11.5664415], [107.5635394, 11.5685893], [107.5576774, 11.5603698], [107.55637, 11.5621984], [107.5500988, 11.5608964], [107.5456373, 11.5641219], [107.5318648, 11.5655642], [107.5295215, 11.5620354], [107.5293091, 11.5510169], [107.5270635, 11.545582], [107.5291142, 11.5444264], [107.5302261, 11.5397048], [107.5277818, 11.5360405], [107.5204361, 11.5338718], [107.5153477, 11.5307172], [107.5142518, 11.528143], [107.5103893, 11.5259228], [107.5122819, 11.5230208], [107.5109381, 11.5177699], [107.5066203, 11.5175799], [107.5020722, 11.519281], [107.495674, 11.5102788], [107.4932308, 11.5085477], [107.4907496, 11.5012597], [107.4856003, 11.5000055], [107.4868928, 11.4950292], [107.4835181, 11.4906404], [107.4822008, 11.4867779], [107.4768341, 11.4844774], [107.470787, 11.4794706]]]}, "properties": {"new_ward_code": "1005900", "name": "Xã Đạ Tẻh 2"}}, {"type": "Feature", "geometry": {"type": "Polygon", "coordinates": [[[107.6400652, 11.6447364], [107.6377209, 11.6474334], [107.6414539, 11.6563751], [107.6441556, 11.6575454], [107.6394403, 11.6597861], [107.6346308, 11.6593892], [107.621684, 11.664672], [107.6195974, 11.6682707], [107.6069588, 11.6713073], [107.6037676, 11.6741624], [107.5975389, 11.6764136], [107.5966805, 11.678578], [107.5832406, 11.678698], [107.5786005, 11.6829702], [107.5663923, 11.6838253], [107.5649878, 11.6861335], [107.5547137, 11.6896162], [107.5507882, 11.6944723], [107.5437283, 11.6911675], [107.5349634, 11.6957997], [107.5250443, 11.6918931], [107.5240087, 11.6905345], [107.514041, 11.6930386], [107.5125235, 11.6906448], [107.515474, 11.6792452], [107.5114157, 11.6725452], [107.5083244, 11.6713436], [107.5051528, 11.6674722], [107.5035328, 11.6591294], [107.4980664, 11.6621871], [107.4919292, 11.6642062], [107.4892009, 11.6591856], [107.4874957, 11.6522222], [107.4829891, 11.6475201], [107.4851391, 11.64008], [107.4844504, 11.6350262], [107.4869794, 11.6328777], [107.4851295, 11.6289943], [107.4852405, 11.6247963], [107.4800508, 11.6183436], [107.4799381, 11.6138787], [107.4769432, 11.6087909], [107.4723854, 11.6080193], [107.4683712, 11.6033624], [107.4673505, 11.5981815], [107.4650985, 11.5961428], [107.4615991, 11.5966239], [107.4607172, 11.5926308], [107.4628168, 11.5849946], [107.4672405, 11.5807212], [107.4654799, 11.5791582], [107.467562, 11.5750722], [107.4654416, 11.5727445], [107.4690555, 11.5654026], [107.4726062, 11.5629247], [107.4791624, 11.5672795], [107.4843543, 11.5679289], [107.4913824, 11.5652976], [107.4932572, 11.5611484], [107.5004482, 11.5519956], [107.5101751, 11.5493399], [107.5109891, 11.5417711], [107.5091402, 11.5370159], [107.506218, 11.5339525], [107.5064124, 11.5313527], [107.5009919, 11.5254348], [107.4993782, 11.5200176], [107.5020722, 11.519281], [107.5066203, 11.5175799], [107.5109381, 11.5177699], [107.5122819, 11.5230208], [107.5103893, 11.5259228], [107.5142518, 11.528143], [107.5153477, 11.5307172], [107.5204361, 11.5338718], [107.5277818, 11.5360405], [107.5302261, 11.5397048], [107.5291142, 11.5444264], [107.5270635, 11.545582], [107.5293091, 11.5510169], [107.5295215, 11.5620354], [107.5318648, 11.5655642], [107.5456373, 11.5641219], [107.5500988, 11.5608964], [107.55637, 11.5621984], [107.5576774, 11.5603698], [107.5635394, 11.5685893], [107.5664802, 11.5664415], [107.5716543, 11.5725775], [107.5723048, 11.5761142], [107.5780464, 11.5794068], [107.5817225, 11.5827383], [107.5864958, 11.5900463], [107.594664, 11.596091], [107.5925915, 11.5984169], [107.6001587, 11.5998898], [107.5973578, 11.6048397], [107.603923, 11.6056484], [107.6087929, 11.612014], [107.6155481, 11.614646], [107.6128627, 11.6188263], [107.614692, 11.6204496], [107.6139049, 11.6269767], [107.6166879, 11.6327457], [107.6222748, 11.6363203], [107.6263077, 11.6355493], [107.633815, 11.6381507], [107.6380342, 11.6442322], [107.6400652, 11.6447364]]]}, "properties": {"new_ward_code": "1005901", "name": "Xã Đạ Tẻh 3"}}, {"type": "Feature", "geometry": {"type": "Polygon", "coordinates": [[[107.4556232, 11.6604217], [107.4564379, 11.6502425], [107.4518133, 11.6448217], [107.4483167, 11.6435747], [107.4437411, 11.6380432], [107.4408076, 11.6367524], [107.4358699, 11.6321639], [107.4359118, 11.6279249], [107.4313823, 11.6224264], [107.4282444, 11.6226826], [107.4263317, 11.6192896], [107.430674, 11.6163835], [107.431754, 11.6108115], [107.4287936, 11.6049754], [107.4296084, 11.601377], [107.4233224, 11.5992542], [107.4221168, 11.5969275], [107.423741, 11.5932274], [107.4211785, 11.5887286], [107.4159735, 11.584058], [107.4162057, 11.5802057], [107.4144279, 11.5763702], [107.4102777, 11.5713992], [107.4102488, 11.5673302], [107.4061265, 11.564507], [107.4076283, 11.5608778], [107.4057027, 11.5561817], [107.4084697, 11.554156], [107.410098, 11.5489236], [107.4025058, 11.5419351], [107.3995703, 11.5417257], [107.3989695, 11.5327011], [107.4017798, 11.5294675], [107.4098659, 11.5279388], [107.4109837, 11.52164], [107.4143135, 11.5156192], [107.4210158, 11.5109491], [107.4241991, 11.5152882], [107.4291551, 11.5188825], [107.4329243, 11.5150832], [107.4411847, 11.5110046], [107.447099, 11.5052886], [107.4529731, 11.5017251], [107.4552401, 11.4918183], [107.4622491, 11.4888068], [107.467729, 11.4815267], [107.470787, 11.4794706], [107.4768341, 11.4844774], [107.4822008, 11.4867779], [107.4835181, 11.4906404], [107.4868928, 11.4950292], [107.4856003, 11.5000055], [107.4907496, 11.5012597], [107.4932308, 11.5085477], [107.495674, 11.5102788], [107.5020722, 11.519281], [107.4993782, 11.5200176], [107.5009919, 11.5254348], [107.5064124, 11.5313527], [107.506218, 11.5339525], [107.5091402, 11.5370159], [107.5109891, 11.5417711], [107.5101751, 11.5493399], [107.5004482, 11.5519956], [107.4932572, 11.5611484], [107.4913824, 11.5652976], [107.4843543, 11.5679289], [107.4791624, 11.5672795], [107.4726062, 11.5629247], [107.4690555, 11.5654026], [107.4654416, 11.5727445], [107.467562, 11.5750722], [107.4654799, 11.5791582], [107.4672405, 11.5807212], [107.4628168, 11.5849946], [107.4607172, 11.5926308], [107.4615991, 11.5966239], [107.4650985, 11.5961428], [107.4673505, 11.5981815], [107.4683712, 11.6033624], [107.4723854, 11.6080193], [107.4769432, 11.6087909], [107.4799381, 11.6138787], [107.4800508, 11.6183436], [107.4852405, 11.6247963], [107.4851295, 11.6289943], [107.4869794, 11.6328777], [107.4844504, 11.6350262], [107.4851391, 11.64008], [107.4829891, 11.6475201], [107.4874957, 11.6522222], [107.4892009, 11.6591856], [107.4919292, 11.6642062], [107.4980664, 11.6621871], [107.5035328, 11.6591294], [107.5051528, 11.6674722], [107.5083244, 11.6713436], [107.5114157, 11.6725452], [107.515474, 11.6792452], [107.5125235, 11.6906448], [107.514041, 11.6930386], [107.5105154, 11.693821], [107.5079183, 11.6920661], [107.5031841, 11.6948788], [107.4983676, 11.6916053], [107.4969041, 11.6949781], [107.48833, 11.6994226], [107.4879506, 11.7022662], [107.4838375, 11.7059589], [107.4829388, 11.7021226], [107.478555, 11.7017285], [107.4767089, 11.6966921], [107.4721623, 11.6958625], [107.469434, 11.6994105], [107.4662699, 11.6996635], [107.463881, 11.691364], [107.4609512, 11.6883602], [107.4592943, 11.6828752], [107.4632125, 11.6763995], [107.4593474, 11.671689], [107.4599124, 11.6695333], [107.4556232, 11.6604217]]]}, "properties": {"new_ward_code": "1005899", "name": "Xã Đạ Tẻh"}}, {"type": "Feature", "geometry": {"type": "Polygon", "coordinates": [[[107.6143017, 11.3422786], [107.6213447, 11.3397176], [107.6295363, 11.3378675], [107.6460847, 11.3376799], [107.6574377, 11.3319559], [107.6700748, 11.3248423], [107.6777483, 11.3240328], [107.6832998, 11.3225308], [107.6933956, 11.3259077], [107.7137911, 11.336743], [107.7211082, 11.3462315], [107.7233827, 11.3538998], [107.7218909, 11.3587858], [107.7285958, 11.3608798], [107.734647, 11.3600768], [107.7371547, 11.3622205], [107.7382446, 11.3669853], [107.7494632, 11.3670218], [107.7524636, 11.3690104], [107.7693986, 11.3703193], [107.7954192, 11.3710575], [107.7969156, 11.3725597], [107.7958986, 11.3770973], [107.7968339, 11.3804689], [107.7954, 11.386091], [107.7983569, 11.3879205], [107.7990496, 11.3923289], [107.7979941, 11.3971113], [107.7948582, 11.3997479], [107.7825683, 11.3990432], [107.7715023, 11.410728], [107.7709151, 11.4132784], [107.7668476, 11.4154622], [107.7688891, 11.4186256], [107.7672131, 11.424892], [107.7413111, 11.4444793], [107.7451837, 11.4340108], [107.737731, 11.4341599], [107.7290797, 11.4312872], [107.7246898, 11.4356995], [107.7211677, 11.4325915], [107.7208408, 11.4261087], [107.7227109, 11.418975], [107.7228033, 11.410349], [107.715375, 11.4111829], [107.7105539, 11.4074054], [107.7073443, 11.4083203], [107.7005328, 11.4068756], [107.696687, 11.4041986], [107.6878858, 11.4054581], [107.6842677, 11.4028056], [107.677867, 11.4035518], [107.6712082, 11.4011401], [107.6609645, 11.4009235], [107.6578402, 11.3972136], [107.6538151, 11.3964404], [107.6491669, 11.3933136], [107.6437267, 11.3912301], [107.6395071, 11.3918326], [107.6379566, 11.3950565], [107.633587, 11.3933365], [107.6334321, 11.3874004], [107.6223278, 11.3899063], [107.6218794, 11.3872981], [107.6238544, 11.3798521], [107.6261061, 11.3784005], [107.6278816, 11.3714212], [107.6251086, 11.3642218], [107.6209874, 11.3587188], [107.6208272, 11.353591], [107.6143017, 11.3422786]]]}, "properties": {"new_ward_code": "1005898", "name": "Xã Đạ Huoai 3"}}, {"type": "Feature", "geometry": {"type": "Polygon", "coordinates": [[[107.5933595, 11.5116406], [107.5910843, 11.4954657], [107.5939058, 11.4889485], [107.5955889, 11.481862], [107.5912329, 11.4728092], [107.5770387, 11.4654174], [107.5754723, 11.4583514], [107.5689867, 11.4558751], [107.5671367, 11.4509319], [107.5692689, 11.441783], [107.5677517, 11.4393702], [107.5722181, 11.4338293], [107.5711465, 11.4283431], [107.5720376, 11.4214883], [107.5861502, 11.4224641], [107.5845891, 11.4176581], [107.5793803, 11.4137144], [107.5771303, 11.4065767], [107.5794347, 11.4028671], [107.5732853, 11.397181], [107.5711246, 11.3925909], [107.5677395, 11.3904505], [107.576362, 11.3817202], [107.5832213, 11.3729778], [107.586, 11.3683524], [107.5912411, 11.365201], [107.5931951, 11.3592098], [107.6143017, 11.3422786], [107.6208272, 11.353591], [107.6209874, 11.3587188], [107.6251086, 11.3642218], [107.6278816, 11.3714212], [107.6261061, 11.3784005], [107.6238544, 11.3798521], [107.6218794, 11.3872981], [107.6223278, 11.3899063], [107.6334321, 11.3874004], [107.633587, 11.3933365], [107.6379566, 11.3950565], [107.6395071, 11.3918326], [107.6437267, 11.3912301], [107.6491669, 11.3933136], [107.6538151, 11.3964404], [107.6578402, 11.3972136], [107.6609645, 11.4009235], [107.6712082, 11.4011401], [107.677867, 11.4035518], [107.6842677, 11.4028056], [107.6878858, 11.4054581], [107.696687, 11.4041986], [107.7005328, 11.4068756], [107.7073443, 11.4083203], [107.7105539, 11.4074054], [107.715375, 11.4111829], [107.7228033, 11.410349], [107.7227109, 11.418975], [107.7208408, 11.4261087], [107.7211677, 11.4325915], [107.7246898, 11.4356995], [107.7290797, 11.4312872], [107.737731, 11.4341599], [107.7451837, 11.4340108], [107.7413111, 11.4444793], [107.7327828, 11.4465891], [107.7244019, 11.4471764], [107.7214537, 11.453442], [107.7185341, 11.4552803], [107.7154498, 11.467521], [107.7125557, 11.4715323], [107.7122738, 11.4768648], [107.7055836, 11.4869009], [107.7059532, 11.4908504], [107.7035236, 11.4965998], [107.6981258, 11.5010091], [107.6960655, 11.5012456], [107.6938621, 11.5315681], [107.6808618, 11.5446928], [107.6714082, 11.5680386], [107.6677975, 11.5810533], [107.6613182, 11.5805615], [107.6572858, 11.5772347], [107.6511056, 11.5773146], [107.6514995, 11.5723504], [107.6556791, 11.570498], [107.6563901, 11.5628741], [107.6494074, 11.5635528], [107.6443589, 11.5594268], [107.6452931, 11.5570305], [107.6422137, 11.5540138], [107.6392824, 11.5485626], [107.6368083, 11.5478891], [107.6315453, 11.5432402], [107.6272065, 11.5433479], [107.6216408, 11.5359184], [107.6190233, 11.5285134], [107.6167368, 11.5257337], [107.6018547, 11.5193432], [107.5983569, 11.5148153], [107.5933595, 11.5116406]]]}, "properties": {"new_ward_code": "1005897", "name": "Xã Đạ Huoai 2"}}, {"type": "Feature", "geometry": {"type": "Polygon", "coordinates": [[[107.474964, 11.4361632], [107.4791832, 11.4308233], [107.4861724, 11.4296742], [107.4888235, 11.4235551], [107.4867355, 11.4147195], [107.4864673, 11.4038505], [107.4877142, 11.3963102], [107.491892, 11.3969477], [107.4977339, 11.3948856], [107.4980503, 11.3909133], [107.5019954, 11.3896321], [107.501604, 11.3836892], [107.5034141, 11.3826912], [107.5127147, 11.3846092], [107.5158004, 11.3799654], [107.5165683, 11.3744845], [107.5251837, 11.3691211], [107.5273117, 11.3649294], [107.530694, 11.3622905], [107.5314682, 11.359312], [107.5349897, 11.3550464], [107.5407878, 11.3590245], [107.5443042, 11.3665313], [107.5581611, 11.3720293], [107.568469, 11.3826585], [107.576362, 11.3817202], [107.5677395, 11.3904505], [107.5711246, 11.3925909], [107.5732853, 11.397181], [107.5794347, 11.4028671], [107.5771303, 11.4065767], [107.5793803, 11.4137144], [107.5845891, 11.4176581], [107.5861502, 11.4224641], [107.5720376, 11.4214883], [107.5711465, 11.4283431], [107.5722181, 11.4338293], [107.5677517, 11.4393702], [107.5692689, 11.441783], [107.5671367, 11.4509319], [107.5689867, 11.4558751], [107.5754723, 11.4583514], [107.5770387, 11.4654174], [107.5912329, 11.4728092], [107.5955889, 11.481862], [107.5939058, 11.4889485], [107.5910843, 11.4954657], [107.5933595, 11.5116406], [107.5887296, 11.5100555], [107.5842715, 11.5068751], [107.5838757, 11.4971044], [107.5762519, 11.4956904], [107.5698388, 11.4905534], [107.5616486, 11.4856231], [107.5605277, 11.4824785], [107.5554182, 11.4790571], [107.5490177, 11.4781426], [107.5448608, 11.4731343], [107.5284424, 11.4683274], [107.5140477, 11.4737334], [107.5103837, 11.472509], [107.5062203, 11.4745204], [107.504183, 11.4720637], [107.497648, 11.4729433], [107.4938566, 11.4679307], [107.4879759, 11.4630174], [107.4835825, 11.461824], [107.4822281, 11.4584401], [107.4821717, 11.4446527], [107.4797661, 11.4390327], [107.474964, 11.4361632]]]}, "properties": {"new_ward_code": "1005896", "name": "Xã Đạ Huoai"}}, {"type": "Feature", "geometry": {"type": "Polygon", "coordinates": [[[107.8049363, 11.5436669], [107.8138322, 11.5433682], [107.8218037, 11.5409294], [107.8261107, 11.5449711], [107.8290132, 11.5440618], [107.8326798, 11.539235], [107.8364006, 11.5314052], [107.8463539, 11.5353817], [107.8506589, 11.5381858], [107.8565272, 11.5444323], [107.8654164, 11.5447728], [107.8649511, 11.5478634], [107.8612348, 11.5517197], [107.8657013, 11.555374], [107.8655881, 11.5612771], [107.8744059, 11.5619497], [107.8787569, 11.5601476], [107.8776231, 11.5642702], [107.8828586, 11.5708988], [107.8799197, 11.5745458], [107.8829969, 11.5778669], [107.8870711, 11.5794314], [107.8909784, 11.5929445], [107.8935635, 11.5945387], [107.8895252, 11.5968695], [107.8909162, 11.5998215], [107.8881268, 11.6025498], [107.8842857, 11.6009697], [107.8796312, 11.6011236], [107.8716837, 11.5983573], [107.8634906, 11.6035919], [107.8591427, 11.6031216], [107.8442243, 11.6056044], [107.8435269, 11.5962193], [107.8365263, 11.5945798], [107.8345506, 11.5930788], [107.8294846, 11.5983394], [107.8283322, 11.6012036], [107.8151005, 11.6044498], [107.8103464, 11.597627], [107.8077516, 11.5978877], [107.8031784, 11.5919155], [107.8064115, 11.5877377], [107.8067189, 11.5813711], [107.8081915, 11.5758804], [107.8137088, 11.5694127], [107.8098093, 11.566826], [107.8088835, 11.5524319], [107.8049363, 11.5436669]]]}, "properties": {"new_ward_code": "1005908", "name": "Phường 1 Bảo Lộc"}}, {"type": "Feature", "geometry": {"type": "Polygon", "coordinates": [[[107.6677975, 11.5810533], [107.6714082, 11.5680386], [107.6808618, 11.5446928], [107.6938621, 11.5315681], [107.6960655, 11.5012456], [107.701705, 11.5047878], [107.7027565, 11.5087585], [107.7086258, 11.5102625], [107.7094195, 11.519314], [107.7178276, 11.5241178], [107.7226234, 11.5229283], [107.7238199, 11.5285356], [107.7227784, 11.5302515], [107.7262872, 11.5365468], [107.7283292, 11.5374915], [107.7324623, 11.5351483], [107.7332446, 11.5405149], [107.7356011, 11.541287], [107.7406763, 11.5397271], [107.7427107, 11.5450816], [107.7522297, 11.5481568], [107.7536116, 11.5530767], [107.7561352, 11.5556221], [107.7652561, 11.5606103], [107.7698627, 11.5585153], [107.7797279, 11.5685481], [107.7787743, 11.5741654], [107.7821848, 11.5803227], [107.7837726, 11.5756587], [107.7824315, 11.5702903], [107.7856797, 11.5628433], [107.7868894, 11.5500063], [107.7854302, 11.5489709], [107.7943745, 11.538531], [107.7976087, 11.5395869], [107.8026393, 11.5434076], [107.8049363, 11.5436669], [107.8088835, 11.5524319], [107.8098093, 11.566826], [107.8137088, 11.5694127], [107.8081915, 11.5758804], [107.8067189, 11.5813711], [107.8064115, 11.5877377], [107.8031784, 11.5919155], [107.8077516, 11.5978877], [107.7972239, 11.602357], [107.7889909, 11.6071957], [107.7890941, 11.6108802], [107.7861303, 11.6130004], [107.7753022, 11.6127482], [107.7746129, 11.6211186], [107.7720299, 11.628025], [107.7663088, 11.6357651], [107.7600029, 11.6355654], [107.7590132, 11.642225], [107.7520139, 11.6463591], [107.7477589, 11.6465122], [107.7462673, 11.6507706], [107.7380463, 11.6541357], [107.7331458, 11.6527332], [107.7298763, 11.6553739], [107.7278831, 11.6533883], [107.7238291, 11.6557224], [107.7112167, 11.6600925], [107.7072465, 11.6597415], [107.701254, 11.6613618], [107.6932883, 11.6659907], [107.691502, 11.6633113], [107.6953485, 11.6591184], [107.6947367, 11.6567967], [107.6871054, 11.6565882], [107.680698, 11.6578251], [107.6714415, 11.6575973], [107.668689, 11.6568969], [107.6603591, 11.6604882], [107.6542327, 11.6609656], [107.6524034, 11.6593033], [107.6486716, 11.6629223], [107.6441556, 11.6575454], [107.6414539, 11.6563751], [107.6377209, 11.6474334], [107.6400652, 11.6447364], [107.6499172, 11.6432143], [107.6570319, 11.6384036], [107.6573192, 11.6298896], [107.6587254, 11.6229341], [107.6608562, 11.6183644], [107.6591259, 11.6135924], [107.6604594, 11.6065401], [107.6684189, 11.6004075], [107.6731114, 11.5997375], [107.6733702, 11.5941646], [107.6674855, 11.5904599], [107.6680005, 11.5874014], [107.6651095, 11.5830963], [107.6677975, 11.5810533]]]}, "properties": {"new_ward_code": "1005909", "name": "Phường 2 Bảo Lộc"}}, {"type": "Feature", "geometry": {"type": "Polygon", "coordinates": [[[107.7413111, 11.4444793], [107.7556774, 11.4478953], [107.7615318, 11.4466086], [107.7640423, 11.44776], [107.7688532, 11.4467804], [107.7721065, 11.4439895], [107.7731668, 11.4503598], [107.7802178, 11.4453444], [107.7817159, 11.4412726], [107.7843794, 11.4390998], [107.8024328, 11.4544556], [107.8003343, 11.4606528], [107.8043383, 11.4667344], [107.8032435, 11.4690199], [107.8049894, 11.4808777], [107.8019607, 11.4839175], [107.8034091, 11.4861307], [107.8026696, 11.4913485], [107.8061142, 11.4953989], [107.8015618, 11.4973372], [107.8070889, 11.5138543], [107.8049245, 11.5191164], [107.7997532, 11.5161539], [107.7951236, 11.5167935], [107.7919755, 11.5194704], [107.7870557, 11.5199731], [107.7860317, 11.5225723], [107.7901402, 11.528851], [107.7953786, 11.5294554], [107.7921224, 11.5379782], [107.7943745, 11.538531], [107.7854302, 11.5489709], [107.7868894, 11.5500063], [107.7856797, 11.5628433], [107.7824315, 11.5702903], [107.7837726, 11.5756587], [107.7821848, 11.5803227], [107.7787743, 11.5741654], [107.7797279, 11.5685481], [107.7698627, 11.5585153], [107.7652561, 11.5606103], [107.7561352, 11.5556221], [107.7536116, 11.5530767], [107.7522297, 11.5481568], [107.7427107, 11.5450816], [107.7406763, 11.5397271], [107.7356011, 11.541287], [107.7332446, 11.5405149], [107.7324623, 11.5351483], [107.7283292, 11.5374915], [107.7262872, 11.5365468], [107.7227784, 11.5302515], [107.7238199, 11.5285356], [107.7226234, 11.5229283], [107.7178276, 11.5241178], [107.7094195, 11.519314], [107.7086258, 11.5102625], [107.7027565, 11.5087585], [107.701705, 11.5047878], [107.6960655, 11.5012456], [107.6981258, 11.5010091], [107.7035236, 11.4965998], [107.7059532, 11.4908504], [107.7055836, 11.4869009], [107.7122738, 11.4768648], [107.7125557, 11.4715323], [107.7154498, 11.467521], [107.7185341, 11.4552803], [107.7214537, 11.453442], [107.7244019, 11.4471764], [107.7327828, 11.4465891], [107.7413111, 11.4444793]]]}, "properties": {"new_ward_code": "1005910", "name": "Phường 3 Bảo Lộc"}}, {"type": "Feature", "geometry": {"type": "Polygon", "coordinates": [[[107.8049363, 11.5436669], [107.8026393, 11.5434076], [107.7976087, 11.5395869], [107.7943745, 11.538531], [107.7921224, 11.5379782], [107.7953786, 11.5294554], [107.7901402, 11.528851], [107.7860317, 11.5225723], [107.7870557, 11.5199731], [107.7919755, 11.5194704], [107.7951236, 11.5167935], [107.7997532, 11.5161539], [107.8049245, 11.5191164], [107.8060531, 11.5203639], [107.8128585, 11.5158469], [107.8165365, 11.5172624], [107.8232092, 11.5165644], [107.8286291, 11.5088544], [107.8264849, 11.5052511], [107.83092, 11.5027876], [107.8366363, 11.5055073], [107.8420126, 11.5062961], [107.8460294, 11.5027344], [107.8526754, 11.5034235], [107.8569031, 11.5066769], [107.8594686, 11.5057145], [107.8664264, 11.5093602], [107.8647044, 11.5122296], [107.8671062, 11.51463], [107.8734264, 11.5088973], [107.877524, 11.511981], [107.883534, 11.5187961], [107.8837097, 11.522071], [107.8798395, 11.5232743], [107.880792, 11.526083], [107.8770036, 11.5362906], [107.8738966, 11.5389728], [107.870473, 11.5386088], [107.8672117, 11.5406545], [107.8731361, 11.5467151], [107.8737008, 11.5513777], [107.8775635, 11.5529717], [107.8797589, 11.5572862], [107.8787569, 11.5601476], [107.8744059, 11.5619497], [107.8655881, 11.5612771], [107.8657013, 11.555374], [107.8612348, 11.5517197], [107.8649511, 11.5478634], [107.8654164, 11.5447728], [107.8565272, 11.5444323], [107.8506589, 11.5381858], [107.8463539, 11.5353817], [107.8364006, 11.5314052], [107.8326798, 11.539235], [107.8290132, 11.5440618], [107.8261107, 11.5449711], [107.8218037, 11.5409294], [107.8138322, 11.5433682], [107.8049363, 11.5436669]]]}, "properties": {"new_ward_code": "1005911", "name": "Phường B'Lao"}}, {"type": "Feature", "geometry": {"type": "Polygon", "coordinates": [[[107.7278831, 11.6533883], [107.7231708, 11.6631695], [107.7223045, 11.6665029], [107.7332747, 11.6696209], [107.7354478, 11.6655912], [107.7456138, 11.6615753], [107.7498737, 11.6640916], [107.7547216, 11.6601355], [107.7590078, 11.6636738], [107.7630848, 11.6624445], [107.770806, 11.6629344], [107.7764824, 11.6580077], [107.7787426, 11.6592791], [107.7750528, 11.6688014], [107.7699351, 11.6712364], [107.7718452, 11.6791686], [107.7700277, 11.6834844], [107.772038, 11.686479], [107.7794677, 11.6901746], [107.7869634, 11.6837758], [107.7917649, 11.682775], [107.7998571, 11.6789867], [107.8076164, 11.6813602], [107.8064932, 11.6910255], [107.8093918, 11.6930389], [107.8126145, 11.6995713], [107.8157043, 11.7023354], [107.8129075, 11.7090901], [107.8182605, 11.7078995], [107.8203271, 11.7139533], [107.8261771, 11.7157891], [107.8336993, 11.721219], [107.840071, 11.7205725], [107.8464566, 11.7280179], [107.8450683, 11.7341208], [107.8475875, 11.7360789], [107.8508169, 11.743273], [107.8598625, 11.7461821], [107.8611449, 11.7445459], [107.8663984, 11.7456545], [107.8674478, 11.7409495], [107.862161, 11.7363668], [107.8630147, 11.7311729], [107.8671022, 11.729918], [107.8695798, 11.7264736], [107.8742403, 11.7321778], [107.8788432, 11.73421], [107.8799164, 11.7285199], [107.8751099, 11.7210876], [107.877525, 11.7162032], [107.8771302, 11.7079452], [107.884068, 11.7075234], [107.8904255, 11.7110673], [107.9007894, 11.7074963], [107.9076397, 11.7086572], [107.9093231, 11.710118], [107.9153564, 11.7083583], [107.9186652, 11.7127986], [107.922635, 11.7151546], [107.9288543, 11.7144565], [107.9304624, 11.7105908], [107.9334683, 11.7105281], [107.9353319, 11.7074838], [107.9359409, 11.7009701], [107.9391441, 11.6988622], [107.9465916, 11.6991056], [107.9510122, 11.7006984], [107.9553241, 11.7001528], [107.958169, 11.6979395], [107.9588056, 11.6936393], [107.9628119, 11.6894042], [107.9670492, 11.6867429], [107.9643078, 11.6911444], [107.963798, 11.7021617], [107.9615345, 11.7092723], [107.9504237, 11.7210456], [107.9490898, 11.7265958], [107.9445458, 11.7294227], [107.9378897, 11.7293682], [107.9354359, 11.7316374], [107.9321193, 11.7302897], [107.9195547, 11.7343922], [107.9160642, 11.7414715], [107.9165851, 11.7438094], [107.9129049, 11.7462988], [107.9136322, 11.7486041], [107.9087916, 11.7553615], [107.904597, 11.7551348], [107.9048771, 11.7592819], [107.9116738, 11.7622778], [107.9109353, 11.7660142], [107.9129228, 11.7697478], [107.9056094, 11.7703518], [107.9025749, 11.7766219], [107.9050884, 11.7833017], [107.9036659, 11.7875714], [107.8973722, 11.7910495], [107.8963865, 11.7934449], [107.8973555, 11.8002503], [107.8965188, 11.8035434], [107.8992172, 11.8081756], [107.8942234, 11.8145305], [107.8916345, 11.8204078], [107.890601, 11.8273337], [107.8900602, 11.8384272], [107.8914836, 11.8427487], [107.8983532, 11.8473051], [107.9004166, 11.8534807], [107.8985591, 11.8630251], [107.896886, 11.8668315], [107.8935784, 11.8699605], [107.8878303, 11.8732524], [107.8839619, 11.8737984], [107.8774504, 11.8722853], [107.8700338, 11.8745008], [107.867326, 11.8725545], [107.8628209, 11.873529], [107.85182, 11.8735642], [107.8500795, 11.8714247], [107.844334, 11.8687073], [107.838666, 11.8705619], [107.8376196, 11.8765135], [107.8303705, 11.8771631], [107.8265731, 11.8742416], [107.824454, 11.8645314], [107.8216969, 11.8630091], [107.8151841, 11.8675376], [107.8124715, 11.8671933], [107.8088676, 11.8618044], [107.8015208, 11.8596978], [107.792567, 11.8608401], [107.7859642, 11.8587732], [107.7810243, 11.8530837], [107.7738783, 11.8493183], [107.7714212, 11.8499735], [107.7691446, 11.8483947], [107.7726265, 11.8440839], [107.7723198, 11.8391955], [107.7748042, 11.8306694], [107.7742526, 11.8274497], [107.7663567, 11.8183214], [107.7630509, 11.8068263], [107.758931, 11.8033473], [107.7589052, 11.7954858], [107.7568513, 11.7901633], [107.750929, 11.7788256], [107.7511007, 11.7744091], [107.7487283, 11.7727111], [107.7476573, 11.7681956], [107.7495224, 11.7633565], [107.7468183, 11.7593798], [107.7428073, 11.7587223], [107.7375085, 11.754887], [107.7353481, 11.7452318], [107.7325375, 11.7434056], [107.7286446, 11.7321229], [107.725294, 11.7326621], [107.7209609, 11.7296539], [107.719524, 11.7254709], [107.7205933, 11.7211442], [107.7190438, 11.7189715], [107.7198939, 11.7131882], [107.7156835, 11.7061637], [107.7093646, 11.7020252], [107.7076079, 11.6960903], [107.708052, 11.6923754], [107.7045879, 11.6902976], [107.6996721, 11.6903274], [107.6920039, 11.6871851], [107.694245, 11.6776926], [107.6905024, 11.6760047], [107.6879288, 11.6700622], [107.6813632, 11.6680291], [107.6795125, 11.6642202], [107.6727353, 11.6622244], [107.6714415, 11.6575973], [107.680698, 11.6578251], [107.6871054, 11.6565882], [107.6947367, 11.6567967], [107.6953485, 11.6591184], [107.691502, 11.6633113], [107.6932883, 11.6659907], [107.701254, 11.6613618], [107.7072465, 11.6597415], [107.7112167, 11.6600925], [107.7238291, 11.6557224], [107.7278831, 11.6533883]]]}, "properties": {"new_ward_code": "1005869", "name": "Xã Bảo Lâm 4"}}, {"type": "Feature", "geometry": {"type": "Polygon", "coordinates": [[[107.4838375, 11.7059589], [107.4879506, 11.7022662], [107.48833, 11.6994226], [107.4969041, 11.6949781], [107.4983676, 11.6916053], [107.5031841, 11.6948788], [107.5079183, 11.6920661], [107.5105154, 11.693821], [107.514041, 11.6930386], [107.5240087, 11.6905345], [107.5250443, 11.6918931], [107.5349634, 11.6957997], [107.5437283, 11.6911675], [107.5507882, 11.6944723], [107.5547137, 11.6896162], [107.5649878, 11.6861335], [107.5663923, 11.6838253], [107.5786005, 11.6829702], [107.5832406, 11.678698], [107.5966805, 11.678578], [107.5975389, 11.6764136], [107.6037676, 11.6741624], [107.6069588, 11.6713073], [107.6195974, 11.6682707], [107.621684, 11.664672], [107.6346308, 11.6593892], [107.6394403, 11.6597861], [107.6441556, 11.6575454], [107.6486716, 11.6629223], [107.6524034, 11.6593033], [107.6542327, 11.6609656], [107.6603591, 11.6604882], [107.668689, 11.6568969], [107.6714415, 11.6575973], [107.6727353, 11.6622244], [107.6795125, 11.6642202], [107.6813632, 11.6680291], [107.6879288, 11.6700622], [107.6905024, 11.6760047], [107.694245, 11.6776926], [107.6920039, 11.6871851], [107.6996721, 11.6903274], [107.7045879, 11.6902976], [107.708052, 11.6923754], [107.7076079, 11.6960903], [107.7093646, 11.7020252], [107.7156835, 11.7061637], [107.7198939, 11.7131882], [107.7190438, 11.7189715], [107.7205933, 11.7211442], [107.719524, 11.7254709], [107.7209609, 11.7296539], [107.725294, 11.7326621], [107.7286446, 11.7321229], [107.7325375, 11.7434056], [107.7353481, 11.7452318], [107.7375085, 11.754887], [107.7428073, 11.7587223], [107.7468183, 11.7593798], [107.7495224, 11.7633565], [107.7476573, 11.7681956], [107.7487283, 11.7727111], [107.7511007, 11.7744091], [107.750929, 11.7788256], [107.7568513, 11.7901633], [107.7589052, 11.7954858], [107.758931, 11.8033473], [107.7630509, 11.8068263], [107.7663567, 11.8183214], [107.7742526, 11.8274497], [107.7748042, 11.8306694], [107.7723198, 11.8391955], [107.7726265, 11.8440839], [107.7691446, 11.8483947], [107.7714212, 11.8499735], [107.7671323, 11.8547347], [107.7617158, 11.8570308], [107.7591342, 11.8607243], [107.7519885, 11.8666091], [107.7453613, 11.8680226], [107.7366114, 11.8732621], [107.7335578, 11.8731025], [107.7308866, 11.870278], [107.7260332, 11.8734133], [107.7276324, 11.8774417], [107.7308464, 11.8782382], [107.7308736, 11.883232], [107.7266097, 11.8872233], [107.7270277, 11.8920024], [107.7226516, 11.8976599], [107.7254978, 11.9002947], [107.7299049, 11.8999556], [107.7333912, 11.9016327], [107.7324915, 11.9088366], [107.7276703, 11.9152806], [107.7223367, 11.9162689], [107.7192301, 11.9186819], [107.709852, 11.9223847], [107.705442, 11.920757], [107.702599, 11.9167376], [107.693022, 11.9183495], [107.6887486, 11.9200941], [107.6829725, 11.9153925], [107.6730904, 11.913224], [107.675018, 11.9075658], [107.6751574, 11.9015357], [107.6714278, 11.8964208], [107.6776097, 11.8906341], [107.6732854, 11.8857524], [107.6688048, 11.8861093], [107.6654412, 11.887995], [107.6620067, 11.8871156], [107.6592102, 11.8813678], [107.6587621, 11.8757275], [107.6527736, 11.8764024], [107.6478562, 11.8743946], [107.64098, 11.8671352], [107.6366959, 11.8657744], [107.6328749, 11.8670082], [107.6288029, 11.8647734], [107.6260097, 11.860549], [107.6267384, 11.8558349], [107.6238097, 11.8507372], [107.6201915, 11.8474244], [107.6204591, 11.8429929], [107.618851, 11.8389874], [107.6155781, 11.8376746], [107.6111812, 11.8396322], [107.6057247, 11.8388112], [107.5996069, 11.8326998], [107.5924966, 11.8272656], [107.589185, 11.8264045], [107.5778489, 11.8210199], [107.570891, 11.8129374], [107.5636744, 11.8080264], [107.5575786, 11.7995019], [107.5556221, 11.7949978], [107.5512793, 11.790973], [107.5447468, 11.7893175], [107.5429534, 11.7920378], [107.5367521, 11.7971826], [107.5339405, 11.7967522], [107.5279277, 11.7991033], [107.5243697, 11.7975862], [107.5160129, 11.7995068], [107.5107692, 11.7978603], [107.5118496, 11.7945243], [107.5149374, 11.7934626], [107.5187623, 11.7832158], [107.518816, 11.779209], [107.5139927, 11.7735386], [107.5137359, 11.7693046], [107.5111958, 11.7676984], [107.5099325, 11.7625771], [107.5046225, 11.7580276], [107.4985865, 11.7467073], [107.4924397, 11.742284], [107.4908148, 11.738763], [107.4892491, 11.7301596], [107.4908083, 11.726674], [107.4901172, 11.7197487], [107.4944079, 11.7177286], [107.4892786, 11.7041062], [107.4838375, 11.7059589]]]}, "properties": {"new_ward_code": "1005870", "name": "Xã Bảo Lâm 5"}}, {"type": "Feature", "geometry": {"type": "Polygon", "coordinates": [[[107.8935635, 11.5945387], [107.89625, 11.5967335], [107.8974524, 11.6028504], [107.900786, 11.6107747], [107.9018119, 11.6209601], [107.8982976, 11.6249097], [107.8922662, 11.6255995], [107.8921589, 11.6285773], [107.8844668, 11.6373522], [107.8850013, 11.6434821], [107.8870194, 11.6488094], [107.8907565, 11.6537463], [107.8981799, 11.6567996], [107.9050394, 11.6556407], [107.9106194, 11.6606969], [107.9205418, 11.663688], [107.9240592, 11.6610059], [107.9290047, 11.6593778], [107.9365655, 11.6595774], [107.9444433, 11.6618336], [107.9583349, 11.6759049], [107.9612159, 11.6776186], [107.9674226, 11.6839186], [107.9670492, 11.6867429], [107.9628119, 11.6894042], [107.9588056, 11.6936393], [107.958169, 11.6979395], [107.9553241, 11.7001528], [107.9510122, 11.7006984], [107.9465916, 11.6991056], [107.9391441, 11.6988622], [107.9359409, 11.7009701], [107.9353319, 11.7074838], [107.9334683, 11.7105281], [107.9304624, 11.7105908], [107.9288543, 11.7144565], [107.922635, 11.7151546], [107.9186652, 11.7127986], [107.9153564, 11.7083583], [107.9093231, 11.710118], [107.9076397, 11.7086572], [107.9007894, 11.7074963], [107.8904255, 11.7110673], [107.884068, 11.7075234], [107.8771302, 11.7079452], [107.877525, 11.7162032], [107.8751099, 11.7210876], [107.8799164, 11.7285199], [107.8788432, 11.73421], [107.8742403, 11.7321778], [107.8695798, 11.7264736], [107.8671022, 11.729918], [107.8630147, 11.7311729], [107.862161, 11.7363668], [107.8674478, 11.7409495], [107.8663984, 11.7456545], [107.8611449, 11.7445459], [107.8598625, 11.7461821], [107.8508169, 11.743273], [107.8475875, 11.7360789], [107.8450683, 11.7341208], [107.8464566, 11.7280179], [107.840071, 11.7205725], [107.8336993, 11.721219], [107.8261771, 11.7157891], [107.8203271, 11.7139533], [107.8182605, 11.7078995], [107.8129075, 11.7090901], [107.8157043, 11.7023354], [107.8126145, 11.6995713], [107.8093918, 11.6930389], [107.8064932, 11.6910255], [107.8076164, 11.6813602], [107.7998571, 11.6789867], [107.7917649, 11.682775], [107.7869634, 11.6837758], [107.7794677, 11.6901746], [107.772038, 11.686479], [107.7700277, 11.6834844], [107.7718452, 11.6791686], [107.7699351, 11.6712364], [107.7750528, 11.6688014], [107.7787426, 11.6592791], [107.7764824, 11.6580077], [107.770806, 11.6629344], [107.7630848, 11.6624445], [107.7590078, 11.6636738], [107.7547216, 11.6601355], [107.7498737, 11.6640916], [107.7456138, 11.6615753], [107.7354478, 11.6655912], [107.7332747, 11.6696209], [107.7223045, 11.6665029], [107.7231708, 11.6631695], [107.7278831, 11.6533883], [107.7298763, 11.6553739], [107.7331458, 11.6527332], [107.7380463, 11.6541357], [107.7462673, 11.6507706], [107.7477589, 11.6465122], [107.7520139, 11.6463591], [107.7590132, 11.642225], [107.7600029, 11.6355654], [107.7663088, 11.6357651], [107.7720299, 11.628025], [107.7746129, 11.6211186], [107.7753022, 11.6127482], [107.7861303, 11.6130004], [107.7890941, 11.6108802], [107.7889909, 11.6071957], [107.7972239, 11.602357], [107.8077516, 11.5978877], [107.8103464, 11.597627], [107.8151005, 11.6044498], [107.8283322, 11.6012036], [107.8294846, 11.5983394], [107.8345506, 11.5930788], [107.8365263, 11.5945798], [107.8435269, 11.5962193], [107.8442243, 11.6056044], [107.8591427, 11.6031216], [107.8634906, 11.6035919], [107.8716837, 11.5983573], [107.8796312, 11.6011236], [107.8842857, 11.6009697], [107.8881268, 11.6025498], [107.8909162, 11.5998215], [107.8895252, 11.5968695], [107.8935635, 11.5945387]]]}, "properties": {"new_ward_code": "1005866", "name": "Xã Bảo Lâm 1"}}, {"type": "Feature", "geometry": {"type": "Polygon", "coordinates": [[[107.7969156, 11.3725597], [107.799126, 11.3711647], [107.8227803, 11.3708627], [107.860465, 11.3675319], [107.8876841, 11.3655547], [107.9096937, 11.3635487], [107.9283496, 11.3603153], [107.9189372, 11.3773604], [107.9122127, 11.3836248], [107.9100701, 11.3875152], [107.9066596, 11.3989795], [107.9079831, 11.410654], [107.9026736, 11.4146], [107.9004866, 11.4123821], [107.8962994, 11.4116583], [107.8897704, 11.4165935], [107.886064, 11.4217279], [107.888715, 11.4238407], [107.8874856, 11.4291997], [107.8846733, 11.4315454], [107.882244, 11.4376988], [107.8800841, 11.4376256], [107.8763303, 11.4340423], [107.871092, 11.4352122], [107.8669506, 11.433853], [107.8620771, 11.4389058], [107.8582978, 11.4386588], [107.858212, 11.4469135], [107.8528837, 11.4505684], [107.85216, 11.4628572], [107.8572928, 11.462649], [107.8575853, 11.4653954], [107.8532704, 11.466565], [107.8576809, 11.4718077], [107.8540358, 11.4764053], [107.8509083, 11.4782392], [107.8450477, 11.4852081], [107.8481002, 11.4882919], [107.8506131, 11.4987099], [107.8460294, 11.5027344], [107.8420126, 11.5062961], [107.8366363, 11.5055073], [107.83092, 11.5027876], [107.8264849, 11.5052511], [107.8286291, 11.5088544], [107.8232092, 11.5165644], [107.8165365, 11.5172624], [107.8128585, 11.5158469], [107.8060531, 11.5203639], [107.8049245, 11.5191164], [107.8070889, 11.5138543], [107.8015618, 11.4973372], [107.8061142, 11.4953989], [107.8026696, 11.4913485], [107.8034091, 11.4861307], [107.8019607, 11.4839175], [107.8049894, 11.4808777], [107.8032435, 11.4690199], [107.8043383, 11.4667344], [107.8003343, 11.4606528], [107.8024328, 11.4544556], [107.7843794, 11.4390998], [107.7817159, 11.4412726], [107.7802178, 11.4453444], [107.7731668, 11.4503598], [107.7721065, 11.4439895], [107.7688532, 11.4467804], [107.7640423, 11.44776], [107.7615318, 11.4466086], [107.7556774, 11.4478953], [107.7413111, 11.4444793], [107.7672131, 11.424892], [107.7688891, 11.4186256], [107.7668476, 11.4154622], [107.7709151, 11.4132784], [107.7715023, 11.410728], [107.7825683, 11.3990432], [107.7948582, 11.3997479], [107.7979941, 11.3971113], [107.7990496, 11.3923289], [107.7983569, 11.3879205], [107.7954, 11.386091], [107.7968339, 11.3804689], [107.7958986, 11.3770973], [107.7969156, 11.3725597]]]}, "properties": {"new_ward_code": "1005868", "name": "Xã Bảo Lâm 3"}}, {"type": "Feature", "geometry": {"type": "Polygon", "coordinates": [[[107.8787569, 11.5601476], [107.8797589, 11.5572862], [107.8775635, 11.5529717], [107.8737008, 11.5513777], [107.8731361, 11.5467151], [107.8672117, 11.5406545], [107.870473, 11.5386088], [107.8738966, 11.5389728], [107.8770036, 11.5362906], [107.880792, 11.526083], [107.8798395, 11.5232743], [107.8837097, 11.522071], [107.883534, 11.5187961], [107.877524, 11.511981], [107.8734264, 11.5088973], [107.8671062, 11.51463], [107.8647044, 11.5122296], [107.8664264, 11.5093602], [107.8594686, 11.5057145], [107.8569031, 11.5066769], [107.8526754, 11.5034235], [107.8460294, 11.5027344], [107.8506131, 11.4987099], [107.8481002, 11.4882919], [107.8450477, 11.4852081], [107.8509083, 11.4782392], [107.8540358, 11.4764053], [107.8576809, 11.4718077], [107.8532704, 11.466565], [107.8575853, 11.4653954], [107.8572928, 11.462649], [107.85216, 11.4628572], [107.8528837, 11.4505684], [107.858212, 11.4469135], [107.8582978, 11.4386588], [107.8620771, 11.4389058], [107.8669506, 11.433853], [107.871092, 11.4352122], [107.8763303, 11.4340423], [107.8800841, 11.4376256], [107.8753477, 11.450252], [107.878633, 11.4545853], [107.8773516, 11.4572844], [107.8777673, 11.4655818], [107.8750426, 11.4694621], [107.8802517, 11.4744573], [107.8871343, 11.4871124], [107.8844362, 11.4922395], [107.8850716, 11.4964868], [107.8884854, 11.5044492], [107.8941187, 11.4999615], [107.8975024, 11.5040456], [107.8982477, 11.5069234], [107.9035413, 11.5049553], [107.9099759, 11.5058017], [107.9129388, 11.5020934], [107.9181455, 11.5000047], [107.9188939, 11.5052119], [107.9168498, 11.5137758], [107.9166117, 11.5244699], [107.9203802, 11.5288378], [107.9247077, 11.5304556], [107.9315382, 11.5360256], [107.9270204, 11.5448577], [107.9270615, 11.5470331], [107.931917, 11.5477044], [107.9375598, 11.546887], [107.9384762, 11.5571878], [107.9361865, 11.5619893], [107.9314068, 11.5633294], [107.9374127, 11.5665277], [107.9421329, 11.5666956], [107.9444663, 11.5717951], [107.939797, 11.5754311], [107.9364467, 11.5743685], [107.928725, 11.5741594], [107.927213, 11.5797564], [107.9321129, 11.5832983], [107.932383, 11.5857567], [107.936213, 11.5889274], [107.9355776, 11.5987443], [107.9405064, 11.6062085], [107.9396653, 11.6118391], [107.9348722, 11.6187883], [107.9338991, 11.6267081], [107.9349267, 11.6305074], [107.9342043, 11.6350373], [107.9412548, 11.640527], [107.9418111, 11.6460788], [107.9444182, 11.650014], [107.9473838, 11.6571984], [107.9444433, 11.6618336], [107.9365655, 11.6595774], [107.9290047, 11.6593778], [107.9240592, 11.6610059], [107.9205418, 11.663688], [107.9106194, 11.6606969], [107.9050394, 11.6556407], [107.8981799, 11.6567996], [107.8907565, 11.6537463], [107.8870194, 11.6488094], [107.8850013, 11.6434821], [107.8844668, 11.6373522], [107.8921589, 11.6285773], [107.8922662, 11.6255995], [107.8982976, 11.6249097], [107.9018119, 11.6209601], [107.900786, 11.6107747], [107.8974524, 11.6028504], [107.89625, 11.5967335], [107.8935635, 11.5945387], [107.8909784, 11.5929445], [107.8870711, 11.5794314], [107.8829969, 11.5778669], [107.8799197, 11.5745458], [107.8828586, 11.5708988], [107.8776231, 11.5642702], [107.8787569, 11.5601476]]]}, "properties": {"new_ward_code": "1005867", "name": "Xã Bảo Lâm 2"}}, {"type": "Feature", "geometry": {"type": "Polygon", "coordinates": [[[107.8975024, 11.5040456], [107.9000545, 11.4937453], [107.8953938, 11.4920734], [107.8955075, 11.4899324], [107.9008167, 11.4848269], [107.9067152, 11.4849022], [107.9084222, 11.4830077], [107.9152089, 11.4830738], [107.9191434, 11.481687], [107.9218984, 11.4787577], [107.9273406, 11.4805293], [107.9287112, 11.4846325], [107.9267851, 11.4878933], [107.9300678, 11.4904786], [107.9353738, 11.4888985], [107.9370984, 11.4931355], [107.9402343, 11.4936118], [107.9514483, 11.4863016], [107.957443, 11.4859493], [107.9619064, 11.4839777], [107.9647267, 11.4868599], [107.9685971, 11.4861563], [107.9765495, 11.4903873], [107.9809353, 11.4872687], [107.9856276, 11.4881415], [107.9948343, 11.4856433], [107.9927848, 11.4872768], [107.9925853, 11.4922366], [107.994347, 11.4960835], [108.0002475, 11.4992193], [107.9982557, 11.5081416], [107.9996818, 11.5118957], [107.9953882, 11.5160492], [107.9925536, 11.5262764], [107.9925156, 11.5371215], [107.9874864, 11.5370269], [107.9870556, 11.5412784], [107.9840126, 11.5463047], [107.9790104, 11.5453681], [107.9706183, 11.5478777], [107.9651578, 11.5460956], [107.9624642, 11.5494803], [107.960578, 11.5584564], [107.9637645, 11.5643009], [107.9722434, 11.5646354], [107.9740486, 11.5688477], [107.9742175, 11.573814], [107.9805265, 11.5793259], [107.9827225, 11.5834525], [107.9801345, 11.5885864], [107.976087, 11.5898214], [107.978484, 11.5934398], [107.9778732, 11.5984176], [107.9808453, 11.6056307], [107.9790321, 11.6140114], [107.9744717, 11.6117574], [107.9713256, 11.6140015], [107.9692501, 11.619671], [107.9744536, 11.6245077], [107.9730534, 11.6269195], [107.960616, 11.6260709], [107.9469749, 11.6291461], [107.9435544, 11.6340811], [107.9399589, 11.6320902], [107.9372991, 11.6340133], [107.9349267, 11.6305074], [107.9338991, 11.6267081], [107.9348722, 11.6187883], [107.9396653, 11.6118391], [107.9405064, 11.6062085], [107.9355776, 11.5987443], [107.936213, 11.5889274], [107.932383, 11.5857567], [107.9321129, 11.5832983], [107.927213, 11.5797564], [107.928725, 11.5741594], [107.9364467, 11.5743685], [107.939797, 11.5754311], [107.9444663, 11.5717951], [107.9421329, 11.5666956], [107.9374127, 11.5665277], [107.9314068, 11.5633294], [107.9361865, 11.5619893], [107.9384762, 11.5571878], [107.9375598, 11.546887], [107.931917, 11.5477044], [107.9270615, 11.5470331], [107.9270204, 11.5448577], [107.9315382, 11.5360256], [107.9247077, 11.5304556], [107.9203802, 11.5288378], [107.9166117, 11.5244699], [107.9168498, 11.5137758], [107.9188939, 11.5052119], [107.9181455, 11.5000047], [107.9129388, 11.5020934], [107.9099759, 11.5058017], [107.9035413, 11.5049553], [107.8982477, 11.5069234], [107.8975024, 11.5040456]]]}, "properties": {"new_ward_code": "1005878", "name": "Xã Hòa Ninh"}}, {"type": "Feature", "geometry": {"type": "Polygon", "coordinates": [[[107.9670492, 11.6867429], [107.9674226, 11.6839186], [107.9612159, 11.6776186], [107.9583349, 11.6759049], [107.9444433, 11.6618336], [107.9473838, 11.6571984], [107.9444182, 11.650014], [107.9418111, 11.6460788], [107.9412548, 11.640527], [107.9342043, 11.6350373], [107.9349267, 11.6305074], [107.9372991, 11.6340133], [107.9399589, 11.6320902], [107.9435544, 11.6340811], [107.9469749, 11.6291461], [107.960616, 11.6260709], [107.9730534, 11.6269195], [107.9744536, 11.6245077], [107.9692501, 11.619671], [107.9713256, 11.6140015], [107.9744717, 11.6117574], [107.9790321, 11.6140114], [107.98165, 11.6171985], [107.9828637, 11.6219907], [107.9856813, 11.6218313], [107.9886536, 11.624535], [107.9935269, 11.6225047], [108.0151239, 11.621271], [108.0172241, 11.618205], [108.020101, 11.6212809], [108.0215593, 11.6257001], [108.021529, 11.6311965], [108.0232707, 11.6366616], [108.0286574, 11.6391176], [108.0318469, 11.6367672], [108.0361126, 11.6391453], [108.0407439, 11.6378312], [108.0442686, 11.6330854], [108.0467685, 11.6328436], [108.0531412, 11.6359653], [108.0577308, 11.6436961], [108.0550546, 11.6468988], [108.0574237, 11.6539531], [108.0522103, 11.6604491], [108.0559591, 11.6693933], [108.0657474, 11.6770701], [108.0712545, 11.680133], [108.0771315, 11.6853312], [108.0849822, 11.6844114], [108.0852386, 11.6892199], [108.0810799, 11.6985456], [108.0781775, 11.7029193], [108.075672, 11.7059426], [108.0692396, 11.7101254], [108.0626867, 11.7118728], [108.0498921, 11.7130771], [108.0442482, 11.7109257], [108.0386783, 11.7107667], [108.0334706, 11.7076071], [108.0283099, 11.7091055], [108.0276386, 11.7146679], [108.0191385, 11.7229539], [108.0141466, 11.726188], [108.0057324, 11.726999], [108.001501, 11.736795], [108.0093404, 11.7447165], [108.0089777, 11.7499733], [107.9914355, 11.7589261], [107.9914051, 11.763795], [107.9894086, 11.7657534], [107.986031, 11.7644553], [107.9819798, 11.7655286], [107.9771338, 11.7750345], [107.9729346, 11.778261], [107.9707302, 11.7828309], [107.9731106, 11.7910669], [107.9729169, 11.7953728], [107.9697194, 11.7978957], [107.9610357, 11.8106232], [107.957795, 11.8137043], [107.9491402, 11.8195003], [107.9440986, 11.820433], [107.9384916, 11.8148552], [107.9297498, 11.8103884], [107.9257685, 11.8035709], [107.9226281, 11.8005149], [107.9193356, 11.7998142], [107.9125711, 11.800924], [107.9032595, 11.805203], [107.8992172, 11.8081756], [107.8965188, 11.8035434], [107.8973555, 11.8002503], [107.8963865, 11.7934449], [107.8973722, 11.7910495], [107.9036659, 11.7875714], [107.9050884, 11.7833017], [107.9025749, 11.7766219], [107.9056094, 11.7703518], [107.9129228, 11.7697478], [107.9109353, 11.7660142], [107.9116738, 11.7622778], [107.9048771, 11.7592819], [107.904597, 11.7551348], [107.9087916, 11.7553615], [107.9136322, 11.7486041], [107.9129049, 11.7462988], [107.9165851, 11.7438094], [107.9160642, 11.7414715], [107.9195547, 11.7343922], [107.9321193, 11.7302897], [107.9354359, 11.7316374], [107.9378897, 11.7293682], [107.9445458, 11.7294227], [107.9490898, 11.7265958], [107.9504237, 11.7210456], [107.9615345, 11.7092723], [107.963798, 11.7021617], [107.9643078, 11.6911444], [107.9670492, 11.6867429]]]}, "properties": {"new_ward_code": "1005880", "name": "Xã Đinh Trang Thượng"}}, {"type": "Feature", "geometry": {"type": "Polygon", "coordinates": [[[107.9948343, 11.4856433], [107.993807, 11.4819995], [107.9944588, 11.4766451], [107.9989957, 11.4765778], [108.0043226, 11.4717735], [108.0114275, 11.4689595], [108.0133349, 11.4625337], [108.0117878, 11.4561119], [108.0200464, 11.4481695], [108.0301416, 11.4468399], [108.0331349, 11.447597], [108.0355934, 11.4447002], [108.0402321, 11.4438325], [108.0433968, 11.4416406], [108.0487952, 11.435163], [108.0525936, 11.4322878], [108.0517093, 11.4279674], [108.0482363, 11.4233316], [108.0520627, 11.4205519], [108.056341, 11.4138277], [108.0641693, 11.4100844], [108.0678029, 11.4126564], [108.0801283, 11.4163094], [108.0834263, 11.4136323], [108.0936717, 11.4130927], [108.0967986, 11.4156683], [108.1024744, 11.4150726], [108.1061567, 11.413314], [108.1053479, 11.4157085], [108.1071475, 11.4258367], [108.1080741, 11.4395759], [108.1057443, 11.4498138], [108.1025735, 11.4548937], [108.1025066, 11.4588877], [108.0986073, 11.4610265], [108.1007312, 11.4671332], [108.1001699, 11.4738667], [108.1033107, 11.482195], [108.105576, 11.4833787], [108.1039411, 11.4968713], [108.1015514, 11.5012362], [108.0944556, 11.5067662], [108.095405, 11.5093919], [108.0931498, 11.5152189], [108.0895847, 11.5176945], [108.0927812, 11.5254329], [108.0940458, 11.5322994], [108.0968446, 11.5347722], [108.0958047, 11.5416968], [108.0910243, 11.5464766], [108.0910063, 11.5520587], [108.09452, 11.5533122], [108.0926282, 11.563774], [108.0983073, 11.570695], [108.1037575, 11.5732254], [108.1080088, 11.5792139], [108.1093848, 11.5840158], [108.1050771, 11.5906858], [108.1015799, 11.6003641], [108.0988839, 11.599367], [108.0929406, 11.609241], [108.0838269, 11.6122917], [108.0746174, 11.6139493], [108.0720998, 11.6182278], [108.0718981, 11.6261586], [108.0697076, 11.6291743], [108.0625266, 11.6285405], [108.061538, 11.6319595], [108.0682531, 11.6378378], [108.0649987, 11.6412502], [108.0661167, 11.6431175], [108.0670086, 11.6538362], [108.0645007, 11.6574797], [108.0697131, 11.6595508], [108.0687064, 11.6642911], [108.0746796, 11.6687051], [108.0826811, 11.6780251], [108.085103, 11.6819138], [108.0849822, 11.6844114], [108.0771315, 11.6853312], [108.0712545, 11.680133], [108.0657474, 11.6770701], [108.0559591, 11.6693933], [108.0522103, 11.6604491], [108.0574237, 11.6539531], [108.0550546, 11.6468988], [108.0577308, 11.6436961], [108.0531412, 11.6359653], [108.0467685, 11.6328436], [108.0442686, 11.6330854], [108.0407439, 11.6378312], [108.0361126, 11.6391453], [108.0318469, 11.6367672], [108.0286574, 11.6391176], [108.0232707, 11.6366616], [108.021529, 11.6311965], [108.0215593, 11.6257001], [108.020101, 11.6212809], [108.0172241, 11.618205], [108.0151239, 11.621271], [107.9935269, 11.6225047], [107.9886536, 11.624535], [107.9856813, 11.6218313], [107.9828637, 11.6219907], [107.98165, 11.6171985], [107.9790321, 11.6140114], [107.9808453, 11.6056307], [107.9778732, 11.5984176], [107.978484, 11.5934398], [107.976087, 11.5898214], [107.9801345, 11.5885864], [107.9827225, 11.5834525], [107.9805265, 11.5793259], [107.9742175, 11.573814], [107.9740486, 11.5688477], [107.9722434, 11.5646354], [107.9637645, 11.5643009], [107.960578, 11.5584564], [107.9624642, 11.5494803], [107.9651578, 11.5460956], [107.9706183, 11.5478777], [107.9790104, 11.5453681], [107.9840126, 11.5463047], [107.9870556, 11.5412784], [107.9874864, 11.5370269], [107.9925156, 11.5371215], [107.9925536, 11.5262764], [107.9953882, 11.5160492], [107.9996818, 11.5118957], [107.9982557, 11.5081416], [108.0002475, 11.4992193], [107.994347, 11.4960835], [107.9925853, 11.4922366], [107.9927848, 11.4872768], [107.9948343, 11.4856433]]]}, "properties": {"new_ward_code": "1005875", "name": "Xã Di Linh"}}, {"type": "Feature", "geometry": {"type": "Polygon", "coordinates": [[[107.9283496, 11.3603153], [107.9339468, 11.3590014], [107.936766, 11.351451], [107.9409885, 11.3476563], [107.9445878, 11.3466369], [107.949465, 11.3473067], [107.956737, 11.3514727], [107.9635693, 11.3495516], [107.9729995, 11.3446865], [107.9770429, 11.3435657], [107.9721671, 11.3520284], [107.9710087, 11.3590454], [107.9733766, 11.3671819], [107.9762405, 11.3685853], [107.9792533, 11.3734599], [107.9797686, 11.3798062], [107.9786087, 11.3849583], [107.9796839, 11.3879158], [107.9856169, 11.3889833], [107.9898414, 11.3934507], [107.9926087, 11.3995453], [107.9940009, 11.4055602], [108.0006514, 11.4104556], [108.0047303, 11.4113428], [108.0090443, 11.4206397], [108.0060446, 11.424662], [108.0044889, 11.4292202], [108.0048996, 11.4328004], [108.0084943, 11.4343097], [108.0062825, 11.4373069], [108.0030716, 11.437968], [108.0016243, 11.4429597], [108.0054975, 11.4457936], [108.00196, 11.4494035], [107.9992728, 11.4491219], [107.9975702, 11.4529047], [108.0004434, 11.4655674], [108.0043226, 11.4717735], [107.9989957, 11.4765778], [107.9944588, 11.4766451], [107.993807, 11.4819995], [107.9948343, 11.4856433], [107.9856276, 11.4881415], [107.9809353, 11.4872687], [107.9765495, 11.4903873], [107.9685971, 11.4861563], [107.9647267, 11.4868599], [107.9619064, 11.4839777], [107.957443, 11.4859493], [107.9514483, 11.4863016], [107.9402343, 11.4936118], [107.9370984, 11.4931355], [107.9353738, 11.4888985], [107.9300678, 11.4904786], [107.9267851, 11.4878933], [107.9287112, 11.4846325], [107.9273406, 11.4805293], [107.9218984, 11.4787577], [107.9191434, 11.481687], [107.9152089, 11.4830738], [107.9084222, 11.4830077], [107.9067152, 11.4849022], [107.9008167, 11.4848269], [107.8955075, 11.4899324], [107.8953938, 11.4920734], [107.9000545, 11.4937453], [107.8975024, 11.5040456], [107.8941187, 11.4999615], [107.8884854, 11.5044492], [107.8850716, 11.4964868], [107.8844362, 11.4922395], [107.8871343, 11.4871124], [107.8802517, 11.4744573], [107.8750426, 11.4694621], [107.8777673, 11.4655818], [107.8773516, 11.4572844], [107.878633, 11.4545853], [107.8753477, 11.450252], [107.8800841, 11.4376256], [107.882244, 11.4376988], [107.8846733, 11.4315454], [107.8874856, 11.4291997], [107.888715, 11.4238407], [107.886064, 11.4217279], [107.8897704, 11.4165935], [107.8962994, 11.4116583], [107.9004866, 11.4123821], [107.9026736, 11.4146], [107.9079831, 11.410654], [107.9066596, 11.3989795], [107.9100701, 11.3875152], [107.9122127, 11.3836248], [107.9189372, 11.3773604], [107.9283496, 11.3603153]]]}, "properties": {"new_ward_code": "1005877", "name": "Xã Hòa Bắc"}}, {"type": "Feature", "geometry": {"type": "Polygon", "coordinates": [[[108.0043226, 11.4717735], [108.0004434, 11.4655674], [107.9975702, 11.4529047], [107.9992728, 11.4491219], [108.00196, 11.4494035], [108.0054975, 11.4457936], [108.0016243, 11.4429597], [108.0030716, 11.437968], [108.0062825, 11.4373069], [108.0084943, 11.4343097], [108.0048996, 11.4328004], [108.0044889, 11.4292202], [108.0060446, 11.424662], [108.0090443, 11.4206397], [108.0047303, 11.4113428], [108.0006514, 11.4104556], [107.9940009, 11.4055602], [107.9926087, 11.3995453], [107.9898414, 11.3934507], [107.9856169, 11.3889833], [107.9796839, 11.3879158], [107.9786087, 11.3849583], [107.9797686, 11.3798062], [107.9792533, 11.3734599], [107.9762405, 11.3685853], [107.9733766, 11.3671819], [107.9710087, 11.3590454], [107.9721671, 11.3520284], [107.9770429, 11.3435657], [107.9875196, 11.3400544], [107.9946345, 11.3410665], [107.9968883, 11.3379593], [108.0009645, 11.3362565], [108.0020254, 11.3327875], [108.0297309, 11.3273892], [108.0302376, 11.3228043], [108.0278623, 11.3184253], [108.0291343, 11.3106306], [108.032483, 11.304385], [108.0303401, 11.2990597], [108.0329567, 11.2955947], [108.0348998, 11.2895802], [108.0390993, 11.281071], [108.0447596, 11.2765441], [108.0425735, 11.2674195], [108.0424097, 11.2590183], [108.0471253, 11.2556314], [108.0478731, 11.2520539], [108.0531402, 11.2455994], [108.0533906, 11.2405132], [108.0466164, 11.2349592], [108.0482855, 11.2327201], [108.0464412, 11.2253603], [108.0485737, 11.2232493], [108.0486241, 11.2194473], [108.0464359, 11.2153727], [108.051578, 11.2183834], [108.0578703, 11.2186794], [108.0586621, 11.2230886], [108.0576825, 11.2283927], [108.0557068, 11.2303006], [108.0557084, 11.2360221], [108.0578127, 11.2428643], [108.0639631, 11.2462336], [108.0694038, 11.2506963], [108.0766, 11.2547938], [108.0783516, 11.2580305], [108.0874443, 11.2680898], [108.0970394, 11.2681913], [108.100144, 11.2662869], [108.1051373, 11.2685853], [108.1077835, 11.2760479], [108.1125872, 11.278454], [108.1111765, 11.2863148], [108.114905, 11.2938547], [108.1178284, 11.2935256], [108.1200332, 11.2894502], [108.12012, 11.284145], [108.1227314, 11.2809947], [108.1299198, 11.2904009], [108.1335698, 11.2912587], [108.1404179, 11.295309], [108.1587321, 11.3016794], [108.1703299, 11.301732], [108.1663871, 11.3043043], [108.1617195, 11.3103563], [108.159117, 11.3115981], [108.1585326, 11.3152618], [108.1547944, 11.3262016], [108.1588393, 11.3393255], [108.155223, 11.3413691], [108.1486255, 11.3475306], [108.143899, 11.3461682], [108.1409912, 11.3476619], [108.1386016, 11.3514171], [108.1417268, 11.3570029], [108.1426924, 11.3616784], [108.1357702, 11.3699736], [108.1255238, 11.3710479], [108.1226853, 11.375597], [108.1226717, 11.3793911], [108.1265885, 11.3886626], [108.1257002, 11.3965556], [108.1209977, 11.4018653], [108.1159954, 11.4037808], [108.1119597, 11.407357], [108.1115359, 11.4105436], [108.1061567, 11.413314], [108.1024744, 11.4150726], [108.0967986, 11.4156683], [108.0936717, 11.4130927], [108.0834263, 11.4136323], [108.0801283, 11.4163094], [108.0678029, 11.4126564], [108.0641693, 11.4100844], [108.056341, 11.4138277], [108.0520627, 11.4205519], [108.0482363, 11.4233316], [108.0517093, 11.4279674], [108.0525936, 11.4322878], [108.0487952, 11.435163], [108.0433968, 11.4416406], [108.0402321, 11.4438325], [108.0355934, 11.4447002], [108.0331349, 11.447597], [108.0301416, 11.4468399], [108.0200464, 11.4481695], [108.0117878, 11.4561119], [108.0133349, 11.4625337], [108.0114275, 11.4689595], [108.0043226, 11.4717735]]]}, "properties": {"new_ward_code": "1005879", "name": "Xã Sơn Điền"}}, {"type": "Feature", "geometry": {"type": "Polygon", "coordinates": [[[108.3918699, 11.8787857], [108.3978939, 11.8753777], [108.4049867, 11.8679289], [108.4094489, 11.8658757], [108.4132898, 11.865902], [108.4174177, 11.8621484], [108.4197754, 11.8566674], [108.4263972, 11.853522], [108.4294099, 11.8618557], [108.4354676, 11.8654846], [108.4433842, 11.8729051], [108.4442798, 11.8763315], [108.4506692, 11.880267], [108.4524186, 11.8797187], [108.4605405, 11.8851377], [108.462709, 11.8794178], [108.4656039, 11.8789419], [108.4690918, 11.8738212], [108.4804818, 11.8697947], [108.4867823, 11.8697448], [108.4918816, 11.8643179], [108.4958106, 11.8727161], [108.4948835, 11.8756283], [108.4973241, 11.8850686], [108.4923936, 11.8897046], [108.4877855, 11.896853], [108.4928495, 11.9060481], [108.4873865, 11.9087276], [108.4732787, 11.9080991], [108.4718845, 11.9150204], [108.4739559, 11.9182748], [108.4745675, 11.9229087], [108.4773611, 11.9257587], [108.473587, 11.9372848], [108.4743771, 11.9396043], [108.4710431, 11.9470464], [108.4618818, 11.9453913], [108.4539641, 11.9420132], [108.4532458, 11.9452185], [108.4553093, 11.9487855], [108.4517071, 11.9511019], [108.4494714, 11.9492483], [108.4435974, 11.9543098], [108.4386424, 11.9567474], [108.4334761, 11.9563516], [108.4318179, 11.9551098], [108.4342694, 11.9482954], [108.4311221, 11.9403537], [108.4278638, 11.9415972], [108.4222573, 11.9369923], [108.4191246, 11.9329001], [108.4141856, 11.9331914], [108.4138752, 11.9279402], [108.4081697, 11.9200681], [108.4044007, 11.9185477], [108.4043151, 11.9159512], [108.3997366, 11.910183], [108.404417, 11.9069864], [108.3961661, 11.8965875], [108.3977169, 11.8925958], [108.3958608, 11.8887901], [108.3964831, 11.8859344], [108.3926153, 11.883441], [108.3918699, 11.8787857]]]}, "properties": {"new_ward_code": "1005915", "name": "Phường Xuân Hương - Đà Lạt"}}, {"type": "Feature", "geometry": {"type": "Polygon", "coordinates": [[[108.4710431, 11.9470464], [108.4739422, 11.9512295], [108.4786043, 11.9551948], [108.4862998, 11.954862], [108.4910985, 11.9611489], [108.4969398, 11.9599882], [108.4990875, 11.9667853], [108.5037821, 11.9713529], [108.5075761, 11.9735016], [108.5050374, 11.9787293], [108.5016485, 11.9812232], [108.5050079, 11.9867239], [108.4964342, 11.9896874], [108.491732, 11.9930002], [108.4841893, 11.9927834], [108.4746406, 11.9889141], [108.4730629, 11.9939666], [108.4683154, 11.9942395], [108.4632056, 11.9991321], [108.4627846, 12.0063238], [108.4542245, 12.0079697], [108.4486699, 12.0025999], [108.4416332, 11.9994554], [108.4384677, 11.9929172], [108.4376469, 11.9874651], [108.4402049, 11.9841072], [108.4362978, 11.9795598], [108.4370676, 11.9757788], [108.4354312, 11.9733091], [108.4344014, 11.9670151], [108.4346059, 11.9578013], [108.4334761, 11.9563516], [108.4386424, 11.9567474], [108.4435974, 11.9543098], [108.4494714, 11.9492483], [108.4517071, 11.9511019], [108.4553093, 11.9487855], [108.4532458, 11.9452185], [108.4539641, 11.9420132], [108.4618818, 11.9453913], [108.4710431, 11.9470464]]]}, "properties": {"new_ward_code": "1005914", "name": "Phường Lâm Viên - Đà Lạt"}}, {"type": "Feature", "geometry": {"type": "Polygon", "coordinates": [[[108.4918816, 11.8643179], [108.4796851, 11.8570271], [108.4892982, 11.8551423], [108.4976158, 11.847997], [108.5053213, 11.8435844], [108.5056329, 11.8387067], [108.4996573, 11.8337057], [108.4972541, 11.8333724], [108.4935472, 11.8293374], [108.4904654, 11.8286758], [108.4872372, 11.8251357], [108.4938045, 11.8225456], [108.4961057, 11.8203773], [108.4966341, 11.8163684], [108.5020173, 11.8144019], [108.5048336, 11.8111806], [108.518908, 11.8147499], [108.5225771, 11.8107642], [108.5258851, 11.8095092], [108.5304701, 11.8100963], [108.5345109, 11.8079789], [108.5383907, 11.8139162], [108.5428296, 11.8159351], [108.5425367, 11.8204845], [108.5452759, 11.823252], [108.5498223, 11.8310622], [108.5765965, 11.8465899], [108.5793078, 11.8477889], [108.5845944, 11.8533993], [108.5896611, 11.850958], [108.5899124, 11.8541109], [108.5943979, 11.8597492], [108.5936469, 11.8652405], [108.587333, 11.8707475], [108.5863156, 11.8739413], [108.5869896, 11.884147], [108.5839021, 11.8912404], [108.5881215, 11.8945669], [108.5912678, 11.8988975], [108.5925257, 11.9048815], [108.5849167, 11.9066328], [108.5791542, 11.9068248], [108.5758585, 11.9121487], [108.5733545, 11.9190061], [108.574228, 11.9258432], [108.5697591, 11.9310546], [108.5644202, 11.9388262], [108.5665767, 11.94357], [108.5660416, 11.9519901], [108.5701668, 11.9595368], [108.5707578, 11.9632163], [108.5664222, 11.9651704], [108.5639119, 11.9685055], [108.5562086, 11.9750547], [108.5458526, 11.9760261], [108.5382324, 11.9803547], [108.5351391, 11.9838628], [108.5298398, 11.9838024], [108.5280937, 11.9854081], [108.5166969, 11.9839239], [108.5143581, 11.9865954], [108.5099725, 11.9853478], [108.5050079, 11.9867239], [108.5016485, 11.9812232], [108.5050374, 11.9787293], [108.5075761, 11.9735016], [108.5037821, 11.9713529], [108.4990875, 11.9667853], [108.4969398, 11.9599882], [108.4910985, 11.9611489], [108.4862998, 11.954862], [108.4786043, 11.9551948], [108.4739422, 11.9512295], [108.4710431, 11.9470464], [108.4743771, 11.9396043], [108.473587, 11.9372848], [108.4773611, 11.9257587], [108.4745675, 11.9229087], [108.4739559, 11.9182748], [108.4718845, 11.9150204], [108.4732787, 11.9080991], [108.4873865, 11.9087276], [108.4928495, 11.9060481], [108.4877855, 11.896853], [108.4923936, 11.8897046], [108.4973241, 11.8850686], [108.4948835, 11.8756283], [108.4958106, 11.8727161], [108.4918816, 11.8643179]]]}, "properties": {"new_ward_code": "1005916", "name": "Phường Xuân Trường - Đà Lạt"}}, {"type": "Feature", "geometry": {"type": "Polygon", "coordinates": [[[108.4318179, 11.9551098], [108.427484, 11.9600538], [108.4236552, 11.9587391], [108.4223117, 11.9560148], [108.4167643, 11.9550707], [108.4137499, 11.9565472], [108.4124933, 11.9597931], [108.4090841, 11.9623615], [108.406662, 11.9666412], [108.4020675, 11.967388], [108.3965448, 11.9632274], [108.3936868, 11.9632007], [108.3867147, 11.9592769], [108.3833215, 11.9591327], [108.3738425, 11.9620978], [108.3737326, 11.9650891], [108.3694062, 11.9713025], [108.3662599, 11.968579], [108.3603644, 11.9719008], [108.3489919, 11.9803285], [108.3464947, 11.9804072], [108.3421147, 11.9763613], [108.3387668, 11.9761008], [108.334746, 11.9694269], [108.3370827, 11.9684767], [108.33829, 11.964146], [108.3319759, 11.9655824], [108.324345, 11.9608593], [108.3266437, 11.9589596], [108.3226258, 11.9549501], [108.3232665, 11.9503154], [108.3222906, 11.9393128], [108.318605, 11.9381176], [108.3155635, 11.9255357], [108.3188438, 11.9242576], [108.319206, 11.9149783], [108.3207911, 11.9121644], [108.327465, 11.9060297], [108.3355299, 11.9088104], [108.3403578, 11.9038002], [108.3372813, 11.9003808], [108.3397543, 11.898312], [108.3433056, 11.8986429], [108.3462077, 11.8933019], [108.3508319, 11.89021], [108.355106, 11.8942047], [108.3597261, 11.8958976], [108.362765, 11.898971], [108.3659622, 11.8990996], [108.3691201, 11.8960093], [108.3726503, 11.8899253], [108.3759963, 11.8925906], [108.3788073, 11.8910053], [108.3830076, 11.8914725], [108.3863765, 11.8861182], [108.3855709, 11.8834763], [108.3885813, 11.878706], [108.3918699, 11.8787857], [108.3926153, 11.883441], [108.3964831, 11.8859344], [108.3958608, 11.8887901], [108.3977169, 11.8925958], [108.3961661, 11.8965875], [108.404417, 11.9069864], [108.3997366, 11.910183], [108.4043151, 11.9159512], [108.4044007, 11.9185477], [108.4081697, 11.9200681], [108.4138752, 11.9279402], [108.4141856, 11.9331914], [108.4191246, 11.9329001], [108.4222573, 11.9369923], [108.4278638, 11.9415972], [108.4311221, 11.9403537], [108.4342694, 11.9482954], [108.4318179, 11.9551098]]]}, "properties": {"new_ward_code": "1005912", "name": "Phường Cam Ly - Đà Lạt"}}, {"type": "Feature", "geometry": {"type": "Polygon", "coordinates": [[[108.1535421, 11.6514552], [108.1457823, 11.6409482], [108.148022, 11.6392696], [108.1480515, 11.6287743], [108.1487703, 11.6220093], [108.1481829, 11.6167548], [108.1516255, 11.6104874], [108.1444884, 11.6116868], [108.1422063, 11.6093746], [108.1434245, 11.6041624], [108.1457394, 11.6027984], [108.1465956, 11.5968353], [108.1514901, 11.5934552], [108.1558084, 11.5889937], [108.1547189, 11.5849491], [108.1554541, 11.578671], [108.1571788, 11.575812], [108.1606847, 11.574915], [108.1654887, 11.5661267], [108.1688879, 11.5654577], [108.1670898, 11.5591224], [108.1640761, 11.5557168], [108.1588823, 11.5548075], [108.1625569, 11.5448004], [108.1595131, 11.5390818], [108.161484, 11.5297104], [108.1670197, 11.5230383], [108.1704885, 11.5215943], [108.1726976, 11.5142853], [108.1748893, 11.5114271], [108.1752414, 11.5028089], [108.1780869, 11.4936192], [108.1782406, 11.4883345], [108.1742429, 11.4863195], [108.1746279, 11.4817407], [108.1727922, 11.4782004], [108.1743226, 11.4738918], [108.1712043, 11.4686533], [108.1708895, 11.4653742], [108.1756782, 11.4588062], [108.1724006, 11.4528652], [108.1720684, 11.4495624], [108.1748257, 11.4417107], [108.1745537, 11.4328695], [108.1650024, 11.4197597], [108.166651, 11.4165729], [108.1671459, 11.4095892], [108.1727592, 11.4059757], [108.1800246, 11.4057677], [108.1809513, 11.4029426], [108.1857887, 11.4035297], [108.1887638, 11.3956069], [108.1948325, 11.3929352], [108.1955043, 11.3877618], [108.1936166, 11.3794833], [108.1996595, 11.375286], [108.2069856, 11.3730547], [108.2110255, 11.3738798], [108.2203833, 11.3727708], [108.2244906, 11.3735679], [108.2304962, 11.3721836], [108.2304188, 11.3651742], [108.235513, 11.3539051], [108.2384419, 11.3533265], [108.2504636, 11.3606739], [108.2556885, 11.3601795], [108.2657039, 11.371613], [108.2661384, 11.3735536], [108.2776961, 11.3869508], [108.278836, 11.395094], [108.2906806, 11.4004683], [108.3011788, 11.4077776], [108.3069885, 11.4132096], [108.305511, 11.4154401], [108.3067547, 11.4201464], [108.302585, 11.4252438], [108.2986629, 11.4280219], [108.2958091, 11.4359457], [108.2926655, 11.4413718], [108.2841736, 11.4475103], [108.2803434, 11.4454203], [108.2780088, 11.4400136], [108.2731526, 11.4399072], [108.270387, 11.4466296], [108.2679409, 11.4484672], [108.2675459, 11.4527126], [108.2645245, 11.4578782], [108.2639766, 11.461318], [108.2577699, 11.4751565], [108.2616001, 11.4797408], [108.2709597, 11.4875501], [108.2714251, 11.4904204], [108.2655698, 11.4970624], [108.2673862, 11.5015078], [108.2724179, 11.5053728], [108.2788414, 11.5149454], [108.2943553, 11.5142857], [108.2985556, 11.5155814], [108.3035863, 11.5193266], [108.299559, 11.5190342], [108.2991904, 11.525473], [108.2948562, 11.5283907], [108.2896426, 11.5278444], [108.2856698, 11.5294482], [108.2764705, 11.5274039], [108.2722244, 11.5339337], [108.2694829, 11.535513], [108.2660633, 11.5410267], [108.2616925, 11.5390568], [108.2536581, 11.5412974], [108.2511648, 11.5455341], [108.2484439, 11.5460881], [108.241902, 11.5503296], [108.2365134, 11.5509944], [108.2327235, 11.5530494], [108.2306667, 11.5596937], [108.2313615, 11.5651958], [108.2304472, 11.5693258], [108.2340707, 11.5693447], [108.2350677, 11.5756298], [108.2303846, 11.5809323], [108.2311452, 11.5833459], [108.2283321, 11.5900477], [108.2287146, 11.5977836], [108.2250444, 11.5988729], [108.2246661, 11.605163], [108.2263364, 11.6114268], [108.2294539, 11.6149761], [108.2325572, 11.6151811], [108.2342934, 11.6199825], [108.2277172, 11.6225204], [108.2314119, 11.629749], [108.2283756, 11.6341152], [108.221544, 11.6396058], [108.2175958, 11.6399106], [108.2146883, 11.6435674], [108.21533, 11.6486562], [108.2186365, 11.6487373], [108.2182471, 11.6588485], [108.2162314, 11.6610426], [108.2056923, 11.663721], [108.2019024, 11.6686474], [108.1966832, 11.6697495], [108.1942859, 11.6683237], [108.1916106, 11.663616], [108.1815691, 11.6628261], [108.1791351, 11.658562], [108.1742406, 11.6564395], [108.1687809, 11.6509276], [108.1645069, 11.6497926], [108.1600294, 11.6515738], [108.1535421, 11.6514552]]]}, "properties": {"new_ward_code": "1005876", "name": "Xã Gia Hiệp"}}, {"type": "Feature", "geometry": {"type": "Polygon", "coordinates": [[[108.1061567, 11.413314], [108.1115359, 11.4105436], [108.1119597, 11.407357], [108.1159954, 11.4037808], [108.1209977, 11.4018653], [108.1257002, 11.3965556], [108.1265885, 11.3886626], [108.1226717, 11.3793911], [108.1226853, 11.375597], [108.1255238, 11.3710479], [108.1357702, 11.3699736], [108.1426924, 11.3616784], [108.1417268, 11.3570029], [108.1386016, 11.3514171], [108.1409912, 11.3476619], [108.143899, 11.3461682], [108.1486255, 11.3475306], [108.155223, 11.3413691], [108.1588393, 11.3393255], [108.1547944, 11.3262016], [108.1585326, 11.3152618], [108.159117, 11.3115981], [108.1617195, 11.3103563], [108.1663871, 11.3043043], [108.1703299, 11.301732], [108.1736903, 11.3035074], [108.1827271, 11.305046], [108.1866737, 11.3080393], [108.1961817, 11.317764], [108.1971788, 11.3230042], [108.2103879, 11.3288826], [108.2202887, 11.3343656], [108.2213917, 11.3387839], [108.2260985, 11.344165], [108.2327986, 11.3502918], [108.2384419, 11.3533265], [108.235513, 11.3539051], [108.2304188, 11.3651742], [108.2304962, 11.3721836], [108.2244906, 11.3735679], [108.2203833, 11.3727708], [108.2110255, 11.3738798], [108.2069856, 11.3730547], [108.1996595, 11.375286], [108.1936166, 11.3794833], [108.1955043, 11.3877618], [108.1948325, 11.3929352], [108.1887638, 11.3956069], [108.1857887, 11.4035297], [108.1809513, 11.4029426], [108.1800246, 11.4057677], [108.1727592, 11.4059757], [108.1671459, 11.4095892], [108.166651, 11.4165729], [108.1650024, 11.4197597], [108.1745537, 11.4328695], [108.1748257, 11.4417107], [108.1720684, 11.4495624], [108.1724006, 11.4528652], [108.1756782, 11.4588062], [108.1708895, 11.4653742], [108.1712043, 11.4686533], [108.1743226, 11.4738918], [108.1727922, 11.4782004], [108.1746279, 11.4817407], [108.1742429, 11.4863195], [108.1782406, 11.4883345], [108.1780869, 11.4936192], [108.1752414, 11.5028089], [108.1748893, 11.5114271], [108.1726976, 11.5142853], [108.1704885, 11.5215943], [108.1670197, 11.5230383], [108.161484, 11.5297104], [108.1595131, 11.5390818], [108.1625569, 11.5448004], [108.1588823, 11.5548075], [108.1640761, 11.5557168], [108.1670898, 11.5591224], [108.1688879, 11.5654577], [108.1654887, 11.5661267], [108.1606847, 11.574915], [108.1571788, 11.575812], [108.1554541, 11.578671], [108.1547189, 11.5849491], [108.1558084, 11.5889937], [108.1514901, 11.5934552], [108.1465956, 11.5968353], [108.1457394, 11.6027984], [108.1434245, 11.6041624], [108.1422063, 11.6093746], [108.1444884, 11.6116868], [108.1516255, 11.6104874], [108.1481829, 11.6167548], [108.1487703, 11.6220093], [108.1480515, 11.6287743], [108.148022, 11.6392696], [108.1457823, 11.6409482], [108.1535421, 11.6514552], [108.1517702, 11.6530099], [108.1526858, 11.6574804], [108.1493964, 11.6609989], [108.1434287, 11.6650004], [108.1368865, 11.6673446], [108.1271684, 11.6658086], [108.1204949, 11.6631382], [108.1174671, 11.6639499], [108.1110004, 11.6610165], [108.1090409, 11.6614077], [108.0977503, 11.6726969], [108.085103, 11.6819138], [108.0826811, 11.6780251], [108.0746796, 11.6687051], [108.0687064, 11.6642911], [108.0697131, 11.6595508], [108.0645007, 11.6574797], [108.0670086, 11.6538362], [108.0661167, 11.6431175], [108.0649987, 11.6412502], [108.0682531, 11.6378378], [108.061538, 11.6319595], [108.0625266, 11.6285405], [108.0697076, 11.6291743], [108.0718981, 11.6261586], [108.0720998, 11.6182278], [108.0746174, 11.6139493], [108.0838269, 11.6122917], [108.0929406, 11.609241], [108.0988839, 11.599367], [108.1015799, 11.6003641], [108.1050771, 11.5906858], [108.1093848, 11.5840158], [108.1080088, 11.5792139], [108.1037575, 11.5732254], [108.0983073, 11.570695], [108.0926282, 11.563774], [108.09452, 11.5533122], [108.0910063, 11.5520587], [108.0910243, 11.5464766], [108.0958047, 11.5416968], [108.0968446, 11.5347722], [108.0940458, 11.5322994], [108.0927812, 11.5254329], [108.0895847, 11.5176945], [108.0931498, 11.5152189], [108.095405, 11.5093919], [108.0944556, 11.5067662], [108.1015514, 11.5012362], [108.1039411, 11.4968713], [108.105576, 11.4833787], [108.1033107, 11.482195], [108.1001699, 11.4738667], [108.1007312, 11.4671332], [108.0986073, 11.4610265], [108.1025066, 11.4588877], [108.1025735, 11.4548937], [108.1057443, 11.4498138], [108.1080741, 11.4395759], [108.1071475, 11.4258367], [108.1053479, 11.4157085], [108.1061567, 11.413314]]]}, "properties": {"new_ward_code": "1005874", "name": "Xã Bảo Thuận"}}, {"type": "Feature", "geometry": {"type": "Polygon", "coordinates": [[[108.5020291, 11.1312008], [108.5027895, 11.1270716], [108.5077343, 11.1356133], [108.5155776, 11.1462072], [108.5228192, 11.1524881], [108.5306786, 11.1564059], [108.5341574, 11.1545606], [108.5395862, 11.1579592], [108.5466509, 11.1604935], [108.5595611, 11.1633706], [108.5635865, 11.1626069], [108.5706045, 11.1718997], [108.575703, 11.1766133], [108.5827188, 11.1812004], [108.5942286, 11.1843975], [108.603225, 11.1844097], [108.6134472, 11.1823822], [108.6150603, 11.1770259], [108.6188143, 11.1766843], [108.6240817, 11.1843774], [108.6306302, 11.1884356], [108.6351041, 11.1898691], [108.6443937, 11.1901688], [108.6558312, 11.209655], [108.6636686, 11.2264353], [108.6563301, 11.2257408], [108.6262182, 11.2245465], [108.6266682, 11.2291845], [108.6315437, 11.2292741], [108.6308504, 11.2322996], [108.6273909, 11.2356041], [108.6351997, 11.2450693], [108.6369377, 11.2512988], [108.6255304, 11.245306], [108.6206077, 11.2433358], [108.6137822, 11.2425543], [108.6015196, 11.2447609], [108.6010029, 11.2435329], [108.5781903, 11.2474899], [108.5735545, 11.2399683], [108.5786802, 11.230008], [108.5820731, 11.228661], [108.5899454, 11.2283838], [108.5824499, 11.2201548], [108.5716152, 11.2105009], [108.5725969, 11.2069503], [108.5679085, 11.1965553], [108.5656532, 11.1946538], [108.5657382, 11.1901185], [108.5593857, 11.1796546], [108.556168, 11.1807504], [108.5255114, 11.1653902], [108.5056672, 11.1643428], [108.500261, 11.1529174], [108.5020291, 11.1312008]]]}, "properties": {"new_ward_code": "1005940", "name": "Xã Phan Rí Cửa"}}, {"type": "Feature", "geometry": {"type": "Polygon", "coordinates": [[[108.6636686, 11.2264353], [108.6832296, 11.2516483], [108.6799861, 11.2550454], [108.6830599, 11.2581828], [108.6798517, 11.2651847], [108.6800462, 11.2725255], [108.6754594, 11.275658], [108.6753497, 11.2800557], [108.6729947, 11.2837224], [108.6693647, 11.2985269], [108.6667156, 11.3014795], [108.6628692, 11.3023618], [108.6637492, 11.3067042], [108.662703, 11.3137149], [108.6736122, 11.3281533], [108.6739147, 11.3335872], [108.6780235, 11.3382997], [108.6725975, 11.3402893], [108.666442, 11.3392572], [108.6609274, 11.336956], [108.6530256, 11.3511859], [108.654077, 11.3594011], [108.6464167, 11.3629775], [108.666501, 11.3618625], [108.7121844, 11.3602847], [108.7465811, 11.3726649], [108.7751198, 11.3808374], [108.7850976, 11.3881262], [108.7834132, 11.3937004], [108.7570202, 11.4112324], [108.7602496, 11.448943], [108.761065, 11.469668], [108.7512481, 11.4712767], [108.7251985, 11.4694051], [108.7193192, 11.4638767], [108.7134826, 11.4620606], [108.7003559, 11.4670866], [108.678811, 11.4734165], [108.6639416, 11.5007578], [108.6593932, 11.5049107], [108.6438256, 11.5506134], [108.5824433, 11.5559269], [108.5798818, 11.5560793], [108.5737115, 11.5528832], [108.5719709, 11.5505024], [108.5747454, 11.546456], [108.5704795, 11.5429344], [108.5705987, 11.5393789], [108.5659051, 11.5377363], [108.5649435, 11.5294896], [108.5605116, 11.5240986], [108.5595345, 11.4995594], [108.5600603, 11.4860703], [108.5598899, 11.4714344], [108.5621738, 11.4159018], [108.5602855, 11.3893147], [108.5919624, 11.3722915], [108.6072189, 11.3587385], [108.6164081, 11.3384419], [108.6164778, 11.309775], [108.6013341, 11.2844931], [108.6049551, 11.276865], [108.6056149, 11.254495], [108.6015196, 11.2447609], [108.6137822, 11.2425543], [108.6206077, 11.2433358], [108.6255304, 11.245306], [108.6369377, 11.2512988], [108.6351997, 11.2450693], [108.6273909, 11.2356041], [108.6308504, 11.2322996], [108.6315437, 11.2292741], [108.6266682, 11.2291845], [108.6262182, 11.2245465], [108.6563301, 11.2257408], [108.6636686, 11.2264353]]]}, "properties": {"new_ward_code": "1005941", "name": "Xã Tuy Phong"}}, {"type": "Feature", "geometry": {"type": "MultiPolygon", "coordinates": [[[[108.831071, 11.2246187], [108.8306136, 11.2292592], [108.8229382, 11.2286798], [108.8220793, 11.224836], [108.8297961, 11.2224204], [108.831071, 11.2246187]]], [[[108.6443937, 11.1901688], [108.6492072, 11.1931271], [108.6606997, 11.1931951], [108.6661302, 11.1924603], [108.6810078, 11.1885013], [108.6951215, 11.1833309], [108.7025325, 11.1781983], [108.702371, 11.1736568], [108.7053733, 11.1672813], [108.7081859, 11.165636], [108.7111986, 11.1744932], [108.7126532, 11.1761225], [108.718542, 11.1772087], [108.7285737, 11.1835464], [108.7312098, 11.1912014], [108.7320275, 11.2043319], [108.7350876, 11.2151204], [108.7408891, 11.2208857], [108.7416332, 11.2260189], [108.7455119, 11.231659], [108.7452639, 11.2425187], [108.7515367, 11.2576392], [108.7513833, 11.2693738], [108.7527091, 11.2742867], [108.739213, 11.2759023], [108.7365845, 11.27679], [108.7343542, 11.2734375], [108.7208641, 11.281021], [108.705672, 11.2939991], [108.7063157, 11.3299579], [108.7121844, 11.3602847], [108.666501, 11.3618625], [108.6464167, 11.3629775], [108.654077, 11.3594011], [108.6530256, 11.3511859], [108.6609274, 11.336956], [108.666442, 11.3392572], [108.6725975, 11.3402893], [108.6780235, 11.3382997], [108.6739147, 11.3335872], [108.6736122, 11.3281533], [108.662703, 11.3137149], [108.6637492, 11.3067042], [108.6628692, 11.3023618], [108.6667156, 11.3014795], [108.6693647, 11.2985269], [108.6729947, 11.2837224], [108.6753497, 11.2800557], [108.6754594, 11.275658], [108.6800462, 11.2725255], [108.6798517, 11.2651847], [108.6830599, 11.2581828], [108.6799861, 11.2550454], [108.6832296, 11.2516483], [108.6636686, 11.2264353], [108.6558312, 11.209655], [108.6443937, 11.1901688]]]]}, "properties": {"new_ward_code": "1005939", "name": "Xã Liên Hương"}}, {"type": "Feature", "geometry": {"type": "Polygon", "coordinates": [[[108.7121844, 11.3602847], [108.7063157, 11.3299579], [108.705672, 11.2939991], [108.7208641, 11.281021], [108.7343542, 11.2734375], [108.7365845, 11.27679], [108.739213, 11.2759023], [108.7527091, 11.2742867], [108.7543433, 11.2794973], [108.7586999, 11.2842185], [108.7645062, 11.2866511], [108.7729427, 11.2888935], [108.7768102, 11.2911742], [108.7808028, 11.3011835], [108.7814266, 11.3061232], [108.7857024, 11.3116404], [108.7929192, 11.3139985], [108.7954431, 11.307472], [108.7974215, 11.307779], [108.7990527, 11.3002044], [108.8022118, 11.299995], [108.8004373, 11.3084474], [108.8166682, 11.3116688], [108.8151448, 11.3212199], [108.8272673, 11.3194221], [108.8393505, 11.3240845], [108.8406311, 11.3282243], [108.8467074, 11.3327799], [108.8532653, 11.3347024], [108.8664468, 11.333286], [108.8718814, 11.3342236], [108.8761462, 11.3408365], [108.8766053, 11.3546043], [108.8747348, 11.353502], [108.8694584, 11.3546256], [108.8655493, 11.3517892], [108.8574288, 11.3557142], [108.849285, 11.3639111], [108.8452327, 11.3658332], [108.843806, 11.3770367], [108.8015557, 11.3832828], [108.7850976, 11.3881262], [108.7751198, 11.3808374], [108.7465811, 11.3726649], [108.7121844, 11.3602847]]]}, "properties": {"new_ward_code": "1005942", "name": "Xã Vĩnh Hảo"}}, {"type": "Feature", "geometry": {"type": "Polygon", "coordinates": [[[107.6825809, 10.6989212], [107.6631725, 10.693281], [107.6613378, 10.6961117], [107.655901, 10.6918762], [107.6517597, 10.6916601], [107.6477127, 10.6952465], [107.6426558, 10.703479], [107.6446813, 10.715289], [107.6398319, 10.721249], [107.6244998, 10.7210481], [107.6120751, 10.7279732], [107.6071031, 10.737089], [107.6073521, 10.7442829], [107.6087987, 10.7470326], [107.6073503, 10.7506269], [107.6022756, 10.7572041], [107.5805819, 10.7484766], [107.5703305, 10.748777], [107.5443318, 10.7664136], [107.5442572, 10.7834261], [107.5453551, 10.7871511], [107.5321841, 10.7782524], [107.5250205, 10.774484], [107.5187463, 10.772893], [107.5052501, 10.7715976], [107.5019449, 10.761104], [107.5067749, 10.7577988], [107.5064643, 10.7456055], [107.5120718, 10.7428606], [107.5123608, 10.7403269], [107.5195363, 10.7354398], [107.5221557, 10.732402], [107.5262777, 10.7312107], [107.528158, 10.7241418], [107.5341564, 10.7218772], [107.5364006, 10.7163472], [107.5380716, 10.7159993], [107.5443524, 10.7058272], [107.5431993, 10.6996835], [107.5466673, 10.6952546], [107.5429338, 10.6901911], [107.5420988, 10.6840443], [107.5389065, 10.6761495], [107.5443987, 10.6722438], [107.5441173, 10.6670237], [107.5454047, 10.6634943], [107.5488889, 10.6615253], [107.5498716, 10.6564427], [107.5512814, 10.6499745], [107.5555247, 10.6462261], [107.5555515, 10.6418239], [107.5595278, 10.637581], [107.5630967, 10.6304269], [107.5622738, 10.6278022], [107.5683058, 10.6188589], [107.5649818, 10.613933], [107.564379, 10.6083752], [107.5658727, 10.6055336], [107.5719469, 10.600185], [107.5678468, 10.585433], [107.5704034, 10.5674135], [107.5725165, 10.5682553], [107.578635, 10.5744469], [107.5814805, 10.5745704], [107.5874381, 10.5786388], [107.5982691, 10.5843314], [107.6099767, 10.5893449], [107.6157105, 10.5927479], [107.6262469, 10.5952719], [107.6383056, 10.5990718], [107.6562997, 10.6068782], [107.6631936, 10.6093718], [107.6682051, 10.6147878], [107.6751655, 10.6207731], [107.6832498, 10.6257423], [107.6944451, 10.6288611], [107.7034279, 10.6323079], [107.7113913, 10.6324228], [107.7112564, 10.6472146], [107.7159744, 10.6512661], [107.7165431, 10.6556471], [107.7148211, 10.673355], [107.6786783, 10.6971738], [107.6825809, 10.6989212]]]}, "properties": {"new_ward_code": "1005937", "name": "Xã Sơn Mỹ"}}, {"type": "Feature", "geometry": {"type": "Polygon", "coordinates": [[[107.7753717, 10.7915396], [107.7738136, 10.801839], [107.7754497, 10.8188006], [107.7518102, 10.8195459], [107.7490649, 10.8275844], [107.7420901, 10.8291279], [107.7350597, 10.8274423], [107.7362326, 10.8329112], [107.7369055, 10.8442494], [107.7409453, 10.8514634], [107.7419976, 10.8559421], [107.7362552, 10.8529435], [107.7305818, 10.8513775], [107.7127182, 10.8571148], [107.6960885, 10.8190324], [107.6669598, 10.8060703], [107.6741266, 10.7894425], [107.6578831, 10.7780679], [107.639907, 10.7751168], [107.6182723, 10.7737309], [107.5443318, 10.7664136], [107.5703305, 10.748777], [107.5805819, 10.7484766], [107.6022756, 10.7572041], [107.6073503, 10.7506269], [107.6087987, 10.7470326], [107.6073521, 10.7442829], [107.6071031, 10.737089], [107.6120751, 10.7279732], [107.6244998, 10.7210481], [107.6398319, 10.721249], [107.6446813, 10.715289], [107.6426558, 10.703479], [107.6477127, 10.6952465], [107.6517597, 10.6916601], [107.655901, 10.6918762], [107.6613378, 10.6961117], [107.6631725, 10.693281], [107.6825809, 10.6989212], [107.6913974, 10.6979434], [107.6993541, 10.6993192], [107.7022094, 10.6972397], [107.7079038, 10.6989814], [107.7123575, 10.6979436], [107.7169132, 10.6999544], [107.7195203, 10.7033358], [107.722916, 10.704755], [107.7300185, 10.7018994], [107.7360789, 10.7011746], [107.7417237, 10.7059634], [107.7357101, 10.7121146], [107.7361907, 10.7139683], [107.7427562, 10.7198286], [107.7460957, 10.7251705], [107.7494438, 10.7282684], [107.7524679, 10.7336242], [107.7581656, 10.7338986], [107.7566045, 10.757104], [107.7435663, 10.7851895], [107.7753717, 10.7915396]]]}, "properties": {"new_ward_code": "1005936", "name": "Xã Hàm Tân"}}, {"type": "Feature", "geometry": {"type": "Polygon", "coordinates": [[[107.5443318, 10.7664136], [107.6182723, 10.7737309], [107.639907, 10.7751168], [107.6578831, 10.7780679], [107.6741266, 10.7894425], [107.6669598, 10.8060703], [107.6960885, 10.8190324], [107.7127182, 10.8571148], [107.7135336, 10.8816066], [107.6990658, 10.9079716], [107.6932186, 10.916963], [107.653597, 10.9158569], [107.6342824, 10.9138974], [107.5824041, 10.9077791], [107.5609535, 10.9082481], [107.5607335, 10.8936805], [107.5598377, 10.8685417], [107.5702125, 10.8535797], [107.5740588, 10.8462775], [107.5777548, 10.8340858], [107.5729751, 10.8190061], [107.5738699, 10.8139638], [107.5712317, 10.813679], [107.5656715, 10.8041601], [107.5610769, 10.7985087], [107.5453551, 10.7871511], [107.5442572, 10.7834261], [107.5443318, 10.7664136]]]}, "properties": {"new_ward_code": "1005938", "name": "Xã Tân Minh"}}, {"type": "Feature", "geometry": {"type": "Polygon", "coordinates": [[[107.9946184, 10.816087], [107.9865611, 10.8186346], [107.9807675, 10.8168774], [107.9651463, 10.8102172], [107.9591754, 10.8102089], [107.9430556, 10.8036306], [107.9278188, 10.7919742], [107.9215697, 10.7903661], [107.9165715, 10.7864063], [107.9190177, 10.7942352], [107.9171643, 10.7975102], [107.9195595, 10.8047002], [107.9000974, 10.8150648], [107.8945345, 10.8176414], [107.8756692, 10.7959636], [107.8715628, 10.8004262], [107.8676155, 10.7980435], [107.8631641, 10.799668], [107.8617629, 10.8043808], [107.8578796, 10.807941], [107.8508016, 10.8083209], [107.8463298, 10.8073639], [107.8339926, 10.8094893], [107.8231314, 10.7963509], [107.840606, 10.7753751], [107.8435162, 10.7676915], [107.8459367, 10.7672997], [107.8444777, 10.760297], [107.8511068, 10.7494859], [107.8745212, 10.7497165], [107.8719869, 10.746074], [107.8748376, 10.7401192], [107.8814252, 10.7398793], [107.881711, 10.7350765], [107.8869718, 10.729205], [107.8865674, 10.7203774], [107.9031986, 10.7210715], [107.9076731, 10.719846], [107.9208728, 10.7189046], [107.9333756, 10.7159872], [107.9463055, 10.7106415], [107.9574871, 10.7075453], [107.9622062, 10.7045661], [107.9638167, 10.7007246], [107.9713833, 10.7061181], [107.9850749, 10.7044138], [107.9902012, 10.7003953], [107.9938267, 10.701113], [107.9945295, 10.7058826], [107.9968177, 10.7099167], [108.0008242, 10.712292], [108.001721, 10.7167293], [108.0065766, 10.7228092], [108.0085779, 10.7323452], [108.0114322, 10.7354125], [108.0150837, 10.7362724], [108.0173303, 10.753021], [108.0198803, 10.762418], [108.0230863, 10.7779371], [107.9921159, 10.8005243], [107.9946184, 10.816087]]]}, "properties": {"new_ward_code": "1005935", "name": "Xã Tân Thành"}}, {"type": "Feature", "geometry": {"type": "Polygon", "coordinates": [[[107.8231314, 10.7963509], [107.8339926, 10.8094893], [107.8463298, 10.8073639], [107.8508016, 10.8083209], [107.8578796, 10.807941], [107.8569044, 10.8124632], [107.8574073, 10.8204129], [107.8534859, 10.8249495], [107.8483386, 10.8268592], [107.8476226, 10.8295651], [107.8436483, 10.831514], [107.8438136, 10.8368004], [107.8467008, 10.8397004], [107.8512726, 10.8412849], [107.854709, 10.8501499], [107.8631858, 10.8525711], [107.86473, 10.8559502], [107.8724331, 10.8635211], [107.8785646, 10.865718], [107.8821856, 10.8642745], [107.8899962, 10.8631932], [107.8939243, 10.8616522], [107.8955202, 10.8672787], [107.8954484, 10.8727668], [107.8908437, 10.8793045], [107.8930219, 10.8823355], [107.8900149, 10.8846542], [107.8851876, 10.88428], [107.883921, 10.8815802], [107.8774488, 10.8816092], [107.8737688, 10.8855365], [107.8720523, 10.8910243], [107.8621693, 10.8980709], [107.865808, 10.9205975], [107.8435564, 10.9204395], [107.8100181, 10.9208661], [107.7921975, 10.9132785], [107.7629453, 10.9149351], [107.7200138, 10.9180797], [107.6932186, 10.916963], [107.6990658, 10.9079716], [107.7135336, 10.8816066], [107.7127182, 10.8571148], [107.7305818, 10.8513775], [107.7362552, 10.8529435], [107.7419976, 10.8559421], [107.7409453, 10.8514634], [107.7369055, 10.8442494], [107.7362326, 10.8329112], [107.7350597, 10.8274423], [107.7420901, 10.8291279], [107.7490649, 10.8275844], [107.7518102, 10.8195459], [107.7754497, 10.8188006], [107.7738136, 10.801839], [107.7753717, 10.7915396], [107.8006961, 10.79393], [107.8231314, 10.7963509]]]}, "properties": {"new_ward_code": "1005934", "name": "Xã Tân Lập"}}, {"type": "Feature", "geometry": {"type": "Polygon", "coordinates": [[[107.9807675, 10.8168774], [107.9815614, 10.8213245], [107.9685527, 10.8518885], [107.9557747, 10.8537536], [107.95045, 10.8513839], [107.9473015, 10.8539174], [107.9425567, 10.8548705], [107.94417, 10.8620743], [107.9434495, 10.8642245], [107.9454897, 10.8783977], [107.9453382, 10.8830948], [107.9428518, 10.8857445], [107.9383188, 10.8871484], [107.9330318, 10.8912307], [107.865808, 10.9205975], [107.8621693, 10.8980709], [107.8720523, 10.8910243], [107.8737688, 10.8855365], [107.8774488, 10.8816092], [107.883921, 10.8815802], [107.8851876, 10.88428], [107.8900149, 10.8846542], [107.8930219, 10.8823355], [107.8908437, 10.8793045], [107.8954484, 10.8727668], [107.8955202, 10.8672787], [107.8939243, 10.8616522], [107.8899962, 10.8631932], [107.8821856, 10.8642745], [107.8785646, 10.865718], [107.8724331, 10.8635211], [107.86473, 10.8559502], [107.8631858, 10.8525711], [107.854709, 10.8501499], [107.8512726, 10.8412849], [107.8467008, 10.8397004], [107.8438136, 10.8368004], [107.8436483, 10.831514], [107.8476226, 10.8295651], [107.8483386, 10.8268592], [107.8534859, 10.8249495], [107.8574073, 10.8204129], [107.8569044, 10.8124632], [107.8578796, 10.807941], [107.8617629, 10.8043808], [107.8631641, 10.799668], [107.8676155, 10.7980435], [107.8715628, 10.8004262], [107.8756692, 10.7959636], [107.8945345, 10.8176414], [107.9000974, 10.8150648], [107.9195595, 10.8047002], [107.9171643, 10.7975102], [107.9190177, 10.7942352], [107.9165715, 10.7864063], [107.9215697, 10.7903661], [107.9278188, 10.7919742], [107.9430556, 10.8036306], [107.9591754, 10.8102089], [107.9651463, 10.8102172], [107.9807675, 10.8168774]]]}, "properties": {"new_ward_code": "1005931", "name": "Xã Hàm Thuận Nam"}}, {"type": "Feature", "geometry": {"type": "Polygon", "coordinates": [[[108.0127589, 10.9842295], [108.0053766, 10.9906358], [108.0004445, 10.9914267], [107.9979739, 10.9887968], [107.9940981, 10.987974], [107.9941893, 10.9842667], [107.9843751, 10.9834755], [107.9821705, 10.9846721], [107.9745037, 10.9855368], [107.9802288, 10.9803483], [107.9811896, 10.9775234], [107.9761804, 10.9760301], [107.9692563, 10.9710894], [107.9637738, 10.9614953], [107.9674584, 10.9578084], [107.9630971, 10.9566708], [107.9537896, 10.9648414], [107.9471713, 10.9644504], [107.942114, 10.9668114], [107.9276609, 10.9604307], [107.9217478, 10.963784], [107.9132061, 10.9624212], [107.910277, 10.9606213], [107.9054291, 10.961125], [107.8977773, 10.9564904], [107.8914848, 10.9559282], [107.8921782, 10.9515213], [107.8947535, 10.9482814], [107.886638, 10.9396591], [107.8834338, 10.9343233], [107.8769922, 10.9288022], [107.8711992, 10.9258673], [107.865808, 10.9205975], [107.9330318, 10.8912307], [107.9383188, 10.8871484], [107.9428518, 10.8857445], [107.9453382, 10.8830948], [107.9454897, 10.8783977], [107.9434495, 10.8642245], [107.94417, 10.8620743], [107.9425567, 10.8548705], [107.9473015, 10.8539174], [107.95045, 10.8513839], [107.9557747, 10.8537536], [107.9685527, 10.8518885], [107.9815614, 10.8213245], [107.9807675, 10.8168774], [107.9865611, 10.8186346], [107.9946184, 10.816087], [107.9986578, 10.817868], [108.0019033, 10.8303344], [108.0051327, 10.8339804], [108.0042199, 10.8372276], [108.0073535, 10.8431058], [108.0115002, 10.8450868], [108.0153894, 10.8507137], [108.0154538, 10.8546229], [108.0051756, 10.8593328], [108.0003416, 10.8666859], [108.0034724, 10.8671983], [108.0255067, 10.8967147], [108.0189615, 10.9172977], [108.0189637, 10.9211415], [108.0216794, 10.9225556], [108.0196138, 10.9288948], [108.0168816, 10.9293953], [108.015965, 10.935465], [108.013245, 10.9350981], [108.0123808, 10.9409994], [108.0078802, 10.9393428], [108.0018604, 10.9394879], [107.9975259, 10.9422768], [107.9896054, 10.9434987], [107.9879246, 10.9491132], [107.9941665, 10.9518689], [108.0027643, 10.951122], [108.0081233, 10.951944], [108.0142964, 10.9553818], [108.0135468, 10.9629275], [108.019516, 10.9620664], [108.0228808, 10.9668195], [108.0202582, 10.972428], [108.015174, 10.9695206], [108.0134685, 10.9719692], [108.0071955, 10.9763009], [108.0135194, 10.9817774], [108.0127589, 10.9842295]]]}, "properties": {"new_ward_code": "1005930", "name": "Xã Hàm Kiệm"}}, {"type": "Feature", "geometry": {"type": "Polygon", "coordinates": [[[108.0183533, 11.0330569], [108.0191982, 11.0467007], [108.0197132, 11.0723192], [108.0048698, 11.0725192], [107.988975, 11.0802896], [107.9659992, 11.08926], [107.932949, 11.1193069], [107.91228, 11.1397504], [107.9093403, 11.1399136], [107.9053545, 11.1434453], [107.9033375, 11.1484348], [107.8979888, 11.157405], [107.8909457, 11.1620767], [107.8890145, 11.1688579], [107.8902, 11.1720603], [107.883178, 11.1737312], [107.8815579, 11.1755127], [107.8766284, 11.1753102], [107.8692037, 11.1723971], [107.8662541, 11.1749318], [107.8617171, 11.1760209], [107.8529227, 11.172804], [107.849783, 11.176429], [107.8442822, 11.1739273], [107.8454876, 11.1672028], [107.8329509, 11.1654186], [107.8309071, 11.1636819], [107.8281021, 11.1677081], [107.8256661, 11.1685448], [107.8227826, 11.1657531], [107.8117863, 11.1702931], [107.8097069, 11.1704973], [107.7999544, 11.1645503], [107.7937424, 11.1545716], [107.7811575, 11.1394241], [107.7734166, 11.1353213], [107.7748382, 11.1290814], [107.7780718, 11.1270432], [107.7825982, 11.1266987], [107.7888545, 11.1245726], [107.791543, 11.1177646], [107.7884102, 11.115696], [107.7830672, 11.1055051], [107.7814525, 11.0973985], [107.7775633, 11.0874386], [107.7902895, 11.0777819], [107.7854533, 11.074058], [107.7876927, 11.0650645], [107.8129738, 11.0534872], [107.8228068, 11.0528396], [107.8241035, 11.0430643], [107.8264128, 11.0393523], [107.8251258, 11.0338065], [107.8236751, 11.0279083], [107.820763, 11.0209747], [107.8235042, 11.0145059], [107.8292905, 11.0073584], [107.8259409, 11.0035856], [107.8250984, 11.0004795], [107.8279077, 10.9971362], [107.8271587, 10.9876962], [107.8292763, 10.9838085], [107.8327793, 10.9740449], [107.8367275, 10.9434144], [107.8484166, 10.9437304], [107.8488564, 10.9384477], [107.8574717, 10.9321431], [107.8711992, 10.9258673], [107.8769922, 10.9288022], [107.8834338, 10.9343233], [107.886638, 10.9396591], [107.8947535, 10.9482814], [107.8921782, 10.9515213], [107.8914848, 10.9559282], [107.8977773, 10.9564904], [107.9054291, 10.961125], [107.910277, 10.9606213], [107.9132061, 10.9624212], [107.9217478, 10.963784], [107.9276609, 10.9604307], [107.942114, 10.9668114], [107.9471713, 10.9644504], [107.9537896, 10.9648414], [107.9630971, 10.9566708], [107.9674584, 10.9578084], [107.9637738, 10.9614953], [107.9692563, 10.9710894], [107.9761804, 10.9760301], [107.9811896, 10.9775234], [107.9802288, 10.9803483], [107.9745037, 10.9855368], [107.9821705, 10.9846721], [107.9843751, 10.9834755], [107.9941893, 10.9842667], [107.9940981, 10.987974], [107.9979739, 10.9887968], [108.0004445, 10.9914267], [108.0053766, 10.9906358], [108.0127589, 10.9842295], [108.0136896, 10.9877665], [108.0112427, 10.9947198], [108.0112803, 10.9989852], [108.0090809, 11.0033348], [108.0106902, 11.0113676], [108.0083942, 11.0136608], [108.0071269, 11.0200611], [108.0177176, 11.0227912], [108.0183533, 11.0330569]]]}, "properties": {"new_ward_code": "1005932", "name": "Xã Hàm Thạnh"}}, {"type": "Feature", "geometry": {"type": "Polygon", "coordinates": [[[108.3498247, 11.0041247], [108.3542638, 11.0136351], [108.3588864, 11.0200954], [108.3640721, 11.025086], [108.3687531, 11.0268668], [108.371519, 11.0306652], [108.3759307, 11.0334884], [108.3830458, 11.0349372], [108.3870869, 11.0343739], [108.3911795, 11.0309815], [108.3931967, 11.0324989], [108.4095855, 11.0330588], [108.4120912, 11.0316069], [108.4141487, 11.0265881], [108.4200583, 11.0331256], [108.4200834, 11.0355404], [108.4270813, 11.0432713], [108.4346639, 11.0474359], [108.4465947, 11.0478782], [108.449337, 11.0445058], [108.4596728, 11.0401367], [108.4681978, 11.0449463], [108.4735561, 11.0488694], [108.4763061, 11.0623855], [108.4800055, 11.0749242], [108.4848679, 11.0889997], [108.4942983, 11.1109773], [108.5027895, 11.1270716], [108.5020291, 11.1312008], [108.4669232, 11.1412242], [108.4644878, 11.1348871], [108.4160194, 11.1347029], [108.4090894, 11.1914635], [108.4065013, 11.2005568], [108.3711021, 11.1754675], [108.3330803, 11.1708373], [108.3446458, 11.1341669], [108.3321354, 11.1239608], [108.2988238, 11.1364924], [108.3013773, 11.0979565], [108.2576377, 11.0952823], [108.2533014, 11.0326691], [108.2472496, 11.0281678], [108.2566286, 11.0217739], [108.2755518, 11.0227034], [108.2810765, 11.0157458], [108.2930676, 11.0083186], [108.2973487, 10.9959421], [108.307305, 10.9968841], [108.3141231, 10.9963154], [108.3231394, 11.0009076], [108.3336778, 11.0011652], [108.3470526, 11.0058808], [108.3498247, 11.0041247]]]}, "properties": {"new_ward_code": "1005918", "name": "Xã Hòa Thắng"}}, {"type": "Feature", "geometry": {"type": "Polygon", "coordinates": [[[108.4669232, 11.1412242], [108.4892298, 11.1987387], [108.4904972, 11.2097366], [108.4906581, 11.2191168], [108.496663, 11.2161447], [108.4982856, 11.2202625], [108.496985, 11.2254042], [108.4936461, 11.2270062], [108.489207, 11.2318904], [108.4832525, 11.2333282], [108.475593, 11.2398048], [108.4724677, 11.2388801], [108.4686613, 11.2462242], [108.4647821, 11.2507589], [108.45543, 11.2498808], [108.4494902, 11.2344831], [108.4463763, 11.235347], [108.4443759, 11.2455516], [108.4414851, 11.2473012], [108.4392147, 11.2568507], [108.4239972, 11.2525115], [108.411431, 11.2804108], [108.4048985, 11.2483098], [108.4046281, 11.2430628], [108.410509, 11.2378424], [108.4099968, 11.2286472], [108.4148192, 11.2227111], [108.4138598, 11.2181025], [108.4086521, 11.2207356], [108.4029458, 11.2171305], [108.404458, 11.2121534], [108.4065013, 11.2005568], [108.4090894, 11.1914635], [108.4160194, 11.1347029], [108.4644878, 11.1348871], [108.4669232, 11.1412242]]]}, "properties": {"new_ward_code": "1005920", "name": "Xã Hồng Thái"}}, {"type": "Feature", "geometry": {"type": "Polygon", "coordinates": [[[108.6015196, 11.2447609], [108.6056149, 11.254495], [108.6049551, 11.276865], [108.6013341, 11.2844931], [108.6164778, 11.309775], [108.5723019, 11.3128312], [108.5396647, 11.2950617], [108.5382539, 11.2875496], [108.5477221, 11.2851718], [108.5300705, 11.2719434], [108.494947, 11.2725353], [108.4977506, 11.2687683], [108.50618, 11.2681897], [108.5073968, 11.2629872], [108.511991, 11.2619627], [108.5118916, 11.2575037], [108.515495, 11.2542232], [108.5146987, 11.2513961], [108.5083922, 11.2495014], [108.5073522, 11.2446905], [108.49536, 11.2418072], [108.4942634, 11.2453384], [108.475593, 11.2398048], [108.4832525, 11.2333282], [108.489207, 11.2318904], [108.4936461, 11.2270062], [108.496985, 11.2254042], [108.4982856, 11.2202625], [108.496663, 11.2161447], [108.4906581, 11.2191168], [108.4904972, 11.2097366], [108.4892298, 11.1987387], [108.4669232, 11.1412242], [108.5020291, 11.1312008], [108.500261, 11.1529174], [108.5056672, 11.1643428], [108.5255114, 11.1653902], [108.556168, 11.1807504], [108.5593857, 11.1796546], [108.5657382, 11.1901185], [108.5656532, 11.1946538], [108.5679085, 11.1965553], [108.5725969, 11.2069503], [108.5716152, 11.2105009], [108.5824499, 11.2201548], [108.5899454, 11.2283838], [108.5820731, 11.228661], [108.5786802, 11.230008], [108.5735545, 11.2399683], [108.5781903, 11.2474899], [108.6010029, 11.2435329], [108.6015196, 11.2447609]]]}, "properties": {"new_ward_code": "1005917", "name": "Xã Bắc Bình"}}, {"type": "Feature", "geometry": {"type": "Polygon", "coordinates": [[[108.5602855, 11.3893147], [108.5283565, 11.3936373], [108.5102463, 11.3766302], [108.516823, 11.3541733], [108.5047746, 11.3345444], [108.4979081, 11.3626198], [108.4773302, 11.3754101], [108.4574819, 11.3938898], [108.4465927, 11.3905559], [108.41896, 11.3768458], [108.3693713, 11.3727648], [108.3686203, 11.3584071], [108.3769083, 11.3449323], [108.3677888, 11.3352492], [108.3673248, 11.3307806], [108.3712892, 11.3291049], [108.3782011, 11.3220679], [108.3798239, 11.3172181], [108.3847595, 11.3144634], [108.3882063, 11.3147769], [108.3912045, 11.305046], [108.3940852, 11.3035047], [108.3916521, 11.2949359], [108.3943024, 11.2912241], [108.411431, 11.2804108], [108.4239972, 11.2525115], [108.4392147, 11.2568507], [108.4414851, 11.2473012], [108.4443759, 11.2455516], [108.4463763, 11.235347], [108.4494902, 11.2344831], [108.45543, 11.2498808], [108.4647821, 11.2507589], [108.4686613, 11.2462242], [108.4724677, 11.2388801], [108.475593, 11.2398048], [108.4942634, 11.2453384], [108.49536, 11.2418072], [108.5073522, 11.2446905], [108.5083922, 11.2495014], [108.5146987, 11.2513961], [108.515495, 11.2542232], [108.5118916, 11.2575037], [108.511991, 11.2619627], [108.5073968, 11.2629872], [108.50618, 11.2681897], [108.4977506, 11.2687683], [108.494947, 11.2725353], [108.5300705, 11.2719434], [108.5477221, 11.2851718], [108.5382539, 11.2875496], [108.5396647, 11.2950617], [108.5723019, 11.3128312], [108.6164778, 11.309775], [108.6164081, 11.3384419], [108.6072189, 11.3587385], [108.5919624, 11.3722915], [108.5602855, 11.3893147]]]}, "properties": {"new_ward_code": "1005919", "name": "Xã Hải Ninh"}}, {"type": "Feature", "geometry": {"type": "Polygon", "coordinates": [[[108.4065013, 11.2005568], [108.404458, 11.2121534], [108.4029458, 11.2171305], [108.4086521, 11.2207356], [108.4138598, 11.2181025], [108.4148192, 11.2227111], [108.4099968, 11.2286472], [108.410509, 11.2378424], [108.4046281, 11.2430628], [108.4048985, 11.2483098], [108.411431, 11.2804108], [108.3943024, 11.2912241], [108.3916521, 11.2949359], [108.3940852, 11.3035047], [108.3912045, 11.305046], [108.3882063, 11.3147769], [108.3847595, 11.3144634], [108.3798239, 11.3172181], [108.3782011, 11.3220679], [108.3712892, 11.3291049], [108.3618611, 11.3208687], [108.3439171, 11.3110112], [108.2864964, 11.312726], [108.2752311, 11.3159715], [108.2721627, 11.3098118], [108.2702637, 11.3023632], [108.2629844, 11.2989066], [108.2639263, 11.2961094], [108.267939, 11.2917914], [108.2684657, 11.2890393], [108.2717428, 11.2863148], [108.2735999, 11.2749513], [108.2779831, 11.2748869], [108.280051, 11.2703441], [108.2866128, 11.2694257], [108.2929776, 11.2586003], [108.2980435, 11.2550754], [108.2990027, 11.2496789], [108.3025632, 11.2487101], [108.3016026, 11.2406891], [108.3053723, 11.2390791], [108.3055508, 11.2358458], [108.3100366, 11.2351147], [108.3147324, 11.2308827], [108.3134301, 11.2243888], [108.318662, 11.2175846], [108.3229979, 11.2170599], [108.324082, 11.2243855], [108.3290168, 11.2281572], [108.3469108, 11.2257375], [108.3486593, 11.2051559], [108.3474576, 11.1953524], [108.3513496, 11.1916507], [108.3330803, 11.1708373], [108.3711021, 11.1754675], [108.4065013, 11.2005568]]]}, "properties": {"new_ward_code": "1005921", "name": "Xã Lương Sơn"}}, {"type": "Feature", "geometry": {"type": "Polygon", "coordinates": [[[108.1051373, 11.2685853], [108.1669986, 11.2412626], [108.1852739, 11.2234466], [108.193032, 11.2022136], [108.2207447, 11.1969942], [108.2550447, 11.1865021], [108.2592022, 11.1842434], [108.2631826, 11.1845065], [108.2708357, 11.1765231], [108.2810359, 11.167314], [108.3008717, 11.1551848], [108.307144, 11.1436295], [108.2988238, 11.1364924], [108.3321354, 11.1239608], [108.3446458, 11.1341669], [108.3330803, 11.1708373], [108.3513496, 11.1916507], [108.3474576, 11.1953524], [108.3486593, 11.2051559], [108.3469108, 11.2257375], [108.3290168, 11.2281572], [108.324082, 11.2243855], [108.3229979, 11.2170599], [108.318662, 11.2175846], [108.3134301, 11.2243888], [108.3147324, 11.2308827], [108.3100366, 11.2351147], [108.3055508, 11.2358458], [108.3053723, 11.2390791], [108.3016026, 11.2406891], [108.3025632, 11.2487101], [108.2990027, 11.2496789], [108.2980435, 11.2550754], [108.2929776, 11.2586003], [108.2866128, 11.2694257], [108.280051, 11.2703441], [108.2779831, 11.2748869], [108.2735999, 11.2749513], [108.2717428, 11.2863148], [108.2684657, 11.2890393], [108.267939, 11.2917914], [108.2639263, 11.2961094], [108.2629844, 11.2989066], [108.2545996, 11.2949249], [108.251971, 11.2920948], [108.2505447, 11.2984545], [108.2447572, 11.304623], [108.2443024, 11.3074472], [108.2393864, 11.3083137], [108.2344471, 11.3168696], [108.2306608, 11.3176893], [108.227248, 11.3216249], [108.2254523, 11.3257522], [108.2222507, 11.3271563], [108.2213917, 11.3387839], [108.2202887, 11.3343656], [108.2103879, 11.3288826], [108.1971788, 11.3230042], [108.1961817, 11.317764], [108.1866737, 11.3080393], [108.1827271, 11.305046], [108.1736903, 11.3035074], [108.1703299, 11.301732], [108.1587321, 11.3016794], [108.1404179, 11.295309], [108.1335698, 11.2912587], [108.1299198, 11.2904009], [108.1227314, 11.2809947], [108.12012, 11.284145], [108.1200332, 11.2894502], [108.1178284, 11.2935256], [108.114905, 11.2938547], [108.1111765, 11.2863148], [108.1125872, 11.278454], [108.1077835, 11.2760479], [108.1051373, 11.2685853]]]}, "properties": {"new_ward_code": "1005923", "name": "Xã Sông Lũy"}}, {"type": "Feature", "geometry": {"type": "Polygon", "coordinates": [[[108.2384419, 11.3533265], [108.2327986, 11.3502918], [108.2260985, 11.344165], [108.2213917, 11.3387839], [108.2222507, 11.3271563], [108.2254523, 11.3257522], [108.227248, 11.3216249], [108.2306608, 11.3176893], [108.2344471, 11.3168696], [108.2393864, 11.3083137], [108.2443024, 11.3074472], [108.2447572, 11.304623], [108.2505447, 11.2984545], [108.251971, 11.2920948], [108.2545996, 11.2949249], [108.2629844, 11.2989066], [108.2702637, 11.3023632], [108.2721627, 11.3098118], [108.2752311, 11.3159715], [108.2864964, 11.312726], [108.3439171, 11.3110112], [108.3618611, 11.3208687], [108.3712892, 11.3291049], [108.3673248, 11.3307806], [108.3677888, 11.3352492], [108.3769083, 11.3449323], [108.3686203, 11.3584071], [108.3693713, 11.3727648], [108.41896, 11.3768458], [108.4465927, 11.3905559], [108.4574819, 11.3938898], [108.4773302, 11.3754101], [108.4979081, 11.3626198], [108.5047746, 11.3345444], [108.516823, 11.3541733], [108.5102463, 11.3766302], [108.5283565, 11.3936373], [108.5602855, 11.3893147], [108.5621738, 11.4159018], [108.5598899, 11.4714344], [108.5600603, 11.4860703], [108.5595345, 11.4995594], [108.5605116, 11.5240986], [108.5593361, 11.5186407], [108.5540624, 11.5133175], [108.5457271, 11.5122293], [108.5422398, 11.506054], [108.5254321, 11.5087814], [108.5249453, 11.5129606], [108.5173756, 11.5145932], [108.5149293, 11.5187626], [108.5044838, 11.5259665], [108.4980851, 11.5260731], [108.4950086, 11.5299416], [108.4870075, 11.5281505], [108.483385, 11.5241679], [108.4815283, 11.5254741], [108.4739721, 11.524738], [108.4713219, 11.5229892], [108.469407, 11.518688], [108.465611, 11.5167162], [108.4544241, 11.5182701], [108.450793, 11.5166938], [108.4430301, 11.5175158], [108.4305686, 11.5137995], [108.4248847, 11.5166207], [108.4228937, 11.5235203], [108.4143814, 11.5270534], [108.4110563, 11.525987], [108.4069894, 11.5221927], [108.4032098, 11.5215439], [108.3959445, 11.5183576], [108.3940852, 11.5188273], [108.3883848, 11.5251322], [108.3819294, 11.5244489], [108.3758912, 11.5169276], [108.3739069, 11.5097362], [108.3686041, 11.5096968], [108.3627359, 11.5066668], [108.357524, 11.5085272], [108.3555284, 11.5056695], [108.3512587, 11.5053596], [108.3492324, 11.5088129], [108.3503019, 11.5197961], [108.3452503, 11.5220256], [108.3420706, 11.5283455], [108.3339098, 11.5227012], [108.3276254, 11.5231216], [108.3230898, 11.5317497], [108.3058125, 11.5231666], [108.3035863, 11.5193266], [108.2985556, 11.5155814], [108.2943553, 11.5142857], [108.2788414, 11.5149454], [108.2724179, 11.5053728], [108.2673862, 11.5015078], [108.2655698, 11.4970624], [108.2714251, 11.4904204], [108.2709597, 11.4875501], [108.2616001, 11.4797408], [108.2577699, 11.4751565], [108.2639766, 11.461318], [108.2645245, 11.4578782], [108.2675459, 11.4527126], [108.2679409, 11.4484672], [108.270387, 11.4466296], [108.2731526, 11.4399072], [108.2780088, 11.4400136], [108.2803434, 11.4454203], [108.2841736, 11.4475103], [108.2926655, 11.4413718], [108.2958091, 11.4359457], [108.2986629, 11.4280219], [108.302585, 11.4252438], [108.3067547, 11.4201464], [108.305511, 11.4154401], [108.3069885, 11.4132096], [108.3011788, 11.4077776], [108.2906806, 11.4004683], [108.278836, 11.395094], [108.2776961, 11.3869508], [108.2661384, 11.3735536], [108.2657039, 11.371613], [108.2556885, 11.3601795], [108.2504636, 11.3606739], [108.2384419, 11.3533265]]]}, "properties": {"new_ward_code": "1005922", "name": "Xã Phan Sơn"}}, {"type": "Feature", "geometry": {"type": "Polygon", "coordinates": [[[107.3941993, 11.0495544], [107.3987389, 11.0499755], [107.4022096, 11.0485829], [107.4069987, 11.0430138], [107.4127133, 11.0455475], [107.4129277, 11.04177], [107.420265, 11.0421965], [107.4215767, 11.0370476], [107.4283587, 11.0333471], [107.4368937, 11.033402], [107.4444118, 11.0287961], [107.4478194, 11.0283108], [107.4492583, 11.0214433], [107.4544182, 11.0176203], [107.4646708, 11.015814], [107.4686515, 11.0109378], [107.47345, 11.0071801], [107.487461, 11.0091008], [107.4933067, 11.0130791], [107.5013545, 11.0150726], [107.5063132, 11.0136436], [107.5080363, 11.0111501], [107.5111449, 11.0105909], [107.5155988, 11.0145241], [107.5225225, 11.0145229], [107.5301786, 11.0179741], [107.5341155, 11.0158151], [107.5423014, 11.01751], [107.5459529, 11.0202713], [107.5491732, 11.0206719], [107.5511688, 11.0244973], [107.5712532, 11.036518], [107.5706149, 11.0406074], [107.5732595, 11.0446552], [107.5724393, 11.0469269], [107.5733158, 11.0543085], [107.5755393, 11.0548666], [107.5807461, 11.0645893], [107.5607443, 11.0857645], [107.5560719, 11.0893811], [107.5480989, 11.0845038], [107.5447033, 11.084355], [107.5398124, 11.0870803], [107.5330639, 11.0862489], [107.5269949, 11.0867748], [107.5257683, 11.0893364], [107.5100237, 11.0998621], [107.5045829, 11.1027639], [107.4863559, 11.1083055], [107.4793339, 11.0981881], [107.4493744, 11.1015359], [107.4490052, 11.0978496], [107.4462474, 11.0916251], [107.4438113, 11.0902485], [107.4429908, 11.0841851], [107.4396603, 11.0856184], [107.438468, 11.0893501], [107.4304837, 11.0869396], [107.4319397, 11.0824999], [107.4275043, 11.0778572], [107.4229014, 11.0767693], [107.4229084, 11.0732397], [107.4256861, 11.0691217], [107.4253726, 11.0631926], [107.420785, 11.0575033], [107.418849, 11.0566897], [107.4148957, 11.0501126], [107.4092871, 11.0506867], [107.4004485, 11.0535153], [107.3941993, 11.0495544]]]}, "properties": {"new_ward_code": "1005950", "name": "Xã Trà Tân"}}, {"type": "Feature", "geometry": {"type": "Polygon", "coordinates": [[[107.5560719, 11.0893811], [107.5529165, 11.1075441], [107.5454289, 11.1347502], [107.5431935, 11.1361158], [107.5348958, 11.1367648], [107.5262913, 11.1481427], [107.5245988, 11.1563295], [107.5223216, 11.1573637], [107.5172147, 11.1645832], [107.5180848, 11.1748308], [107.5209235, 11.1791419], [107.52675, 11.1821798], [107.5185023, 11.1992564], [107.5043589, 11.1977967], [107.5054371, 11.2063768], [107.5018381, 11.2118869], [107.4975246, 11.2130017], [107.4992976, 11.2159274], [107.507121, 11.2200765], [107.5060272, 11.2267405], [107.5028461, 11.2304553], [107.5024909, 11.2353377], [107.5008899, 11.241819], [107.4971582, 11.2426186], [107.4960407, 11.2355239], [107.4996678, 11.2286944], [107.4972458, 11.2263888], [107.4894112, 11.2248876], [107.4858409, 11.2214661], [107.4880219, 11.2158501], [107.4820985, 11.210232], [107.4842771, 11.2044129], [107.4821355, 11.2000558], [107.4787322, 11.2022966], [107.4743968, 11.2021881], [107.4732012, 11.199602], [107.4764265, 11.1948735], [107.4707853, 11.1919865], [107.471927, 11.1860465], [107.4696079, 11.1839116], [107.4710122, 11.179225], [107.4664925, 11.1802393], [107.460618, 11.1767391], [107.4599218, 11.1738585], [107.4622049, 11.1683704], [107.457734, 11.1616234], [107.454956, 11.1604268], [107.4577301, 11.1514158], [107.4508442, 11.1474799], [107.4447123, 11.1485253], [107.4424621, 11.1395164], [107.4376889, 11.1391591], [107.4345031, 11.1369496], [107.4357904, 11.1297889], [107.4389788, 11.1254862], [107.4437103, 11.1254558], [107.4503447, 11.1188947], [107.4511158, 11.114971], [107.4534667, 11.1133332], [107.4493744, 11.1015359], [107.4793339, 11.0981881], [107.4863559, 11.1083055], [107.5045829, 11.1027639], [107.5100237, 11.0998621], [107.5257683, 11.0893364], [107.5269949, 11.0867748], [107.5330639, 11.0862489], [107.5398124, 11.0870803], [107.5447033, 11.084355], [107.5480989, 11.0845038], [107.5560719, 11.0893811]]]}, "properties": {"new_ward_code": "1005948", "name": "Xã Hoài Đức"}}, {"type": "Feature", "geometry": {"type": "Polygon", "coordinates": [[[107.5529165, 11.1075441], [107.556286, 11.1049809], [107.5600053, 11.1071481], [107.5632255, 11.1040143], [107.5674069, 11.1061371], [107.5684998, 11.1099482], [107.577077, 11.1156871], [107.5807838, 11.1236745], [107.5850432, 11.1278451], [107.5848756, 11.1344782], [107.583124, 11.1390561], [107.5905597, 11.1434581], [107.5946259, 11.1540032], [107.5923862, 11.1629987], [107.5946623, 11.1653939], [107.5949547, 11.1723203], [107.6003347, 11.1775457], [107.5989582, 11.1801899], [107.5953427, 11.1808864], [107.5919454, 11.1857778], [107.5911106, 11.1900812], [107.5920151, 11.1943546], [107.5942965, 11.1969701], [107.6006687, 11.1974807], [107.6009357, 11.2020959], [107.5967012, 11.2014059], [107.5932927, 11.2075663], [107.5881189, 11.2110745], [107.5867217, 11.2148577], [107.5812559, 11.2161289], [107.5782543, 11.2181891], [107.5756578, 11.2154312], [107.5725943, 11.2185412], [107.5715575, 11.2269882], [107.5656171, 11.2214873], [107.5626751, 11.2225355], [107.5621921, 11.2263363], [107.5651807, 11.230208], [107.5687292, 11.2287913], [107.5694995, 11.2336066], [107.5667873, 11.2382399], [107.5625199, 11.2373401], [107.5587393, 11.2391883], [107.5539307, 11.2437189], [107.5502273, 11.2421992], [107.5479555, 11.2368587], [107.5436988, 11.2346593], [107.5423632, 11.2387083], [107.5285819, 11.2467714], [107.5274232, 11.2501939], [107.5245099, 11.2517472], [107.518135, 11.2513849], [107.5162621, 11.2474156], [107.5125732, 11.24377], [107.5087262, 11.2422887], [107.5077812, 11.2371072], [107.5024909, 11.2353377], [107.5028461, 11.2304553], [107.5060272, 11.2267405], [107.507121, 11.2200765], [107.4992976, 11.2159274], [107.4975246, 11.2130017], [107.5018381, 11.2118869], [107.5054371, 11.2063768], [107.5043589, 11.1977967], [107.5185023, 11.1992564], [107.52675, 11.1821798], [107.5209235, 11.1791419], [107.5180848, 11.1748308], [107.5172147, 11.1645832], [107.5223216, 11.1573637], [107.5245988, 11.1563295], [107.5262913, 11.1481427], [107.5348958, 11.1367648], [107.5431935, 11.1361158], [107.5454289, 11.1347502], [107.5529165, 11.1075441]]]}, "properties": {"new_ward_code": "1005951", "name": "Xã Đức Linh"}}, {"type": "Feature", "geometry": {"type": "Polygon", "coordinates": [[[107.6143017, 11.3422786], [107.5931951, 11.3592098], [107.5912411, 11.365201], [107.586, 11.3683524], [107.5832213, 11.3729778], [107.576362, 11.3817202], [107.568469, 11.3826585], [107.5581611, 11.3720293], [107.5443042, 11.3665313], [107.5415933, 11.341624], [107.5395387, 11.3372637], [107.5354534, 11.3327037], [107.5351605, 11.3246979], [107.5296969, 11.3192565], [107.5249757, 11.3187712], [107.52395, 11.316103], [107.519096, 11.313683], [107.5176327, 11.3095343], [107.5188542, 11.3051215], [107.5219122, 11.3035725], [107.5235835, 11.2936587], [107.5207191, 11.2899252], [107.5185038, 11.2844183], [107.521201, 11.2804932], [107.5212698, 11.2742775], [107.5234763, 11.2730125], [107.5226488, 11.26776], [107.5249871, 11.2599488], [107.5233442, 11.2563345], [107.5245099, 11.2517472], [107.5274232, 11.2501939], [107.5285819, 11.2467714], [107.5423632, 11.2387083], [107.5436988, 11.2346593], [107.5479555, 11.2368587], [107.5502273, 11.2421992], [107.5539307, 11.2437189], [107.5587393, 11.2391883], [107.5625199, 11.2373401], [107.5667873, 11.2382399], [107.5694995, 11.2336066], [107.5687292, 11.2287913], [107.5651807, 11.230208], [107.5621921, 11.2263363], [107.5626751, 11.2225355], [107.5656171, 11.2214873], [107.5715575, 11.2269882], [107.5725943, 11.2185412], [107.5756578, 11.2154312], [107.5782543, 11.2181891], [107.5812559, 11.2161289], [107.5867217, 11.2148577], [107.5881189, 11.2110745], [107.5932927, 11.2075663], [107.5967012, 11.2014059], [107.6009357, 11.2020959], [107.6006687, 11.1974807], [107.603413, 11.1952726], [107.6079708, 11.1984219], [107.6168615, 11.1964154], [107.6231244, 11.2031037], [107.6331881, 11.2161668], [107.6414144, 11.2275298], [107.6384532, 11.2311814], [107.6428682, 11.2370402], [107.6443997, 11.2416336], [107.6401725, 11.2452455], [107.6446864, 11.253334], [107.6440809, 11.2566505], [107.6468942, 11.2605427], [107.644893, 11.2669827], [107.644156, 11.2734439], [107.644676, 11.2830262], [107.6480374, 11.288407], [107.6543212, 11.2922499], [107.6595948, 11.3018681], [107.6575053, 11.3081805], [107.657905, 11.3110684], [107.6627786, 11.3202803], [107.6626123, 11.3248933], [107.6574377, 11.3319559], [107.6460847, 11.3376799], [107.6295363, 11.3378675], [107.6213447, 11.3397176], [107.6143017, 11.3422786]]]}, "properties": {"new_ward_code": "1005949", "name": "Xã Nam Thành"}}, {"type": "Feature", "geometry": {"type": "Polygon", "coordinates": [[[107.6932186, 10.916963], [107.7200138, 10.9180797], [107.7629453, 10.9149351], [107.7921975, 10.9132785], [107.8100181, 10.9208661], [107.8435564, 10.9204395], [107.865808, 10.9205975], [107.8711992, 10.9258673], [107.8574717, 10.9321431], [107.8488564, 10.9384477], [107.8484166, 10.9437304], [107.8367275, 10.9434144], [107.8327793, 10.9740449], [107.8003433, 10.9791295], [107.7519214, 10.9804066], [107.7373141, 10.9805066], [107.7199441, 10.9800906], [107.6950881, 10.985262], [107.6717985, 11.0095062], [107.6791759, 11.0089007], [107.681382, 11.0200716], [107.6885033, 11.0189764], [107.6901748, 11.024692], [107.6926077, 11.0279844], [107.6899169, 11.0300641], [107.6873402, 11.0359357], [107.6769134, 11.0401457], [107.6732549, 11.0458978], [107.6688346, 11.0569555], [107.6609141, 11.0548245], [107.6568317, 11.0559091], [107.6546562, 11.0539925], [107.648592, 11.0443051], [107.6406822, 11.052142], [107.6416558, 11.0558117], [107.639033, 11.0579711], [107.6403265, 11.0658589], [107.6286079, 11.0700221], [107.6302246, 11.0753162], [107.6293042, 11.080029], [107.62602, 11.083931], [107.6233739, 11.099762], [107.6257127, 11.1034653], [107.6239687, 11.1088611], [107.6210886, 11.1098426], [107.6212999, 11.114952], [107.6150402, 11.118641], [107.6104161, 11.1081528], [107.6045153, 11.0977626], [107.6038501, 11.0941084], [107.6000846, 11.0916217], [107.5955278, 11.0913893], [107.5836289, 11.084459], [107.5810111, 11.0815162], [107.5810969, 11.0786103], [107.5837764, 11.0727403], [107.5810148, 11.0685799], [107.5807461, 11.0645893], [107.5755393, 11.0548666], [107.5733158, 11.0543085], [107.5724393, 11.0469269], [107.5732595, 11.0446552], [107.5706149, 11.0406074], [107.5712532, 11.036518], [107.5511688, 11.0244973], [107.5491732, 11.0206719], [107.5459529, 11.0202713], [107.5423014, 11.01751], [107.5341155, 11.0158151], [107.5301786, 11.0179741], [107.5225225, 11.0145229], [107.5155988, 11.0145241], [107.5111449, 11.0105909], [107.5080363, 11.0111501], [107.5092565, 11.0067886], [107.5125994, 11.0035385], [107.5194202, 11.0012239], [107.5246471, 10.9954623], [107.5305484, 10.9933819], [107.5351225, 10.9841897], [107.5378648, 10.9774038], [107.5425911, 10.9781605], [107.5531322, 10.9529631], [107.5604117, 10.9370151], [107.5609535, 10.9082481], [107.5824041, 10.9077791], [107.6342824, 10.9138974], [107.653597, 10.9158569], [107.6932186, 10.916963]]]}, "properties": {"new_ward_code": "1005945", "name": "Xã Suối Kiết"}}, {"type": "Feature", "geometry": {"type": "Polygon", "coordinates": [[[107.8251258, 11.0338065], [107.814213, 11.0368128], [107.7867553, 11.0365495], [107.7543515, 11.04927], [107.7446687, 11.0496122], [107.7402914, 11.0538347], [107.7388886, 11.0580624], [107.7363378, 11.0596839], [107.7356404, 11.0642274], [107.7262956, 11.0642853], [107.7086949, 11.0752463], [107.7081048, 11.0935609], [107.7106208, 11.1165066], [107.70428, 11.1338791], [107.7056506, 11.1433056], [107.7018446, 11.1462519], [107.6988043, 11.1446374], [107.6943363, 11.1460905], [107.6877439, 11.1440545], [107.6877234, 11.1398327], [107.6918668, 11.1356924], [107.6829425, 11.1350701], [107.6793528, 11.1412226], [107.6775778, 11.1378747], [107.6684143, 11.1385978], [107.6661108, 11.1406149], [107.660532, 11.1522287], [107.6634642, 11.1535776], [107.6690009, 11.1594531], [107.6578242, 11.1640661], [107.6587227, 11.1665844], [107.6537982, 11.1703894], [107.6396012, 11.1768547], [107.6384962, 11.1745075], [107.628521, 11.1786571], [107.6275822, 11.1822515], [107.6170117, 11.1822041], [107.6168615, 11.1964154], [107.6079708, 11.1984219], [107.603413, 11.1952726], [107.6006687, 11.1974807], [107.5942965, 11.1969701], [107.5920151, 11.1943546], [107.5911106, 11.1900812], [107.5919454, 11.1857778], [107.5953427, 11.1808864], [107.5989582, 11.1801899], [107.6003347, 11.1775457], [107.5949547, 11.1723203], [107.5946623, 11.1653939], [107.5923862, 11.1629987], [107.5946259, 11.1540032], [107.5905597, 11.1434581], [107.583124, 11.1390561], [107.5848756, 11.1344782], [107.5850432, 11.1278451], [107.5807838, 11.1236745], [107.577077, 11.1156871], [107.5684998, 11.1099482], [107.5674069, 11.1061371], [107.5632255, 11.1040143], [107.5600053, 11.1071481], [107.556286, 11.1049809], [107.5529165, 11.1075441], [107.5560719, 11.0893811], [107.5607443, 11.0857645], [107.5807461, 11.0645893], [107.5810148, 11.0685799], [107.5837764, 11.0727403], [107.5810969, 11.0786103], [107.5810111, 11.0815162], [107.5836289, 11.084459], [107.5955278, 11.0913893], [107.6000846, 11.0916217], [107.6038501, 11.0941084], [107.6045153, 11.0977626], [107.6104161, 11.1081528], [107.6150402, 11.118641], [107.6212999, 11.114952], [107.6210886, 11.1098426], [107.6239687, 11.1088611], [107.6257127, 11.1034653], [107.6233739, 11.099762], [107.62602, 11.083931], [107.6293042, 11.080029], [107.6302246, 11.0753162], [107.6286079, 11.0700221], [107.6403265, 11.0658589], [107.639033, 11.0579711], [107.6416558, 11.0558117], [107.6406822, 11.052142], [107.648592, 11.0443051], [107.6546562, 11.0539925], [107.6568317, 11.0559091], [107.6609141, 11.0548245], [107.6688346, 11.0569555], [107.6732549, 11.0458978], [107.6769134, 11.0401457], [107.6873402, 11.0359357], [107.6899169, 11.0300641], [107.6926077, 11.0279844], [107.6901748, 11.024692], [107.6885033, 11.0189764], [107.681382, 11.0200716], [107.6791759, 11.0089007], [107.6717985, 11.0095062], [107.6950881, 10.985262], [107.7199441, 10.9800906], [107.7373141, 10.9805066], [107.7519214, 10.9804066], [107.8003433, 10.9791295], [107.8327793, 10.9740449], [107.8292763, 10.9838085], [107.8271587, 10.9876962], [107.8279077, 10.9971362], [107.8250984, 11.0004795], [107.8259409, 11.0035856], [107.8292905, 11.0073584], [107.8235042, 11.0145059], [107.820763, 11.0209747], [107.8236751, 11.0279083], [107.8251258, 11.0338065]]]}, "properties": {"new_ward_code": "1005946", "name": "Xã Tánh Linh"}}, {"type": "Feature", "geometry": {"type": "Polygon", "coordinates": [[[107.8097069, 11.1704973], [107.8142845, 11.1771436], [107.8201391, 11.1789645], [107.8218163, 11.1827149], [107.8291018, 11.1857884], [107.8303223, 11.1910999], [107.8356385, 11.1937263], [107.8357243, 11.2109179], [107.8393239, 11.2240517], [107.8385889, 11.2256513], [107.8449351, 11.2307131], [107.8493691, 11.2313889], [107.8578052, 11.2390881], [107.8523404, 11.2596624], [107.8499243, 11.2652275], [107.8488527, 11.27125], [107.8501616, 11.2767393], [107.8437834, 11.2783118], [107.8377729, 11.2819725], [107.8307146, 11.2842333], [107.8247634, 11.2841363], [107.8147117, 11.2929372], [107.8099117, 11.2939511], [107.8035528, 11.2967816], [107.8031182, 11.3104934], [107.7971547, 11.3055699], [107.7939616, 11.3005235], [107.7969074, 11.2904955], [107.7967977, 11.2841194], [107.7950084, 11.2801109], [107.7917254, 11.2776278], [107.790631, 11.2721565], [107.766577, 11.2630076], [107.7404898, 11.2279718], [107.7358496, 11.212807], [107.7346158, 11.2069819], [107.7241659, 11.1892112], [107.7247345, 11.1858853], [107.7129248, 11.1874153], [107.6985927, 11.1799484], [107.6908261, 11.1676238], [107.6818353, 11.1642582], [107.6771669, 11.1617043], [107.6724073, 11.1630345], [107.6690009, 11.1594531], [107.6634642, 11.1535776], [107.660532, 11.1522287], [107.6661108, 11.1406149], [107.6684143, 11.1385978], [107.6775778, 11.1378747], [107.6793528, 11.1412226], [107.6829425, 11.1350701], [107.6918668, 11.1356924], [107.6877234, 11.1398327], [107.6877439, 11.1440545], [107.6943363, 11.1460905], [107.6988043, 11.1446374], [107.7018446, 11.1462519], [107.7056506, 11.1433056], [107.70428, 11.1338791], [107.7106208, 11.1165066], [107.7081048, 11.0935609], [107.7086949, 11.0752463], [107.7262956, 11.0642853], [107.7356404, 11.0642274], [107.7363378, 11.0596839], [107.7388886, 11.0580624], [107.7402914, 11.0538347], [107.7446687, 11.0496122], [107.7543515, 11.04927], [107.7867553, 11.0365495], [107.814213, 11.0368128], [107.8251258, 11.0338065], [107.8264128, 11.0393523], [107.8241035, 11.0430643], [107.8228068, 11.0528396], [107.8129738, 11.0534872], [107.7876927, 11.0650645], [107.7854533, 11.074058], [107.7902895, 11.0777819], [107.7775633, 11.0874386], [107.7814525, 11.0973985], [107.7830672, 11.1055051], [107.7884102, 11.115696], [107.791543, 11.1177646], [107.7888545, 11.1245726], [107.7825982, 11.1266987], [107.7780718, 11.1270432], [107.7748382, 11.1290814], [107.7734166, 11.1353213], [107.7811575, 11.1394241], [107.7937424, 11.1545716], [107.7999544, 11.1645503], [107.8097069, 11.1704973]]]}, "properties": {"new_ward_code": "1005947", "name": "Xã Đồng Kho"}}, {"type": "Feature", "geometry": {"type": "Polygon", "coordinates": [[[107.7494632, 11.3670218], [107.7509558, 11.3642923], [107.7439392, 11.3514384], [107.740978, 11.3377581], [107.7377272, 11.3111006], [107.7300726, 11.2949284], [107.7233022, 11.2896749], [107.7215695, 11.2838671], [107.7197778, 11.2827361], [107.7179432, 11.2767756], [107.7188436, 11.2734435], [107.7179104, 11.2666958], [107.7140647, 11.2591512], [107.7041674, 11.2570257], [107.6915529, 11.2523615], [107.6927216, 11.2463496], [107.6919801, 11.2376652], [107.6856029, 11.2284759], [107.6819876, 11.2263947], [107.6806205, 11.2206497], [107.6772537, 11.218583], [107.6737806, 11.2104733], [107.6712084, 11.2067162], [107.6618475, 11.1971521], [107.6604956, 11.1928264], [107.6571858, 11.1889586], [107.6520625, 11.1884954], [107.6456669, 11.1906155], [107.6426625, 11.190048], [107.6429446, 11.1829672], [107.6394403, 11.1810542], [107.6396012, 11.1768547], [107.6537982, 11.1703894], [107.6587227, 11.1665844], [107.6578242, 11.1640661], [107.6690009, 11.1594531], [107.6724073, 11.1630345], [107.6771669, 11.1617043], [107.6818353, 11.1642582], [107.6908261, 11.1676238], [107.6985927, 11.1799484], [107.7129248, 11.1874153], [107.7247345, 11.1858853], [107.7241659, 11.1892112], [107.7346158, 11.2069819], [107.7358496, 11.212807], [107.7404898, 11.2279718], [107.766577, 11.2630076], [107.790631, 11.2721565], [107.7917254, 11.2776278], [107.7950084, 11.2801109], [107.7967977, 11.2841194], [107.7969074, 11.2904955], [107.7939616, 11.3005235], [107.7971547, 11.3055699], [107.8031182, 11.3104934], [107.8083705, 11.3180116], [107.8107373, 11.324254], [107.8188291, 11.3269326], [107.8188584, 11.3325929], [107.8211646, 11.3377114], [107.8211558, 11.3409907], [107.8258836, 11.3454008], [107.8287719, 11.3509604], [107.8288369, 11.359766], [107.8227803, 11.3708627], [107.799126, 11.3711647], [107.7969156, 11.3725597], [107.7954192, 11.3710575], [107.7693986, 11.3703193], [107.7524636, 11.3690104], [107.7494632, 11.3670218]]]}, "properties": {"new_ward_code": "1005943", "name": "Xã Bắc Ruộng"}}, {"type": "Feature", "geometry": {"type": "Polygon", "coordinates": [[[107.6574377, 11.3319559], [107.6626123, 11.3248933], [107.6627786, 11.3202803], [107.657905, 11.3110684], [107.6575053, 11.3081805], [107.6595948, 11.3018681], [107.6543212, 11.2922499], [107.6480374, 11.288407], [107.644676, 11.2830262], [107.644156, 11.2734439], [107.644893, 11.2669827], [107.6468942, 11.2605427], [107.6440809, 11.2566505], [107.6446864, 11.253334], [107.6401725, 11.2452455], [107.6443997, 11.2416336], [107.6428682, 11.2370402], [107.6384532, 11.2311814], [107.6414144, 11.2275298], [107.6331881, 11.2161668], [107.6231244, 11.2031037], [107.6168615, 11.1964154], [107.6170117, 11.1822041], [107.6275822, 11.1822515], [107.628521, 11.1786571], [107.6384962, 11.1745075], [107.6396012, 11.1768547], [107.6394403, 11.1810542], [107.6429446, 11.1829672], [107.6426625, 11.190048], [107.6456669, 11.1906155], [107.6520625, 11.1884954], [107.6571858, 11.1889586], [107.6604956, 11.1928264], [107.6618475, 11.1971521], [107.6712084, 11.2067162], [107.6737806, 11.2104733], [107.6772537, 11.218583], [107.6806205, 11.2206497], [107.6819876, 11.2263947], [107.6856029, 11.2284759], [107.6919801, 11.2376652], [107.6927216, 11.2463496], [107.6915529, 11.2523615], [107.7041674, 11.2570257], [107.7140647, 11.2591512], [107.7179104, 11.2666958], [107.7188436, 11.2734435], [107.7179432, 11.2767756], [107.7197778, 11.2827361], [107.7215695, 11.2838671], [107.7233022, 11.2896749], [107.7300726, 11.2949284], [107.7377272, 11.3111006], [107.740978, 11.3377581], [107.7439392, 11.3514384], [107.7509558, 11.3642923], [107.7494632, 11.3670218], [107.7382446, 11.3669853], [107.7371547, 11.3622205], [107.734647, 11.3600768], [107.7285958, 11.3608798], [107.7218909, 11.3587858], [107.7233827, 11.3538998], [107.7211082, 11.3462315], [107.7137911, 11.336743], [107.6933956, 11.3259077], [107.6832998, 11.3225308], [107.6777483, 11.3240328], [107.6700748, 11.3248423], [107.6574377, 11.3319559]]]}, "properties": {"new_ward_code": "1005944", "name": "Xã Nghị Đức"}}, {"type": "Feature", "geometry": {"type": "Polygon", "coordinates": [[[107.8227803, 11.3708627], [107.8288369, 11.359766], [107.8287719, 11.3509604], [107.8258836, 11.3454008], [107.8211558, 11.3409907], [107.8211646, 11.3377114], [107.8188584, 11.3325929], [107.8188291, 11.3269326], [107.8107373, 11.324254], [107.8083705, 11.3180116], [107.8031182, 11.3104934], [107.8035528, 11.2967816], [107.8099117, 11.2939511], [107.8147117, 11.2929372], [107.8247634, 11.2841363], [107.8307146, 11.2842333], [107.8377729, 11.2819725], [107.8437834, 11.2783118], [107.8501616, 11.2767393], [107.8488527, 11.27125], [107.8499243, 11.2652275], [107.8523404, 11.2596624], [107.8578052, 11.2390881], [107.8493691, 11.2313889], [107.8449351, 11.2307131], [107.8385889, 11.2256513], [107.8393239, 11.2240517], [107.8357243, 11.2109179], [107.8356385, 11.1937263], [107.8303223, 11.1910999], [107.8291018, 11.1857884], [107.8218163, 11.1827149], [107.8201391, 11.1789645], [107.8142845, 11.1771436], [107.8097069, 11.1704973], [107.8117863, 11.1702931], [107.8227826, 11.1657531], [107.8256661, 11.1685448], [107.8281021, 11.1677081], [107.8309071, 11.1636819], [107.8329509, 11.1654186], [107.8454876, 11.1672028], [107.8442822, 11.1739273], [107.849783, 11.176429], [107.8529227, 11.172804], [107.8617171, 11.1760209], [107.8662541, 11.1749318], [107.8692037, 11.1723971], [107.8766284, 11.1753102], [107.8815579, 11.1755127], [107.8834763, 11.1798457], [107.8949929, 11.1849527], [107.8985763, 11.1850121], [107.9014342, 11.1887713], [107.9031873, 11.198936], [107.9050087, 11.2030924], [107.9160141, 11.2087766], [107.9213297, 11.213349], [107.925176, 11.2111284], [107.932497, 11.2123335], [107.9448661, 11.2155564], [107.9599493, 11.2241697], [107.9695516, 11.2268908], [107.9714642, 11.2293823], [107.9688193, 11.2350197], [107.9683059, 11.2391264], [107.9724323, 11.2418608], [107.9740604, 11.2489778], [107.9782569, 11.2523852], [107.9803342, 11.2562765], [107.9808855, 11.2620027], [107.9798514, 11.271819], [107.9804836, 11.2753987], [107.9776286, 11.2788784], [107.973488, 11.278459], [107.9727128, 11.2819627], [107.9698622, 11.2822362], [107.9630127, 11.2905663], [107.9564712, 11.2909484], [107.9521351, 11.2929554], [107.9551757, 11.2964044], [107.9527484, 11.304509], [107.9476056, 11.3057809], [107.947077, 11.3091584], [107.9434097, 11.3118607], [107.9417038, 11.3220311], [107.9389505, 11.3216966], [107.9345262, 11.3267388], [107.9273379, 11.3273069], [107.9283678, 11.3318514], [107.9301274, 11.3538051], [107.9283496, 11.3603153], [107.9096937, 11.3635487], [107.8876841, 11.3655547], [107.860465, 11.3675319], [107.8227803, 11.3708627]]]}, "properties": {"new_ward_code": "1005928", "name": "Xã La Dạ"}}, {"type": "Feature", "geometry": {"type": "Polygon", "coordinates": [[[107.9283496, 11.3603153], [107.9301274, 11.3538051], [107.9283678, 11.3318514], [107.9273379, 11.3273069], [107.9345262, 11.3267388], [107.9389505, 11.3216966], [107.9417038, 11.3220311], [107.9434097, 11.3118607], [107.947077, 11.3091584], [107.9476056, 11.3057809], [107.9527484, 11.304509], [107.9551757, 11.2964044], [107.9521351, 11.2929554], [107.9564712, 11.2909484], [107.9630127, 11.2905663], [107.9698622, 11.2822362], [107.9727128, 11.2819627], [107.973488, 11.278459], [107.9776286, 11.2788784], [107.9804836, 11.2753987], [107.9798514, 11.271819], [107.9808855, 11.2620027], [107.9803342, 11.2562765], [107.9782569, 11.2523852], [107.9740604, 11.2489778], [107.9724323, 11.2418608], [107.9683059, 11.2391264], [107.9688193, 11.2350197], [107.9714642, 11.2293823], [107.9695516, 11.2268908], [107.9599493, 11.2241697], [107.9448661, 11.2155564], [107.932497, 11.2123335], [107.925176, 11.2111284], [107.9213297, 11.213349], [107.9160141, 11.2087766], [107.9050087, 11.2030924], [107.9031873, 11.198936], [107.9014342, 11.1887713], [107.8985763, 11.1850121], [107.8949929, 11.1849527], [107.8834763, 11.1798457], [107.8815579, 11.1755127], [107.883178, 11.1737312], [107.8902, 11.1720603], [107.8890145, 11.1688579], [107.8909457, 11.1620767], [107.8979888, 11.157405], [107.9033375, 11.1484348], [107.9053545, 11.1434453], [107.9093403, 11.1399136], [107.91228, 11.1397504], [107.9161562, 11.1448562], [107.9286662, 11.143828], [107.9350414, 11.1476992], [107.9418664, 11.1493716], [107.9479979, 11.1479979], [107.9527405, 11.1508551], [107.9542243, 11.1561611], [107.9632263, 11.1601517], [107.9670817, 11.1577026], [107.9728818, 11.1658028], [107.9969895, 11.1899689], [108.006429, 11.1889954], [108.0115807, 11.1924633], [108.0186689, 11.1899541], [108.0237579, 11.1904215], [108.0307276, 11.1944764], [108.0376596, 11.195539], [108.0392289, 11.1988413], [108.0433112, 11.2005568], [108.0490994, 11.2002042], [108.0509341, 11.2039667], [108.0499899, 11.2119125], [108.0464359, 11.2153727], [108.0486241, 11.2194473], [108.0485737, 11.2232493], [108.0464412, 11.2253603], [108.0482855, 11.2327201], [108.0466164, 11.2349592], [108.0533906, 11.2405132], [108.0531402, 11.2455994], [108.0478731, 11.2520539], [108.0471253, 11.2556314], [108.0424097, 11.2590183], [108.0425735, 11.2674195], [108.0447596, 11.2765441], [108.0390993, 11.281071], [108.0348998, 11.2895802], [108.0329567, 11.2955947], [108.0303401, 11.2990597], [108.032483, 11.304385], [108.0291343, 11.3106306], [108.0278623, 11.3184253], [108.0302376, 11.3228043], [108.0297309, 11.3273892], [108.0020254, 11.3327875], [108.0009645, 11.3362565], [107.9968883, 11.3379593], [107.9946345, 11.3410665], [107.9875196, 11.3400544], [107.9770429, 11.3435657], [107.9729995, 11.3446865], [107.9635693, 11.3495516], [107.956737, 11.3514727], [107.949465, 11.3473067], [107.9445878, 11.3466369], [107.9409885, 11.3476563], [107.936766, 11.351451], [107.9339468, 11.3590014], [107.9283496, 11.3603153]]]}, "properties": {"new_ward_code": "1005929", "name": "Xã Đông Giang"}}, {"type": "Feature", "geometry": {"type": "Polygon", "coordinates": [[[108.2472496, 11.0281678], [108.2533014, 11.0326691], [108.2300615, 11.0423412], [108.2139029, 11.0430199], [108.2018327, 11.0417855], [108.1868993, 11.0487769], [108.1731097, 11.0563639], [108.1753956, 11.0604296], [108.1632452, 11.0615191], [108.1606847, 11.0656956], [108.1593887, 11.0722193], [108.1537391, 11.072714], [108.1541092, 11.0813484], [108.1554957, 11.0833326], [108.1555159, 11.0890541], [108.1498847, 11.0840972], [108.1447685, 11.0870865], [108.1412636, 11.0913345], [108.1365776, 11.0933202], [108.1335126, 11.0961864], [108.1285526, 11.0964327], [108.1261741, 11.0887165], [108.1235951, 11.0872241], [108.1165865, 11.0898444], [108.1162107, 11.0854946], [108.1123543, 11.0860153], [108.111655, 11.091489], [108.1077875, 11.089411], [108.100571, 11.0914572], [108.0968908, 11.0935686], [108.095468, 11.0979442], [108.0884082, 11.0986905], [108.0844427, 11.1045569], [108.0803838, 11.1051566], [108.0752282, 11.109657], [108.0692013, 11.1060438], [108.0608888, 11.1118625], [108.0605909, 11.1179552], [108.0553156, 11.1186685], [108.0432207, 11.1262251], [108.0405931, 11.1321995], [108.0313202, 11.1341996], [108.014987, 11.1474217], [108.0062934, 11.1456951], [108.0040824, 11.1495024], [107.9956294, 11.1495762], [107.986362, 11.1425934], [107.9781369, 11.1462928], [107.9752477, 11.146367], [107.9683432, 11.1517838], [107.9670817, 11.1577026], [107.9632263, 11.1601517], [107.9542243, 11.1561611], [107.9527405, 11.1508551], [107.9479979, 11.1479979], [107.9418664, 11.1493716], [107.9350414, 11.1476992], [107.9286662, 11.143828], [107.9161562, 11.1448562], [107.91228, 11.1397504], [107.932949, 11.1193069], [107.9659992, 11.08926], [107.988975, 11.0802896], [108.0048698, 11.0725192], [108.0197132, 11.0723192], [108.0306951, 11.0688115], [108.0399944, 11.069174], [108.0540835, 11.0687383], [108.0636696, 11.0651432], [108.0714076, 11.0648705], [108.0761266, 11.0625238], [108.0863256, 11.0601182], [108.091005, 11.0624613], [108.0950304, 11.0614533], [108.1018498, 11.0620032], [108.1108903, 11.055796], [108.1189918, 11.0636585], [108.1184999, 11.0574646], [108.1201727, 11.0518779], [108.1254629, 11.0494187], [108.1285948, 11.0432468], [108.132596, 11.0417905], [108.1404091, 11.034713], [108.1458814, 11.031767], [108.145254, 11.0291255], [108.1410306, 11.0266568], [108.1427944, 11.0214486], [108.1400984, 11.0090711], [108.1458226, 11.0023369], [108.1504682, 11.0011337], [108.1502559, 10.9975061], [108.1479013, 10.9949357], [108.1494583, 10.989176], [108.1521063, 10.9870433], [108.1670094, 10.9874448], [108.1788228, 10.9922756], [108.1876972, 10.9925502], [108.1900442, 10.9971421], [108.1958967, 11.0008072], [108.215096, 11.0169834], [108.2472496, 11.0281678]]]}, "properties": {"new_ward_code": "1005925", "name": "Xã Hàm Thuận"}}, {"type": "Feature", "geometry": {"type": "Polygon", "coordinates": [[[108.0464359, 11.2153727], [108.0499899, 11.2119125], [108.0509341, 11.2039667], [108.0490994, 11.2002042], [108.0433112, 11.2005568], [108.0392289, 11.1988413], [108.0376596, 11.195539], [108.0307276, 11.1944764], [108.0237579, 11.1904215], [108.0186689, 11.1899541], [108.0115807, 11.1924633], [108.006429, 11.1889954], [107.9969895, 11.1899689], [107.9728818, 11.1658028], [107.9670817, 11.1577026], [107.9683432, 11.1517838], [107.9752477, 11.146367], [107.9781369, 11.1462928], [107.986362, 11.1425934], [107.9956294, 11.1495762], [108.0040824, 11.1495024], [108.0062934, 11.1456951], [108.014987, 11.1474217], [108.0313202, 11.1341996], [108.0405931, 11.1321995], [108.0432207, 11.1262251], [108.0553156, 11.1186685], [108.0605909, 11.1179552], [108.0608888, 11.1118625], [108.0692013, 11.1060438], [108.0752282, 11.109657], [108.0803838, 11.1051566], [108.0844427, 11.1045569], [108.0884082, 11.0986905], [108.095468, 11.0979442], [108.0968908, 11.0935686], [108.100571, 11.0914572], [108.1077875, 11.089411], [108.111655, 11.091489], [108.1123543, 11.0860153], [108.1162107, 11.0854946], [108.1165865, 11.0898444], [108.1235951, 11.0872241], [108.1261741, 11.0887165], [108.1285526, 11.0964327], [108.1335126, 11.0961864], [108.1365776, 11.0933202], [108.1412636, 11.0913345], [108.1447685, 11.0870865], [108.1498847, 11.0840972], [108.1555159, 11.0890541], [108.1701634, 11.1020703], [108.1691814, 11.1069098], [108.1712315, 11.1147578], [108.1720302, 11.1274515], [108.1692924, 11.1309372], [108.1782023, 11.1341541], [108.1809734, 11.1421417], [108.1795067, 11.1449334], [108.1801441, 11.1500138], [108.1838858, 11.1585768], [108.1877294, 11.1611741], [108.194791, 11.1691467], [108.1953059, 11.1720664], [108.18925, 11.1788637], [108.1934353, 11.1826646], [108.1957138, 11.1880927], [108.1946638, 11.1939177], [108.1975098, 11.1957797], [108.193032, 11.2022136], [108.1852739, 11.2234466], [108.1669986, 11.2412626], [108.1051373, 11.2685853], [108.100144, 11.2662869], [108.0970394, 11.2681913], [108.0874443, 11.2680898], [108.0783516, 11.2580305], [108.0766, 11.2547938], [108.0694038, 11.2506963], [108.0639631, 11.2462336], [108.0578127, 11.2428643], [108.0557084, 11.2360221], [108.0557068, 11.2303006], [108.0576825, 11.2283927], [108.0586621, 11.2230886], [108.0578703, 11.2186794], [108.051578, 11.2183834], [108.0464359, 11.2153727]]]}, "properties": {"new_ward_code": "1005926", "name": "Xã Hàm Thuận Bắc"}}, {"type": "Feature", "geometry": {"type": "Polygon", "coordinates": [[[108.2988238, 11.1364924], [108.307144, 11.1436295], [108.3008717, 11.1551848], [108.2810359, 11.167314], [108.2708357, 11.1765231], [108.2631826, 11.1845065], [108.2592022, 11.1842434], [108.2550447, 11.1865021], [108.2207447, 11.1969942], [108.193032, 11.2022136], [108.1975098, 11.1957797], [108.1946638, 11.1939177], [108.1957138, 11.1880927], [108.1934353, 11.1826646], [108.18925, 11.1788637], [108.1953059, 11.1720664], [108.194791, 11.1691467], [108.1877294, 11.1611741], [108.1838858, 11.1585768], [108.1801441, 11.1500138], [108.1795067, 11.1449334], [108.1809734, 11.1421417], [108.1782023, 11.1341541], [108.1692924, 11.1309372], [108.1720302, 11.1274515], [108.1712315, 11.1147578], [108.1691814, 11.1069098], [108.1701634, 11.1020703], [108.1555159, 11.0890541], [108.1554957, 11.0833326], [108.1541092, 11.0813484], [108.1537391, 11.072714], [108.1593887, 11.0722193], [108.1606847, 11.0656956], [108.1632452, 11.0615191], [108.1753956, 11.0604296], [108.1731097, 11.0563639], [108.1868993, 11.0487769], [108.2018327, 11.0417855], [108.2139029, 11.0430199], [108.2300615, 11.0423412], [108.2533014, 11.0326691], [108.2576377, 11.0952823], [108.3013773, 11.0979565], [108.2988238, 11.1364924]]]}, "properties": {"new_ward_code": "1005927", "name": "Xã Hồng Sơn"}}, {"type": "Feature", "geometry": {"type": "Polygon", "coordinates": [[[108.1900442, 10.9971421], [108.1876972, 10.9925502], [108.1788228, 10.9922756], [108.1670094, 10.9874448], [108.1521063, 10.9870433], [108.1494583, 10.989176], [108.1479013, 10.9949357], [108.1502559, 10.9975061], [108.1504682, 11.0011337], [108.1458226, 11.0023369], [108.1400984, 11.0090711], [108.1396535, 11.0063626], [108.1352761, 11.0057781], [108.1292358, 11.0033637], [108.1276459, 10.9992199], [108.1238335, 10.9956457], [108.1251144, 10.9928198], [108.1222232, 10.9859624], [108.1139479, 10.9833071], [108.1103059, 10.9691976], [108.1067295, 10.9601406], [108.1103517, 10.9548512], [108.1064692, 10.9524312], [108.1032405, 10.953061], [108.1021313, 10.9503907], [108.0977952, 10.9498608], [108.0930169, 10.9460077], [108.0988194, 10.9427981], [108.1040627, 10.9420723], [108.1077689, 10.9441246], [108.1134493, 10.9427965], [108.1160658, 10.9479599], [108.1237936, 10.9447943], [108.1418341, 10.9451104], [108.1458843, 10.9438516], [108.1826091, 10.9597834], [108.1883686, 10.9554948], [108.1893146, 10.9633331], [108.1960362, 10.9933928], [108.1900442, 10.9971421]]]}, "properties": {"new_ward_code": "1005954", "name": "Phường Hàm Thắng"}}, {"type": "Feature", "geometry": {"type": "Polygon", "coordinates": [[[108.1032405, 10.953061], [108.1064692, 10.9524312], [108.1103517, 10.9548512], [108.1067295, 10.9601406], [108.1103059, 10.9691976], [108.1139479, 10.9833071], [108.1222232, 10.9859624], [108.1251144, 10.9928198], [108.1238335, 10.9956457], [108.1276459, 10.9992199], [108.1292358, 11.0033637], [108.1352761, 11.0057781], [108.1396535, 11.0063626], [108.1400984, 11.0090711], [108.1427944, 11.0214486], [108.1410306, 11.0266568], [108.145254, 11.0291255], [108.1458814, 11.031767], [108.1404091, 11.034713], [108.132596, 11.0417905], [108.1285948, 11.0432468], [108.1254629, 11.0494187], [108.1201727, 11.0518779], [108.1184999, 11.0574646], [108.1189918, 11.0636585], [108.1108903, 11.055796], [108.1018498, 11.0620032], [108.0950304, 11.0614533], [108.091005, 11.0624613], [108.0863256, 11.0601182], [108.0761266, 11.0625238], [108.0714076, 11.0648705], [108.0636696, 11.0651432], [108.0540835, 11.0687383], [108.0399944, 11.069174], [108.0306951, 11.0688115], [108.0197132, 11.0723192], [108.0191982, 11.0467007], [108.0183533, 11.0330569], [108.0235453, 11.0305636], [108.0248621, 11.0234422], [108.024701, 11.0186443], [108.0293338, 11.0114993], [108.0379655, 11.0056478], [108.0379496, 11.0008088], [108.0408487, 10.9997688], [108.0449616, 10.9950005], [108.0501837, 10.9915506], [108.057185, 10.9835367], [108.0567277, 10.9781188], [108.0691018, 10.9734736], [108.0718554, 10.965331], [108.0794111, 10.9648472], [108.0882356, 10.9572633], [108.0883475, 10.9543677], [108.0923782, 10.9541586], [108.0938722, 10.9567024], [108.0979277, 10.956397], [108.1032405, 10.953061]]]}, "properties": {"new_ward_code": "1005924", "name": "Xã Hàm Liêm"}}, {"type": "Feature", "geometry": {"type": "Polygon", "coordinates": [[[108.2746656, 11.6773429], [108.2764017, 11.6732764], [108.2797146, 11.6697134], [108.27609, 11.6644312], [108.2809037, 11.6638721], [108.286183, 11.6671718], [108.2911839, 11.6601284], [108.2917615, 11.6507128], [108.2985927, 11.6540915], [108.3016509, 11.6534921], [108.3041787, 11.6481955], [108.3069907, 11.6475373], [108.3105601, 11.6508188], [108.3142312, 11.6521308], [108.3171227, 11.6499688], [108.31945, 11.6454904], [108.3257049, 11.6445131], [108.3301577, 11.6476615], [108.3329584, 11.6446121], [108.3331702, 11.6360592], [108.3346796, 11.6308839], [108.3272981, 11.6252933], [108.3242799, 11.6189377], [108.3272767, 11.6143955], [108.3303373, 11.6137043], [108.338435, 11.6151408], [108.3470244, 11.6133489], [108.3548724, 11.6157409], [108.3580229, 11.6218674], [108.3640317, 11.6258406], [108.3687168, 11.6259133], [108.372039, 11.6200847], [108.374446, 11.6183417], [108.375932, 11.6120826], [108.3802097, 11.6112983], [108.3876908, 11.6153263], [108.3954365, 11.6157517], [108.3987012, 11.6244316], [108.4030026, 11.6278988], [108.4082901, 11.6283198], [108.4124616, 11.6326027], [108.427645, 11.6386601], [108.4254321, 11.6492653], [108.4233316, 11.6519068], [108.4237906, 11.657393], [108.4260464, 11.6589639], [108.4249126, 11.6629361], [108.4203916, 11.6714839], [108.4209503, 11.6757981], [108.4176593, 11.6799519], [108.4090183, 11.6822838], [108.4059835, 11.6815998], [108.3987359, 11.6838647], [108.3951408, 11.6864039], [108.3916226, 11.693936], [108.3920038, 11.6963023], [108.3982494, 11.7074748], [108.4014398, 11.709453], [108.4000986, 11.7131378], [108.4017858, 11.7174345], [108.4019326, 11.7229378], [108.4050052, 11.7326941], [108.4033817, 11.7366676], [108.4027324, 11.7391319], [108.3959139, 11.7423849], [108.398226, 11.7463897], [108.395201, 11.750159], [108.3966787, 11.7534072], [108.3946366, 11.75728], [108.3910342, 11.7580212], [108.3893886, 11.7620322], [108.3863832, 11.762691], [108.3800009, 11.7597464], [108.3770665, 11.7555948], [108.3652917, 11.7549961], [108.3656135, 11.7429663], [108.3650167, 11.7381881], [108.3542477, 11.7391073], [108.35351, 11.7357051], [108.348446, 11.7362842], [108.3447028, 11.7341465], [108.343146, 11.737181], [108.3372813, 11.737139], [108.3357998, 11.7345912], [108.331696, 11.7352011], [108.3291942, 11.7375349], [108.324842, 11.7310101], [108.3218908, 11.7205361], [108.3233258, 11.7092376], [108.3190852, 11.7110419], [108.3159256, 11.7092035], [108.3151746, 11.7057918], [108.3168106, 11.6996935], [108.3130369, 11.69589], [108.3091557, 11.6970062], [108.3043563, 11.6901935], [108.3067524, 11.6829068], [108.2913995, 11.6778963], [108.2880118, 11.6818062], [108.281582, 11.6756871], [108.2746656, 11.6773429]]]}, "properties": {"new_ward_code": "1005907", "name": "Xã Đức Trọng"}}, {"type": "Feature", "geometry": {"type": "Polygon", "coordinates": [[[108.343146, 11.737181], [108.3432601, 11.7430037], [108.3410921, 11.7454296], [108.3408943, 11.753817], [108.3467965, 11.7553309], [108.345446, 11.7605132], [108.3420738, 11.7606099], [108.3388343, 11.76415], [108.3467334, 11.7676056], [108.3476976, 11.7730614], [108.3458711, 11.7768191], [108.3476828, 11.7816552], [108.3420395, 11.78746], [108.3374737, 11.7889938], [108.3299457, 11.7864884], [108.3289528, 11.7803667], [108.3237979, 11.7720433], [108.3201179, 11.7704678], [108.3177093, 11.7727942], [108.3177173, 11.7804089], [108.320134, 11.7850485], [108.3221751, 11.7920795], [108.3171138, 11.8032202], [108.3114284, 11.8077656], [108.3078798, 11.8069896], [108.3026506, 11.7984201], [108.3007792, 11.7890264], [108.2972825, 11.7836022], [108.2979137, 11.7790172], [108.3007228, 11.7754226], [108.3032897, 11.7751023], [108.3103466, 11.7682647], [108.30966, 11.7656336], [108.2986012, 11.7590768], [108.297472, 11.7542923], [108.2941152, 11.7562809], [108.2923275, 11.7514458], [108.2880548, 11.7467347], [108.282516, 11.745981], [108.279807, 11.743481], [108.2754944, 11.7466208], [108.2676673, 11.7463424], [108.2643068, 11.7487197], [108.2558834, 11.7443966], [108.2540013, 11.7386431], [108.2516062, 11.735214], [108.2510688, 11.7282893], [108.2445622, 11.7204804], [108.2448402, 11.7151639], [108.2356636, 11.7126607], [108.2352124, 11.7088433], [108.2388642, 11.7039377], [108.2420318, 11.7041112], [108.243214, 11.6940179], [108.2467976, 11.6959275], [108.2507822, 11.7033786], [108.2546793, 11.699362], [108.2622057, 11.6939631], [108.2627006, 11.6895559], [108.2692148, 11.6867129], [108.2693827, 11.6833952], [108.2746656, 11.6773429], [108.281582, 11.6756871], [108.2880118, 11.6818062], [108.2913995, 11.6778963], [108.3067524, 11.6829068], [108.3043563, 11.6901935], [108.3091557, 11.6970062], [108.3130369, 11.69589], [108.3168106, 11.6996935], [108.3151746, 11.7057918], [108.3159256, 11.7092035], [108.3190852, 11.7110419], [108.3233258, 11.7092376], [108.3218908, 11.7205361], [108.324842, 11.7310101], [108.3291942, 11.7375349], [108.331696, 11.7352011], [108.3357998, 11.7345912], [108.3372813, 11.737139], [108.343146, 11.737181]]]}, "properties": {"new_ward_code": "1005906", "name": "Xã Tân Hội"}}, {"type": "Feature", "geometry": {"type": "Polygon", "coordinates": [[[108.4143814, 11.5270534], [108.4133568, 11.5357838], [108.4151872, 11.5378544], [108.4145416, 11.5436036], [108.4117956, 11.5473716], [108.4140488, 11.550616], [108.4125093, 11.5537379], [108.4186059, 11.5578663], [108.4178256, 11.5606296], [108.4220767, 11.5629905], [108.4228362, 11.5669227], [108.4288975, 11.5716198], [108.4260678, 11.5763287], [108.4215671, 11.5779316], [108.4219238, 11.5817075], [108.4288794, 11.5900551], [108.4290194, 11.5924401], [108.4246513, 11.5935746], [108.4236666, 11.5964159], [108.4249484, 11.6062002], [108.4222698, 11.6107698], [108.4181178, 11.6108013], [108.4160388, 11.6131423], [108.4020835, 11.6100026], [108.3954365, 11.6157517], [108.3876908, 11.6153263], [108.3802097, 11.6112983], [108.375932, 11.6120826], [108.374446, 11.6183417], [108.372039, 11.6200847], [108.3687168, 11.6259133], [108.3640317, 11.6258406], [108.3580229, 11.6218674], [108.3548724, 11.6157409], [108.3470244, 11.6133489], [108.338435, 11.6151408], [108.3303373, 11.6137043], [108.3272767, 11.6143955], [108.3236945, 11.6102043], [108.3198953, 11.6021731], [108.3100907, 11.6069077], [108.3063768, 11.6062774], [108.3045961, 11.6011505], [108.3059763, 11.5984077], [108.3050342, 11.5940197], [108.3077485, 11.5908309], [108.3075733, 11.5823085], [108.304802, 11.577331], [108.3062641, 11.5734319], [108.3031152, 11.5670067], [108.3056241, 11.5622838], [108.306203, 11.5542304], [108.3049344, 11.5517338], [108.3075332, 11.5369268], [108.3050878, 11.5298738], [108.3012783, 11.5267521], [108.3035863, 11.5193266], [108.3058125, 11.5231666], [108.3230898, 11.5317497], [108.3276254, 11.5231216], [108.3339098, 11.5227012], [108.3420706, 11.5283455], [108.3452503, 11.5220256], [108.3503019, 11.5197961], [108.3492324, 11.5088129], [108.3512587, 11.5053596], [108.3555284, 11.5056695], [108.357524, 11.5085272], [108.3627359, 11.5066668], [108.3686041, 11.5096968], [108.3739069, 11.5097362], [108.3758912, 11.5169276], [108.3819294, 11.5244489], [108.3883848, 11.5251322], [108.3940852, 11.5188273], [108.3959445, 11.5183576], [108.4032098, 11.5215439], [108.4069894, 11.5221927], [108.4110563, 11.525987], [108.4143814, 11.5270534]]]}, "properties": {"new_ward_code": "1005904", "name": "Xã Tà Hine"}}, {"type": "Feature", "geometry": {"type": "Polygon", "coordinates": [[[108.3035863, 11.5193266], [108.3012783, 11.5267521], [108.3050878, 11.5298738], [108.3075332, 11.5369268], [108.3049344, 11.5517338], [108.306203, 11.5542304], [108.3056241, 11.5622838], [108.3031152, 11.5670067], [108.3062641, 11.5734319], [108.304802, 11.577331], [108.3075733, 11.5823085], [108.3077485, 11.5908309], [108.3050342, 11.5940197], [108.3059763, 11.5984077], [108.3045961, 11.6011505], [108.3063768, 11.6062774], [108.3100907, 11.6069077], [108.3198953, 11.6021731], [108.3236945, 11.6102043], [108.3272767, 11.6143955], [108.3242799, 11.6189377], [108.3272981, 11.6252933], [108.3346796, 11.6308839], [108.3331702, 11.6360592], [108.3329584, 11.6446121], [108.3301577, 11.6476615], [108.3257049, 11.6445131], [108.31945, 11.6454904], [108.3171227, 11.6499688], [108.3142312, 11.6521308], [108.3105601, 11.6508188], [108.3069907, 11.6475373], [108.3041787, 11.6481955], [108.3016509, 11.6534921], [108.2985927, 11.6540915], [108.2917615, 11.6507128], [108.2911839, 11.6601284], [108.286183, 11.6671718], [108.2809037, 11.6638721], [108.27609, 11.6644312], [108.2797146, 11.6697134], [108.2764017, 11.6732764], [108.2746656, 11.6773429], [108.2693827, 11.6833952], [108.2692148, 11.6867129], [108.2627006, 11.6895559], [108.2622057, 11.6939631], [108.2546793, 11.699362], [108.2507822, 11.7033786], [108.2467976, 11.6959275], [108.243214, 11.6940179], [108.2392513, 11.6885744], [108.233631, 11.6853671], [108.2321773, 11.6816257], [108.2322966, 11.6757631], [108.2342887, 11.6720176], [108.2332585, 11.6626562], [108.2314823, 11.6592419], [108.2281061, 11.6608698], [108.2228443, 11.657834], [108.2182471, 11.6588485], [108.2186365, 11.6487373], [108.21533, 11.6486562], [108.2146883, 11.6435674], [108.2175958, 11.6399106], [108.221544, 11.6396058], [108.2283756, 11.6341152], [108.2314119, 11.629749], [108.2277172, 11.6225204], [108.2342934, 11.6199825], [108.2325572, 11.6151811], [108.2294539, 11.6149761], [108.2263364, 11.6114268], [108.2246661, 11.605163], [108.2250444, 11.5988729], [108.2287146, 11.5977836], [108.2283321, 11.5900477], [108.2311452, 11.5833459], [108.2303846, 11.5809323], [108.2350677, 11.5756298], [108.2340707, 11.5693447], [108.2304472, 11.5693258], [108.2313615, 11.5651958], [108.2306667, 11.5596937], [108.2327235, 11.5530494], [108.2365134, 11.5509944], [108.241902, 11.5503296], [108.2484439, 11.5460881], [108.2511648, 11.5455341], [108.2536581, 11.5412974], [108.2616925, 11.5390568], [108.2660633, 11.5410267], [108.2694829, 11.535513], [108.2722244, 11.5339337], [108.2764705, 11.5274039], [108.2856698, 11.5294482], [108.2896426, 11.5278444], [108.2948562, 11.5283907], [108.2991904, 11.525473], [108.299559, 11.5190342], [108.3035863, 11.5193266]]]}, "properties": {"new_ward_code": "1005903", "name": "Xã Ninh Gia"}}, {"type": "Feature", "geometry": {"type": "Polygon", "coordinates": [[[108.5824433, 11.5559269], [108.5824352, 11.5593799], [108.5768873, 11.5662666], [108.5739837, 11.5754248], [108.5709402, 11.5797599], [108.5665767, 11.5812476], [108.5514745, 11.6016475], [108.5536197, 11.606075], [108.552263, 11.6134929], [108.5537687, 11.6185738], [108.5524267, 11.6201807], [108.5530785, 11.6330296], [108.5593146, 11.6357125], [108.5595525, 11.639475], [108.5624859, 11.6426332], [108.5655856, 11.6447469], [108.5648936, 11.6480648], [108.5671927, 11.6506598], [108.5670132, 11.6555247], [108.5644587, 11.6602699], [108.5618198, 11.6619296], [108.5622144, 11.6676764], [108.5579072, 11.6717547], [108.5590889, 11.676418], [108.5520464, 11.6757776], [108.5455328, 11.6764712], [108.5447308, 11.6812017], [108.5376696, 11.6805455], [108.5333735, 11.6789109], [108.5304314, 11.6746876], [108.5258611, 11.6748362], [108.5204258, 11.6718081], [108.509565, 11.6730734], [108.5071526, 11.6677856], [108.5045604, 11.6664871], [108.4993389, 11.6623751], [108.4945333, 11.6604857], [108.4935147, 11.6579641], [108.4889536, 11.656262], [108.4852912, 11.6514661], [108.4794118, 11.6522394], [108.4722796, 11.6557512], [108.4655553, 11.6567389], [108.4610943, 11.6596802], [108.4544723, 11.6590974], [108.448078, 11.6621476], [108.4424293, 11.6621638], [108.429155, 11.6581023], [108.4260464, 11.6589639], [108.4237906, 11.657393], [108.4233316, 11.6519068], [108.4254321, 11.6492653], [108.427645, 11.6386601], [108.4124616, 11.6326027], [108.4082901, 11.6283198], [108.4030026, 11.6278988], [108.3987012, 11.6244316], [108.3954365, 11.6157517], [108.4020835, 11.6100026], [108.4160388, 11.6131423], [108.4181178, 11.6108013], [108.4222698, 11.6107698], [108.4249484, 11.6062002], [108.4236666, 11.5964159], [108.4246513, 11.5935746], [108.4290194, 11.5924401], [108.4288794, 11.5900551], [108.4219238, 11.5817075], [108.4215671, 11.5779316], [108.4260678, 11.5763287], [108.4288975, 11.5716198], [108.4228362, 11.5669227], [108.4220767, 11.5629905], [108.4178256, 11.5606296], [108.4186059, 11.5578663], [108.4125093, 11.5537379], [108.4140488, 11.550616], [108.4117956, 11.5473716], [108.4145416, 11.5436036], [108.4151872, 11.5378544], [108.4133568, 11.5357838], [108.4143814, 11.5270534], [108.4228937, 11.5235203], [108.4248847, 11.5166207], [108.4305686, 11.5137995], [108.4430301, 11.5175158], [108.450793, 11.5166938], [108.4544241, 11.5182701], [108.465611, 11.5167162], [108.469407, 11.518688], [108.4713219, 11.5229892], [108.4739721, 11.524738], [108.4815283, 11.5254741], [108.483385, 11.5241679], [108.4870075, 11.5281505], [108.4950086, 11.5299416], [108.4980851, 11.5260731], [108.5044838, 11.5259665], [108.5149293, 11.5187626], [108.5173756, 11.5145932], [108.5249453, 11.5129606], [108.5254321, 11.5087814], [108.5422398, 11.506054], [108.5457271, 11.5122293], [108.5540624, 11.5133175], [108.5593361, 11.5186407], [108.5605116, 11.5240986], [108.5649435, 11.5294896], [108.5659051, 11.5377363], [108.5705987, 11.5393789], [108.5704795, 11.5429344], [108.5747454, 11.546456], [108.5719709, 11.5505024], [108.5737115, 11.5528832], [108.5798818, 11.5560793], [108.5824433, 11.5559269]]]}, "properties": {"new_ward_code": "1005905", "name": "Xã Tà Năng"}}, {"type": "Feature", "geometry": {"type": "Polygon", "coordinates": [[[108.4263972, 11.853522], [108.4226087, 11.8517251], [108.4185284, 11.8458363], [108.4134209, 11.835833], [108.4122321, 11.8312014], [108.4073598, 11.8270013], [108.4021428, 11.8264417], [108.3981056, 11.8281973], [108.3892822, 11.8283518], [108.3772648, 11.8148367], [108.3708519, 11.8143337], [108.3705702, 11.810007], [108.3682179, 11.806544], [108.3595732, 11.8020072], [108.3580978, 11.797097], [108.3527242, 11.7894886], [108.3478385, 11.7850249], [108.3476828, 11.7816552], [108.3458711, 11.7768191], [108.3476976, 11.7730614], [108.3467334, 11.7676056], [108.3388343, 11.76415], [108.3420738, 11.7606099], [108.345446, 11.7605132], [108.3467965, 11.7553309], [108.3408943, 11.753817], [108.3410921, 11.7454296], [108.3432601, 11.7430037], [108.343146, 11.737181], [108.3447028, 11.7341465], [108.348446, 11.7362842], [108.35351, 11.7357051], [108.3542477, 11.7391073], [108.3650167, 11.7381881], [108.3656135, 11.7429663], [108.3652917, 11.7549961], [108.3770665, 11.7555948], [108.3800009, 11.7597464], [108.3863832, 11.762691], [108.3893886, 11.7620322], [108.3910342, 11.7580212], [108.3946366, 11.75728], [108.3966787, 11.7534072], [108.395201, 11.750159], [108.398226, 11.7463897], [108.3959139, 11.7423849], [108.4027324, 11.7391319], [108.4033817, 11.7366676], [108.4071041, 11.7390986], [108.4096042, 11.7383985], [108.4142782, 11.7428424], [108.4122379, 11.7464314], [108.4170288, 11.7469789], [108.4233305, 11.7423328], [108.424885, 11.7461018], [108.4249467, 11.7510256], [108.4280461, 11.7577381], [108.4271783, 11.7638375], [108.4243737, 11.7652032], [108.4287628, 11.7688734], [108.4261041, 11.7729012], [108.4276371, 11.7779565], [108.4309625, 11.778311], [108.4341654, 11.7813489], [108.4398705, 11.790116], [108.4474472, 11.7993023], [108.4518105, 11.8009189], [108.4600615, 11.8083506], [108.4666416, 11.8081613], [108.4703779, 11.8111884], [108.474209, 11.8118554], [108.4768464, 11.8151469], [108.4802384, 11.8150308], [108.4834283, 11.8210086], [108.4872372, 11.8251357], [108.4904654, 11.8286758], [108.4935472, 11.8293374], [108.4972541, 11.8333724], [108.4996573, 11.8337057], [108.5056329, 11.8387067], [108.5053213, 11.8435844], [108.4976158, 11.847997], [108.4892982, 11.8551423], [108.4796851, 11.8570271], [108.4918816, 11.8643179], [108.4867823, 11.8697448], [108.4804818, 11.8697947], [108.4690918, 11.8738212], [108.4656039, 11.8789419], [108.462709, 11.8794178], [108.4605405, 11.8851377], [108.4524186, 11.8797187], [108.4506692, 11.880267], [108.4442798, 11.8763315], [108.4433842, 11.8729051], [108.4354676, 11.8654846], [108.4294099, 11.8618557], [108.4263972, 11.853522]]]}, "properties": {"new_ward_code": "1005902", "name": "Xã Hiệp Thạnh"}}, {"type": "Feature", "geometry": {"type": "Polygon", "coordinates": [[[108.2766707, 11.9679751], [108.2750932, 11.9681845], [108.2696365, 11.9613482], [108.2645751, 11.9521191], [108.2586446, 11.9543365], [108.25387, 11.9511845], [108.2514989, 11.9416695], [108.2461882, 11.9374183], [108.2474338, 11.9315075], [108.2414757, 11.9236733], [108.237181, 11.9233844], [108.2297087, 11.9200499], [108.2281199, 11.9165746], [108.2323506, 11.9129684], [108.2375233, 11.9108093], [108.2440019, 11.911286], [108.2430604, 11.907553], [108.2396221, 11.9057371], [108.2416204, 11.8944515], [108.2447078, 11.8914494], [108.2406204, 11.8798697], [108.2438574, 11.8753451], [108.2391179, 11.8740495], [108.2380972, 11.8708874], [108.2427335, 11.8642535], [108.2384902, 11.8611824], [108.2397589, 11.8589564], [108.2363193, 11.8544667], [108.2327185, 11.8466738], [108.2329139, 11.8430644], [108.2414288, 11.8440025], [108.246746, 11.8393001], [108.2494922, 11.8393584], [108.253414, 11.8328841], [108.2589341, 11.8317524], [108.2651304, 11.8254413], [108.2711303, 11.8212995], [108.2784069, 11.8216269], [108.2803153, 11.8165446], [108.2856113, 11.8139556], [108.2931019, 11.8172182], [108.2962047, 11.814486], [108.3008274, 11.8128713], [108.3074822, 11.8139542], [108.3147178, 11.8171797], [108.3156319, 11.82307], [108.3141008, 11.8266416], [108.3139476, 11.8352223], [108.3111199, 11.8391261], [108.3166882, 11.8488267], [108.3164912, 11.8523818], [108.3129966, 11.859127], [108.3159283, 11.8624047], [108.3113422, 11.8641816], [108.3072017, 11.8674493], [108.2978817, 11.8674971], [108.2957453, 11.8706642], [108.2954653, 11.8762496], [108.296742, 11.8828814], [108.2950594, 11.8883672], [108.2908335, 11.8940578], [108.2938786, 11.8971737], [108.2931029, 11.9000663], [108.295979, 11.9038627], [108.3027728, 11.9067447], [108.3085948, 11.9188388], [108.3155635, 11.9255357], [108.310529, 11.9263991], [108.3079496, 11.9296746], [108.3010061, 11.9313041], [108.2991376, 11.9346052], [108.2911962, 11.9414346], [108.2924885, 11.9489882], [108.2899779, 11.9543728], [108.2842704, 11.9597944], [108.2799838, 11.9607633], [108.2766707, 11.9679751]]]}, "properties": {"new_ward_code": "1005882", "name": "Xã Nam Hà Lâm Hà"}}, {"type": "Feature", "geometry": {"type": "Polygon", "coordinates": [[[108.3918699, 11.8787857], [108.3885813, 11.878706], [108.3855709, 11.8834763], [108.3863765, 11.8861182], [108.3830076, 11.8914725], [108.3788073, 11.8910053], [108.3759963, 11.8925906], [108.3726503, 11.8899253], [108.3691201, 11.8960093], [108.3659622, 11.8990996], [108.362765, 11.898971], [108.3597261, 11.8958976], [108.355106, 11.8942047], [108.3508319, 11.89021], [108.3462077, 11.8933019], [108.3433056, 11.8986429], [108.3397543, 11.898312], [108.3372813, 11.9003808], [108.3403578, 11.9038002], [108.3355299, 11.9088104], [108.327465, 11.9060297], [108.3207911, 11.9121644], [108.319206, 11.9149783], [108.3188438, 11.9242576], [108.3155635, 11.9255357], [108.3085948, 11.9188388], [108.3027728, 11.9067447], [108.295979, 11.9038627], [108.2931029, 11.9000663], [108.2938786, 11.8971737], [108.2908335, 11.8940578], [108.2950594, 11.8883672], [108.296742, 11.8828814], [108.2954653, 11.8762496], [108.2957453, 11.8706642], [108.2978817, 11.8674971], [108.3072017, 11.8674493], [108.3113422, 11.8641816], [108.3159283, 11.8624047], [108.3129966, 11.859127], [108.3164912, 11.8523818], [108.3166882, 11.8488267], [108.3111199, 11.8391261], [108.3139476, 11.8352223], [108.3141008, 11.8266416], [108.3156319, 11.82307], [108.3147178, 11.8171797], [108.3074822, 11.8139542], [108.3008274, 11.8128713], [108.3114284, 11.8077656], [108.3171138, 11.8032202], [108.3221751, 11.7920795], [108.320134, 11.7850485], [108.3177173, 11.7804089], [108.3177093, 11.7727942], [108.3201179, 11.7704678], [108.3237979, 11.7720433], [108.3289528, 11.7803667], [108.3299457, 11.7864884], [108.3374737, 11.7889938], [108.3420395, 11.78746], [108.3476828, 11.7816552], [108.3478385, 11.7850249], [108.3527242, 11.7894886], [108.3580978, 11.797097], [108.3595732, 11.8020072], [108.3682179, 11.806544], [108.3705702, 11.810007], [108.3708519, 11.8143337], [108.3772648, 11.8148367], [108.3892822, 11.8283518], [108.3981056, 11.8281973], [108.4021428, 11.8264417], [108.4073598, 11.8270013], [108.4122321, 11.8312014], [108.4134209, 11.835833], [108.4185284, 11.8458363], [108.4226087, 11.8517251], [108.4263972, 11.853522], [108.4197754, 11.8566674], [108.4174177, 11.8621484], [108.4132898, 11.865902], [108.4094489, 11.8658757], [108.4049867, 11.8679289], [108.3978939, 11.8753777], [108.3918699, 11.8787857]]]}, "properties": {"new_ward_code": "1005881", "name": "Xã Nam Ban Lâm Hà"}}, {"type": "Feature", "geometry": {"type": "Polygon", "coordinates": [[[108.0849822, 11.6844114], [108.085103, 11.6819138], [108.0977503, 11.6726969], [108.1090409, 11.6614077], [108.1110004, 11.6610165], [108.1174671, 11.6639499], [108.1204949, 11.6631382], [108.1271684, 11.6658086], [108.1368865, 11.6673446], [108.1434287, 11.6650004], [108.1493964, 11.6609989], [108.1526858, 11.6574804], [108.1517702, 11.6530099], [108.1535421, 11.6514552], [108.1600294, 11.6515738], [108.1645069, 11.6497926], [108.1687809, 11.6509276], [108.1742406, 11.6564395], [108.1791351, 11.658562], [108.1815691, 11.6628261], [108.1916106, 11.663616], [108.1942859, 11.6683237], [108.1966832, 11.6697495], [108.2019024, 11.6686474], [108.2056923, 11.663721], [108.2162314, 11.6610426], [108.2182471, 11.6588485], [108.2228443, 11.657834], [108.2281061, 11.6608698], [108.2314823, 11.6592419], [108.2332585, 11.6626562], [108.2342887, 11.6720176], [108.2322966, 11.6757631], [108.2321773, 11.6816257], [108.233631, 11.6853671], [108.2392513, 11.6885744], [108.243214, 11.6940179], [108.2420318, 11.7041112], [108.2388642, 11.7039377], [108.2352124, 11.7088433], [108.2356636, 11.7126607], [108.2327618, 11.7163875], [108.2357335, 11.72752], [108.2322927, 11.7315893], [108.230858, 11.7362619], [108.2281179, 11.7391781], [108.2225643, 11.7415526], [108.2229853, 11.7439784], [108.2142685, 11.746266], [108.2149565, 11.7492662], [108.209926, 11.7526143], [108.2089909, 11.7587455], [108.2047319, 11.7585411], [108.2009383, 11.7659652], [108.1953013, 11.7682065], [108.1887352, 11.7578925], [108.1855059, 11.7629973], [108.1761995, 11.7674624], [108.1692692, 11.7733419], [108.1632382, 11.7707382], [108.1596883, 11.770666], [108.1561213, 11.7738129], [108.1544968, 11.7773526], [108.1478245, 11.7831253], [108.1432013, 11.7915306], [108.1370763, 11.7948115], [108.1286781, 11.7942805], [108.121742, 11.7905567], [108.1208029, 11.783313], [108.1145024, 11.7827589], [108.1207126, 11.7766312], [108.1238282, 11.775004], [108.1314256, 11.7758495], [108.1373256, 11.7722273], [108.1372154, 11.7690131], [108.1337637, 11.7657341], [108.1351902, 11.7620811], [108.1406271, 11.7541505], [108.1363463, 11.7533942], [108.1345608, 11.7511685], [108.1285545, 11.751367], [108.1281817, 11.7474464], [108.1236087, 11.7440457], [108.1181263, 11.7417537], [108.1110681, 11.7361911], [108.109331, 11.7326372], [108.1041705, 11.7306015], [108.0989224, 11.725878], [108.098097, 11.7150596], [108.0963959, 11.7120627], [108.0894494, 11.7111882], [108.0845483, 11.7086825], [108.0781775, 11.7029193], [108.0810799, 11.6985456], [108.0852386, 11.6892199], [108.0849822, 11.6844114]]]}, "properties": {"new_ward_code": "1005885", "name": "Xã Tân Hà Lâm Hà"}}, {"type": "Feature", "geometry": {"type": "Polygon", "coordinates": [[[108.3114284, 11.8077656], [108.3008274, 11.8128713], [108.2962047, 11.814486], [108.2931019, 11.8172182], [108.2856113, 11.8139556], [108.2803153, 11.8165446], [108.2784069, 11.8216269], [108.2711303, 11.8212995], [108.2651304, 11.8254413], [108.2616846, 11.8234362], [108.2594981, 11.8196698], [108.2548383, 11.8176259], [108.2513058, 11.8130926], [108.2435609, 11.808966], [108.2421032, 11.800104], [108.2394196, 11.7976935], [108.2289826, 11.7960608], [108.2291237, 11.7992364], [108.2252586, 11.8009794], [108.2230568, 11.8076415], [108.2177111, 11.804189], [108.2114454, 11.8093679], [108.2055252, 11.8075001], [108.2041003, 11.8035523], [108.199081, 11.8052701], [108.1905208, 11.8006524], [108.1903152, 11.7953148], [108.1865305, 11.7932694], [108.1840065, 11.7890133], [108.1866109, 11.7864086], [108.1878528, 11.782113], [108.1873539, 11.7775416], [108.1932414, 11.7746454], [108.1922122, 11.7679511], [108.1953013, 11.7682065], [108.2009383, 11.7659652], [108.2047319, 11.7585411], [108.2089909, 11.7587455], [108.209926, 11.7526143], [108.2149565, 11.7492662], [108.2142685, 11.746266], [108.2229853, 11.7439784], [108.2225643, 11.7415526], [108.2281179, 11.7391781], [108.230858, 11.7362619], [108.2322927, 11.7315893], [108.2357335, 11.72752], [108.2327618, 11.7163875], [108.2356636, 11.7126607], [108.2448402, 11.7151639], [108.2445622, 11.7204804], [108.2510688, 11.7282893], [108.2516062, 11.735214], [108.2540013, 11.7386431], [108.2558834, 11.7443966], [108.2643068, 11.7487197], [108.2676673, 11.7463424], [108.2754944, 11.7466208], [108.279807, 11.743481], [108.282516, 11.745981], [108.2880548, 11.7467347], [108.2923275, 11.7514458], [108.2941152, 11.7562809], [108.297472, 11.7542923], [108.2986012, 11.7590768], [108.30966, 11.7656336], [108.3103466, 11.7682647], [108.3032897, 11.7751023], [108.3007228, 11.7754226], [108.2979137, 11.7790172], [108.2972825, 11.7836022], [108.3007792, 11.7890264], [108.3026506, 11.7984201], [108.3078798, 11.8069896], [108.3114284, 11.8077656]]]}, "properties": {"new_ward_code": "1005886", "name": "Xã Đinh Văn Lâm Hà"}}, {"type": "Feature", "geometry": {"type": "Polygon", "coordinates": [[[108.2766707, 11.9679751], [108.2794751, 11.9700586], [108.28293, 11.969681], [108.2864059, 11.979851], [108.2915266, 11.9859478], [108.2913082, 11.9893896], [108.2955086, 11.9999642], [108.2935217, 12.0015734], [108.2970426, 12.0072469], [108.2944729, 12.0100379], [108.2940486, 12.0164369], [108.2991535, 12.0180051], [108.3025186, 12.0226069], [108.3065051, 12.0236289], [108.3135794, 12.0204201], [108.3169747, 12.0302557], [108.3202701, 12.0344042], [108.3084222, 12.04739], [108.3093079, 12.0518818], [108.3038884, 12.0554737], [108.3042311, 12.0622727], [108.3010112, 12.0647091], [108.2920887, 12.064796], [108.2925132, 12.0671112], [108.2851231, 12.0714635], [108.2816328, 12.0705495], [108.2747266, 12.0610087], [108.2713134, 12.0605783], [108.2687664, 12.0566603], [108.2649152, 12.0541288], [108.2576423, 12.052078], [108.2550921, 12.0499482], [108.2526801, 12.0421762], [108.2489026, 12.0381663], [108.2514648, 12.0336479], [108.251047, 12.030314], [108.2478706, 12.0301341], [108.2427369, 12.0228969], [108.2316957, 12.0162554], [108.2247359, 12.0156529], [108.2199521, 12.0117905], [108.2173825, 12.0118713], [108.2168448, 12.0013547], [108.2067851, 11.9980024], [108.2020026, 11.9944509], [108.200459, 11.9890894], [108.2006849, 11.980851], [108.1922525, 11.97786], [108.1897545, 11.973155], [108.1858901, 11.9729423], [108.1867031, 11.9709522], [108.1829899, 11.9674402], [108.1838108, 11.9655138], [108.18202, 11.9579032], [108.1811773, 11.9496732], [108.1772678, 11.9461268], [108.1786072, 11.937951], [108.175914, 11.935264], [108.1794696, 11.9266605], [108.1757355, 11.9247416], [108.1718819, 11.9200038], [108.1675974, 11.9185439], [108.1677322, 11.9122156], [108.1709197, 11.9076643], [108.1668509, 11.9013542], [108.1674024, 11.8944983], [108.1634228, 11.8917538], [108.1602415, 11.8936376], [108.1556889, 11.8925345], [108.1547781, 11.8896558], [108.1560606, 11.883], [108.1544298, 11.880643], [108.1572032, 11.8754879], [108.154918, 11.8713145], [108.1567542, 11.8686377], [108.1522886, 11.8613209], [108.153263, 11.8580561], [108.1579793, 11.8514174], [108.1575688, 11.8485617], [108.1607008, 11.8452065], [108.1601375, 11.8418674], [108.1611315, 11.8332503], [108.1675855, 11.8271684], [108.1669735, 11.8225977], [108.1708086, 11.8194192], [108.1750494, 11.8200652], [108.1758794, 11.8131575], [108.1849866, 11.8014957], [108.1905208, 11.8006524], [108.199081, 11.8052701], [108.2041003, 11.8035523], [108.2055252, 11.8075001], [108.2114454, 11.8093679], [108.2177111, 11.804189], [108.2230568, 11.8076415], [108.2252586, 11.8009794], [108.2291237, 11.7992364], [108.2289826, 11.7960608], [108.2394196, 11.7976935], [108.2421032, 11.800104], [108.2435609, 11.808966], [108.2513058, 11.8130926], [108.2548383, 11.8176259], [108.2594981, 11.8196698], [108.2616846, 11.8234362], [108.2651304, 11.8254413], [108.2589341, 11.8317524], [108.253414, 11.8328841], [108.2494922, 11.8393584], [108.246746, 11.8393001], [108.2414288, 11.8440025], [108.2329139, 11.8430644], [108.2327185, 11.8466738], [108.2363193, 11.8544667], [108.2397589, 11.8589564], [108.2384902, 11.8611824], [108.2427335, 11.8642535], [108.2380972, 11.8708874], [108.2391179, 11.8740495], [108.2438574, 11.8753451], [108.2406204, 11.8798697], [108.2447078, 11.8914494], [108.2416204, 11.8944515], [108.2396221, 11.9057371], [108.2430604, 11.907553], [108.2440019, 11.911286], [108.2375233, 11.9108093], [108.2323506, 11.9129684], [108.2281199, 11.9165746], [108.2297087, 11.9200499], [108.237181, 11.9233844], [108.2414757, 11.9236733], [108.2474338, 11.9315075], [108.2461882, 11.9374183], [108.2514989, 11.9416695], [108.25387, 11.9511845], [108.2586446, 11.9543365], [108.2645751, 11.9521191], [108.2696365, 11.9613482], [108.2750932, 11.9681845], [108.2766707, 11.9679751]]]}, "properties": {"new_ward_code": "1005883", "name": "Xã Phú Sơn Lâm Hà"}}, {"type": "Feature", "geometry": {"type": "Polygon", "coordinates": [[[108.0781775, 11.7029193], [108.0845483, 11.7086825], [108.0894494, 11.7111882], [108.0963959, 11.7120627], [108.098097, 11.7150596], [108.0989224, 11.725878], [108.1041705, 11.7306015], [108.109331, 11.7326372], [108.1110681, 11.7361911], [108.1181263, 11.7417537], [108.1236087, 11.7440457], [108.1281817, 11.7474464], [108.1285545, 11.751367], [108.1345608, 11.7511685], [108.1363463, 11.7533942], [108.1406271, 11.7541505], [108.1351902, 11.7620811], [108.1337637, 11.7657341], [108.1372154, 11.7690131], [108.1373256, 11.7722273], [108.1314256, 11.7758495], [108.1238282, 11.775004], [108.1207126, 11.7766312], [108.1145024, 11.7827589], [108.1208029, 11.783313], [108.121742, 11.7905567], [108.1286781, 11.7942805], [108.1370763, 11.7948115], [108.1432013, 11.7915306], [108.1478245, 11.7831253], [108.1544968, 11.7773526], [108.1561213, 11.7738129], [108.1596883, 11.770666], [108.1632382, 11.7707382], [108.1692692, 11.7733419], [108.1761995, 11.7674624], [108.1855059, 11.7629973], [108.1887352, 11.7578925], [108.1953013, 11.7682065], [108.1922122, 11.7679511], [108.1932414, 11.7746454], [108.1873539, 11.7775416], [108.1878528, 11.782113], [108.1866109, 11.7864086], [108.1840065, 11.7890133], [108.1865305, 11.7932694], [108.1903152, 11.7953148], [108.1905208, 11.8006524], [108.1849866, 11.8014957], [108.1758794, 11.8131575], [108.1750494, 11.8200652], [108.1708086, 11.8194192], [108.1669735, 11.8225977], [108.1675855, 11.8271684], [108.1611315, 11.8332503], [108.1601375, 11.8418674], [108.1607008, 11.8452065], [108.1575688, 11.8485617], [108.1579793, 11.8514174], [108.153263, 11.8580561], [108.1522886, 11.8613209], [108.1442874, 11.8567495], [108.1380103, 11.8575016], [108.1338929, 11.8534651], [108.1207085, 11.8611327], [108.1186277, 11.8596757], [108.1136247, 11.8666469], [108.1090897, 11.8672932], [108.1063539, 11.8588462], [108.1072336, 11.8533652], [108.102403, 11.8473617], [108.0991334, 11.8464009], [108.0973738, 11.8381187], [108.0909795, 11.8372524], [108.0858189, 11.8337084], [108.0812269, 11.8345274], [108.0762158, 11.8397162], [108.0714037, 11.8392716], [108.0662485, 11.8340212], [108.0622264, 11.8370785], [108.0447226, 11.8299407], [108.0219572, 11.8160175], [108.0218685, 11.8129942], [108.0168523, 11.8057533], [108.0090814, 11.8070884], [108.0017566, 11.8058568], [107.9953997, 11.7995134], [107.9899012, 11.8006478], [107.9856792, 11.8001149], [107.9791299, 11.7911947], [107.9731106, 11.7910669], [107.9707302, 11.7828309], [107.9729346, 11.778261], [107.9771338, 11.7750345], [107.9819798, 11.7655286], [107.986031, 11.7644553], [107.9894086, 11.7657534], [107.9914051, 11.763795], [107.9914355, 11.7589261], [108.0089777, 11.7499733], [108.0093404, 11.7447165], [108.001501, 11.736795], [108.0057324, 11.726999], [108.0141466, 11.726188], [108.0191385, 11.7229539], [108.0276386, 11.7146679], [108.0283099, 11.7091055], [108.0334706, 11.7076071], [108.0386783, 11.7107667], [108.0442482, 11.7109257], [108.0498921, 11.7130771], [108.0626867, 11.7118728], [108.0692396, 11.7101254], [108.075672, 11.7059426], [108.0781775, 11.7029193]]]}, "properties": {"new_ward_code": "1005884", "name": "Xã Phúc Thọ Lâm Hà"}}, {"type": "Feature", "geometry": {"type": "Polygon", "coordinates": [[[108.1858901, 11.9729423], [108.1813592, 11.9780826], [108.1780118, 11.9842747], [108.1681399, 11.9866655], [108.1604057, 11.9932855], [108.1587965, 11.9961361], [108.1518774, 11.9940094], [108.1477028, 11.9941241], [108.1449322, 11.9965476], [108.1382748, 11.9936811], [108.132323, 11.9948062], [108.1291831, 11.997336], [108.125896, 11.9954083], [108.1220172, 11.9980656], [108.1148795, 11.9973993], [108.1106561, 12.0003525], [108.1073441, 12.0052679], [108.0991315, 12.0096678], [108.0926336, 12.0099959], [108.0840891, 12.0069664], [108.0823776, 12.008538], [108.0769193, 12.0061008], [108.0689836, 12.0061358], [108.0656606, 12.0075409], [108.0611318, 12.0059381], [108.0581526, 12.0079147], [108.0551197, 12.0048959], [108.0556705, 12.0010581], [108.0512802, 11.9980145], [108.0477109, 11.992248], [108.0443144, 11.9924423], [108.0320904, 11.9883699], [108.0324014, 11.9865938], [108.0400015, 11.9844636], [108.0410741, 11.9798909], [108.0448173, 11.9779428], [108.0467118, 11.9714513], [108.04699, 11.9643741], [108.0496724, 11.9624433], [108.0483372, 11.9590609], [108.0494273, 11.9558353], [108.0464193, 11.9511673], [108.050631, 11.9497177], [108.0536613, 11.9459384], [108.0577455, 11.9471946], [108.0601277, 11.9430749], [108.0629083, 11.943394], [108.0656648, 11.948752], [108.0743325, 11.9413527], [108.0748884, 11.9369941], [108.0774988, 11.9354298], [108.0777962, 11.9317869], [108.0832218, 11.9294082], [108.0821641, 11.9248397], [108.0846283, 11.9111376], [108.087867, 11.9129889], [108.0903779, 11.9053574], [108.1029528, 11.9029472], [108.1114769, 11.9000025], [108.1097335, 11.8959134], [108.1092051, 11.8898951], [108.1041162, 11.886788], [108.1024244, 11.8801968], [108.0967419, 11.8709962], [108.0931307, 11.8694772], [108.0842037, 11.8586681], [108.0773099, 11.8477272], [108.073812, 11.8443986], [108.0714037, 11.8392716], [108.0762158, 11.8397162], [108.0812269, 11.8345274], [108.0858189, 11.8337084], [108.0909795, 11.8372524], [108.0973738, 11.8381187], [108.0991334, 11.8464009], [108.102403, 11.8473617], [108.1072336, 11.8533652], [108.1063539, 11.8588462], [108.1090897, 11.8672932], [108.1136247, 11.8666469], [108.1186277, 11.8596757], [108.1207085, 11.8611327], [108.1338929, 11.8534651], [108.1380103, 11.8575016], [108.1442874, 11.8567495], [108.1522886, 11.8613209], [108.1567542, 11.8686377], [108.154918, 11.8713145], [108.1572032, 11.8754879], [108.1544298, 11.880643], [108.1560606, 11.883], [108.1547781, 11.8896558], [108.1556889, 11.8925345], [108.1602415, 11.8936376], [108.1634228, 11.8917538], [108.1674024, 11.8944983], [108.1668509, 11.9013542], [108.1709197, 11.9076643], [108.1677322, 11.9122156], [108.1675974, 11.9185439], [108.1718819, 11.9200038], [108.1757355, 11.9247416], [108.1794696, 11.9266605], [108.175914, 11.935264], [108.1786072, 11.937951], [108.1772678, 11.9461268], [108.1811773, 11.9496732], [108.18202, 11.9579032], [108.1838108, 11.9655138], [108.1829899, 11.9674402], [108.1867031, 11.9709522], [108.1858901, 11.9729423]]]}, "properties": {"new_ward_code": "1005888", "name": "Xã Đam Rông 1"}}, {"type": "Feature", "geometry": {"type": "Polygon", "coordinates": [[[108.2550921, 12.0499482], [108.2522739, 12.0583936], [108.2540901, 12.0651193], [108.2541005, 12.0707335], [108.2506969, 12.0788172], [108.2481569, 12.0822539], [108.24229, 12.0832072], [108.2366019, 12.0888632], [108.2322803, 12.0898196], [108.2242565, 12.0985735], [108.2166449, 12.1040484], [108.2177299, 12.1098247], [108.2121429, 12.1164818], [108.2125325, 12.1197813], [108.2041539, 12.1237292], [108.2021789, 12.1308609], [108.2004297, 12.1407725], [108.2016353, 12.1488855], [108.1990779, 12.150915], [108.1949779, 12.149575], [108.1853127, 12.1409145], [108.1755704, 12.1373339], [108.1692118, 12.137555], [108.1644303, 12.133148], [108.1611529, 12.1320202], [108.1635211, 12.1255278], [108.1660688, 12.1217422], [108.167159, 12.1063818], [108.1657076, 12.1011236], [108.1671327, 12.0949951], [108.1584855, 12.0927072], [108.1580029, 12.0949036], [108.1491297, 12.0950318], [108.1472334, 12.0982629], [108.1433656, 12.0971012], [108.1375082, 12.0892926], [108.1293937, 12.0916287], [108.1222272, 12.0966054], [108.1145701, 12.0981785], [108.1113434, 12.1040371], [108.1097878, 12.103667], [108.0955957, 12.1134607], [108.0883214, 12.1159887], [108.0840495, 12.1251326], [108.078563, 12.1329202], [108.0714476, 12.1323419], [108.0664784, 12.1336022], [108.0575068, 12.1402653], [108.0567652, 12.1423343], [108.0509148, 12.1387805], [108.0426802, 12.1387021], [108.036528, 12.144209], [108.0310447, 12.1388963], [108.0238726, 12.1360698], [108.0212458, 12.1393951], [108.0181687, 12.1339228], [108.0204142, 12.1299889], [108.0189063, 12.1271297], [108.0112649, 12.1238293], [108.007563, 12.1185414], [108.0047786, 12.1226838], [108.0010424, 12.1245961], [107.997772, 12.1220864], [107.9889997, 12.1215539], [107.9914511, 12.1156037], [107.9885969, 12.1121625], [107.9849508, 12.1105096], [107.9854874, 12.1075144], [107.9821854, 12.1042893], [107.9843456, 12.1001879], [107.9819829, 12.0976592], [107.9844636, 12.0923636], [107.9801316, 12.0857822], [107.982389, 12.0836465], [107.9777225, 12.0799719], [107.9716265, 12.0792782], [107.9704264, 12.0750061], [107.9625387, 12.0673748], [107.964182, 12.0629275], [107.9688277, 12.0621835], [107.9790902, 12.052805], [107.9811883, 12.0551308], [107.9904184, 12.0549636], [107.9915956, 12.0523917], [107.9978014, 12.0495536], [108.0016599, 12.0494974], [108.0059121, 12.0524303], [108.009177, 12.0527623], [108.0091011, 12.0419038], [108.0110228, 12.0313852], [108.0087486, 12.0319101], [108.0065713, 12.0247979], [108.0159176, 12.0230086], [108.0167255, 12.0198099], [108.0211651, 12.0177872], [108.0244842, 12.0064484], [108.0232111, 12.0047811], [108.0280897, 11.9940716], [108.0320904, 11.9883699], [108.0443144, 11.9924423], [108.0477109, 11.992248], [108.0512802, 11.9980145], [108.0556705, 12.0010581], [108.0551197, 12.0048959], [108.0581526, 12.0079147], [108.0611318, 12.0059381], [108.0656606, 12.0075409], [108.0689836, 12.0061358], [108.0769193, 12.0061008], [108.0823776, 12.008538], [108.0840891, 12.0069664], [108.0926336, 12.0099959], [108.0991315, 12.0096678], [108.1073441, 12.0052679], [108.1106561, 12.0003525], [108.1148795, 11.9973993], [108.1220172, 11.9980656], [108.125896, 11.9954083], [108.1291831, 11.997336], [108.132323, 11.9948062], [108.1382748, 11.9936811], [108.1449322, 11.9965476], [108.1477028, 11.9941241], [108.1518774, 11.9940094], [108.1587965, 11.9961361], [108.1604057, 11.9932855], [108.1681399, 11.9866655], [108.1780118, 11.9842747], [108.1813592, 11.9780826], [108.1858901, 11.9729423], [108.1897545, 11.973155], [108.1922525, 11.97786], [108.2006849, 11.980851], [108.200459, 11.9890894], [108.2020026, 11.9944509], [108.2067851, 11.9980024], [108.2168448, 12.0013547], [108.2173825, 12.0118713], [108.2199521, 12.0117905], [108.2247359, 12.0156529], [108.2316957, 12.0162554], [108.2427369, 12.0228969], [108.2478706, 12.0301341], [108.251047, 12.030314], [108.2514648, 12.0336479], [108.2489026, 12.0381663], [108.2526801, 12.0421762], [108.2550921, 12.0499482]]]}, "properties": {"new_ward_code": "1005889", "name": "Xã Đam Rông 2"}}, {"type": "Feature", "geometry": {"type": "Polygon", "coordinates": [[[108.1128503, 12.1846493], [108.1105851, 12.1799535], [108.1140733, 12.1751108], [108.1120936, 12.1658505], [108.1084514, 12.1649638], [108.110414, 12.1614695], [108.115968, 12.1613474], [108.1132552, 12.1567308], [108.112177, 12.151956], [108.1145298, 12.1482835], [108.1112972, 12.1469739], [108.1086804, 12.1498775], [108.1065569, 12.1446975], [108.0999537, 12.1402745], [108.0916657, 12.1390286], [108.0901802, 12.1335718], [108.0824795, 12.1375161], [108.0772546, 12.1384492], [108.078563, 12.1329202], [108.0840495, 12.1251326], [108.0883214, 12.1159887], [108.0955957, 12.1134607], [108.1097878, 12.103667], [108.1113434, 12.1040371], [108.1145701, 12.0981785], [108.1222272, 12.0966054], [108.1293937, 12.0916287], [108.1375082, 12.0892926], [108.1433656, 12.0971012], [108.1472334, 12.0982629], [108.1491297, 12.0950318], [108.1580029, 12.0949036], [108.1584855, 12.0927072], [108.1671327, 12.0949951], [108.1657076, 12.1011236], [108.167159, 12.1063818], [108.1660688, 12.1217422], [108.1635211, 12.1255278], [108.1611529, 12.1320202], [108.1644303, 12.133148], [108.1692118, 12.137555], [108.1755704, 12.1373339], [108.1853127, 12.1409145], [108.1949779, 12.149575], [108.1990779, 12.150915], [108.2016353, 12.1488855], [108.2004297, 12.1407725], [108.2021789, 12.1308609], [108.2041539, 12.1237292], [108.2125325, 12.1197813], [108.2121429, 12.1164818], [108.2177299, 12.1098247], [108.2166449, 12.1040484], [108.2242565, 12.0985735], [108.2322803, 12.0898196], [108.2366019, 12.0888632], [108.24229, 12.0832072], [108.2481569, 12.0822539], [108.2506969, 12.0788172], [108.2541005, 12.0707335], [108.2540901, 12.0651193], [108.2522739, 12.0583936], [108.2550921, 12.0499482], [108.2552487, 12.0534698], [108.2614217, 12.0602832], [108.2603991, 12.0662526], [108.2580091, 12.0695198], [108.262909, 12.0746582], [108.2660365, 12.0803655], [108.2645506, 12.0853435], [108.2710187, 12.0893348], [108.2725328, 12.0936103], [108.2754725, 12.0931959], [108.2795924, 12.0957976], [108.2781798, 12.1005102], [108.2804614, 12.1069227], [108.2764408, 12.1101616], [108.2733242, 12.1144171], [108.2673636, 12.1141399], [108.2579534, 12.1258467], [108.2535312, 12.1272587], [108.2484519, 12.1312274], [108.2468104, 12.1346574], [108.2435768, 12.1347105], [108.2408502, 12.1408577], [108.2468379, 12.1474332], [108.2430848, 12.1501231], [108.2434026, 12.1580575], [108.2412571, 12.1606611], [108.23908, 12.1633695], [108.2380646, 12.1751418], [108.2296905, 12.1779666], [108.2280896, 12.1829441], [108.225757, 12.1819745], [108.2246695, 12.1740056], [108.2206589, 12.1741984], [108.2207684, 12.1790717], [108.2178868, 12.1836242], [108.2143481, 12.1827515], [108.2098837, 12.1785383], [108.2094551, 12.1731853], [108.2038994, 12.1707394], [108.2020521, 12.1728576], [108.1980289, 12.1729958], [108.1949129, 12.1769206], [108.1852067, 12.1741811], [108.1846986, 12.1795385], [108.1813828, 12.1845945], [108.175975, 12.1845332], [108.1683122, 12.1884697], [108.1671309, 12.1952421], [108.1641303, 12.1964853], [108.1586248, 12.1930713], [108.1529546, 12.1880364], [108.1463198, 12.186471], [108.1392707, 12.1826032], [108.1320836, 12.1812393], [108.1294679, 12.1786193], [108.1227357, 12.175103], [108.1193605, 12.1756681], [108.1128503, 12.1846493]]]}, "properties": {"new_ward_code": "1005890", "name": "Xã Đam Rông 3"}}, {"type": "Feature", "geometry": {"type": "Polygon", "coordinates": [[[108.5345109, 11.8079789], [108.5330461, 11.7980336], [108.5449433, 11.7832946], [108.5421243, 11.7809078], [108.5463871, 11.7764416], [108.5519573, 11.7751001], [108.5551036, 11.7718435], [108.5620898, 11.7708412], [108.566983, 11.7658857], [108.5728866, 11.7669256], [108.5784548, 11.7609733], [108.5794286, 11.7552492], [108.582466, 11.7500849], [108.5866846, 11.7485693], [108.5963567, 11.7489649], [108.6007869, 11.746023], [108.6038178, 11.7489169], [108.617136, 11.7445536], [108.6224424, 11.7398261], [108.6277324, 11.7333495], [108.6301736, 11.7275949], [108.630284, 11.7242184], [108.6383669, 11.7231963], [108.646662, 11.7180553], [108.6514035, 11.7165731], [108.664092, 11.7159987], [108.66788, 11.7193631], [108.6664419, 11.7233134], [108.6675576, 11.7268262], [108.6710427, 11.7246746], [108.6814307, 11.7283652], [108.686684, 11.7291386], [108.6896029, 11.7328216], [108.683871, 11.7374305], [108.6673751, 11.7476062], [108.6651117, 11.7586619], [108.6628295, 11.7626382], [108.6711378, 11.7773919], [108.6725385, 11.78326], [108.6682583, 11.7890708], [108.6642167, 11.7883198], [108.6583241, 11.7899926], [108.6552399, 11.7926502], [108.6493752, 11.7935173], [108.6405159, 11.79284], [108.6313855, 11.7957567], [108.6270917, 11.7998068], [108.6236301, 11.8001372], [108.6186451, 11.8036796], [108.6197473, 11.80991], [108.6256269, 11.8146015], [108.6269631, 11.8197145], [108.6242161, 11.8259717], [108.6251315, 11.8316861], [108.6378121, 11.8306264], [108.6451002, 11.8347319], [108.6500179, 11.8408746], [108.6531559, 11.8463539], [108.6535999, 11.8541995], [108.6503541, 11.8633453], [108.6527324, 11.8693004], [108.6521889, 11.8720221], [108.6556698, 11.8861451], [108.6554711, 11.8903012], [108.6533626, 11.8932501], [108.6562676, 11.8990519], [108.6558426, 11.9020932], [108.6599457, 11.9038553], [108.6609556, 11.9089385], [108.6641561, 11.9143482], [108.6618316, 11.9253307], [108.6621988, 11.9309076], [108.6650708, 11.9363348], [108.6642848, 11.9411299], [108.6653477, 11.9463903], [108.6636576, 11.94952], [108.6598053, 11.9511404], [108.6620635, 11.958264], [108.6617104, 11.961961], [108.6654649, 11.9674733], [108.6612073, 11.9673654], [108.6573976, 11.9705731], [108.6454577, 11.9615533], [108.6372105, 11.9590665], [108.6259782, 11.9628273], [108.6200023, 11.9625229], [108.6123955, 11.9656349], [108.6107084, 11.9639518], [108.6022928, 11.9640223], [108.5942635, 11.9617216], [108.5868126, 11.9564982], [108.5782434, 11.9646193], [108.57382, 11.9669626], [108.5707578, 11.9632163], [108.5701668, 11.9595368], [108.5660416, 11.9519901], [108.5665767, 11.94357], [108.5644202, 11.9388262], [108.5697591, 11.9310546], [108.574228, 11.9258432], [108.5733545, 11.9190061], [108.5758585, 11.9121487], [108.5791542, 11.9068248], [108.5849167, 11.9066328], [108.5925257, 11.9048815], [108.5912678, 11.8988975], [108.5881215, 11.8945669], [108.5839021, 11.8912404], [108.5869896, 11.884147], [108.5863156, 11.8739413], [108.587333, 11.8707475], [108.5936469, 11.8652405], [108.5943979, 11.8597492], [108.5899124, 11.8541109], [108.5896611, 11.850958], [108.5845944, 11.8533993], [108.5793078, 11.8477889], [108.5765965, 11.8465899], [108.5498223, 11.8310622], [108.5452759, 11.823252], [108.5425367, 11.8204845], [108.5428296, 11.8159351], [108.5383907, 11.8139162], [108.5345109, 11.8079789]]]}, "properties": {"new_ward_code": "1005892", "name": "Xã D'Ran"}}, {"type": "Feature", "geometry": {"type": "Polygon", "coordinates": [[[108.4966341, 11.8163684], [108.4932045, 11.8113316], [108.4855815, 11.8061831], [108.485018, 11.8047767], [108.4875402, 11.7969893], [108.4903858, 11.7936342], [108.4953299, 11.792303], [108.4992506, 11.7854621], [108.5065687, 11.778933], [108.5086235, 11.7738472], [108.5081486, 11.7667885], [108.5113889, 11.7581131], [108.5152084, 11.7548832], [108.5158154, 11.7507105], [108.5211217, 11.7494905], [108.5292672, 11.7377662], [108.5323209, 11.7361962], [108.5403165, 11.7366637], [108.5452464, 11.7344393], [108.5464854, 11.7290404], [108.5493958, 11.7297411], [108.556686, 11.725723], [108.5606986, 11.7295888], [108.5678679, 11.7318059], [108.5714623, 11.7274931], [108.5744315, 11.726109], [108.5752732, 11.718917], [108.5779989, 11.717768], [108.5822099, 11.7120373], [108.5846538, 11.710712], [108.5874081, 11.7060308], [108.6015105, 11.7011786], [108.6016043, 11.697384], [108.6059919, 11.6931647], [108.6133769, 11.6917822], [108.6133226, 11.6976876], [108.6166165, 11.7001774], [108.6264154, 11.6945426], [108.6322607, 11.6938373], [108.6335893, 11.6909923], [108.6393343, 11.6861439], [108.6497016, 11.6823639], [108.6530826, 11.6858299], [108.6710311, 11.6888383], [108.6768473, 11.6761616], [108.6786042, 11.669705], [108.6798614, 11.673016], [108.6861992, 11.6807372], [108.688223, 11.6896152], [108.6934516, 11.6984948], [108.7009299, 11.7017444], [108.6960951, 11.7082487], [108.6938892, 11.722561], [108.6896029, 11.7328216], [108.686684, 11.7291386], [108.6814307, 11.7283652], [108.6710427, 11.7246746], [108.6675576, 11.7268262], [108.6664419, 11.7233134], [108.66788, 11.7193631], [108.664092, 11.7159987], [108.6514035, 11.7165731], [108.646662, 11.7180553], [108.6383669, 11.7231963], [108.630284, 11.7242184], [108.6301736, 11.7275949], [108.6277324, 11.7333495], [108.6224424, 11.7398261], [108.617136, 11.7445536], [108.6038178, 11.7489169], [108.6007869, 11.746023], [108.5963567, 11.7489649], [108.5866846, 11.7485693], [108.582466, 11.7500849], [108.5794286, 11.7552492], [108.5784548, 11.7609733], [108.5728866, 11.7669256], [108.566983, 11.7658857], [108.5620898, 11.7708412], [108.5551036, 11.7718435], [108.5519573, 11.7751001], [108.5463871, 11.7764416], [108.5421243, 11.7809078], [108.5449433, 11.7832946], [108.5330461, 11.7980336], [108.5345109, 11.8079789], [108.5304701, 11.8100963], [108.5258851, 11.8095092], [108.5225771, 11.8107642], [108.518908, 11.8147499], [108.5048336, 11.8111806], [108.5020173, 11.8144019], [108.4966341, 11.8163684]]]}, "properties": {"new_ward_code": "1005893", "name": "Xã Ka Đô"}}, {"type": "Feature", "geometry": {"type": "Polygon", "coordinates": [[[108.5624859, 11.6426332], [108.5671155, 11.6425209], [108.5730963, 11.6396958], [108.5808729, 11.6419311], [108.5842511, 11.6407013], [108.5881687, 11.6448076], [108.5949192, 11.6488746], [108.5987645, 11.6495569], [108.6038315, 11.6479995], [108.6059609, 11.6499667], [108.6098503, 11.6495795], [108.620091, 11.6518391], [108.6229527, 11.6502347], [108.6253935, 11.6542171], [108.6340046, 11.6578405], [108.645612, 11.6618561], [108.649748, 11.6643673], [108.6531705, 11.6640941], [108.6591833, 11.6689002], [108.6633001, 11.6682374], [108.6688078, 11.6638954], [108.6722031, 11.664184], [108.6740681, 11.6676631], [108.6786042, 11.669705], [108.6768473, 11.6761616], [108.6710311, 11.6888383], [108.6530826, 11.6858299], [108.6497016, 11.6823639], [108.6393343, 11.6861439], [108.6335893, 11.6909923], [108.6322607, 11.6938373], [108.6264154, 11.6945426], [108.6166165, 11.7001774], [108.6133226, 11.6976876], [108.6133769, 11.6917822], [108.6059919, 11.6931647], [108.6016043, 11.697384], [108.6015105, 11.7011786], [108.5874081, 11.7060308], [108.5846538, 11.710712], [108.5822099, 11.7120373], [108.5779989, 11.717768], [108.5752732, 11.718917], [108.5744315, 11.726109], [108.5714623, 11.7274931], [108.5678679, 11.7318059], [108.5606986, 11.7295888], [108.556686, 11.725723], [108.5493958, 11.7297411], [108.5464854, 11.7290404], [108.5452464, 11.7344393], [108.5403165, 11.7366637], [108.5323209, 11.7361962], [108.5292672, 11.7377662], [108.5211217, 11.7494905], [108.5158154, 11.7507105], [108.5152084, 11.7548832], [108.5113889, 11.7581131], [108.5081486, 11.7667885], [108.5029697, 11.7566792], [108.5000643, 11.754782], [108.5017845, 11.749378], [108.4967762, 11.7481449], [108.4881919, 11.7432489], [108.4785273, 11.7405994], [108.4764394, 11.7372999], [108.4771263, 11.732433], [108.4678578, 11.7301677], [108.4691977, 11.7250559], [108.4675406, 11.7149294], [108.4650917, 11.7109757], [108.4666688, 11.7067109], [108.465516, 11.7019801], [108.4666879, 11.6967634], [108.4698227, 11.6929614], [108.4686694, 11.6872302], [108.4721151, 11.6869926], [108.4779042, 11.6822239], [108.4849777, 11.6826927], [108.4919965, 11.6810261], [108.4973857, 11.6730808], [108.5043991, 11.6696314], [108.5045604, 11.6664871], [108.5071526, 11.6677856], [108.509565, 11.6730734], [108.5204258, 11.6718081], [108.5258611, 11.6748362], [108.5304314, 11.6746876], [108.5333735, 11.6789109], [108.5376696, 11.6805455], [108.5447308, 11.6812017], [108.5455328, 11.6764712], [108.5520464, 11.6757776], [108.5590889, 11.676418], [108.5579072, 11.6717547], [108.5622144, 11.6676764], [108.5618198, 11.6619296], [108.5644587, 11.6602699], [108.5670132, 11.6555247], [108.5671927, 11.6506598], [108.5648936, 11.6480648], [108.5655856, 11.6447469], [108.5624859, 11.6426332]]]}, "properties": {"new_ward_code": "1005894", "name": "Xã Quảng Lập"}}, {"type": "Feature", "geometry": {"type": "Polygon", "coordinates": [[[108.4872372, 11.8251357], [108.4834283, 11.8210086], [108.4802384, 11.8150308], [108.4768464, 11.8151469], [108.474209, 11.8118554], [108.4703779, 11.8111884], [108.4666416, 11.8081613], [108.4600615, 11.8083506], [108.4518105, 11.8009189], [108.4474472, 11.7993023], [108.4398705, 11.790116], [108.4341654, 11.7813489], [108.4309625, 11.778311], [108.4276371, 11.7779565], [108.4261041, 11.7729012], [108.4287628, 11.7688734], [108.4243737, 11.7652032], [108.4271783, 11.7638375], [108.4280461, 11.7577381], [108.4249467, 11.7510256], [108.424885, 11.7461018], [108.4233305, 11.7423328], [108.4170288, 11.7469789], [108.4122379, 11.7464314], [108.4142782, 11.7428424], [108.4096042, 11.7383985], [108.4071041, 11.7390986], [108.4033817, 11.7366676], [108.4050052, 11.7326941], [108.4019326, 11.7229378], [108.4017858, 11.7174345], [108.4000986, 11.7131378], [108.4014398, 11.709453], [108.3982494, 11.7074748], [108.3920038, 11.6963023], [108.3916226, 11.693936], [108.3951408, 11.6864039], [108.3987359, 11.6838647], [108.4059835, 11.6815998], [108.4090183, 11.6822838], [108.4176593, 11.6799519], [108.4209503, 11.6757981], [108.4203916, 11.6714839], [108.4249126, 11.6629361], [108.4260464, 11.6589639], [108.429155, 11.6581023], [108.4424293, 11.6621638], [108.448078, 11.6621476], [108.4544723, 11.6590974], [108.4610943, 11.6596802], [108.4655553, 11.6567389], [108.4722796, 11.6557512], [108.4794118, 11.6522394], [108.4852912, 11.6514661], [108.4889536, 11.656262], [108.4935147, 11.6579641], [108.4945333, 11.6604857], [108.4993389, 11.6623751], [108.5045604, 11.6664871], [108.5043991, 11.6696314], [108.4973857, 11.6730808], [108.4919965, 11.6810261], [108.4849777, 11.6826927], [108.4779042, 11.6822239], [108.4721151, 11.6869926], [108.4686694, 11.6872302], [108.4698227, 11.6929614], [108.4666879, 11.6967634], [108.465516, 11.7019801], [108.4666688, 11.7067109], [108.4650917, 11.7109757], [108.4675406, 11.7149294], [108.4691977, 11.7250559], [108.4678578, 11.7301677], [108.4771263, 11.732433], [108.4764394, 11.7372999], [108.4785273, 11.7405994], [108.4881919, 11.7432489], [108.4967762, 11.7481449], [108.5017845, 11.749378], [108.5000643, 11.754782], [108.5029697, 11.7566792], [108.5081486, 11.7667885], [108.5086235, 11.7738472], [108.5065687, 11.778933], [108.4992506, 11.7854621], [108.4953299, 11.792303], [108.4903858, 11.7936342], [108.4875402, 11.7969893], [108.485018, 11.8047767], [108.4855815, 11.8061831], [108.4932045, 11.8113316], [108.4966341, 11.8163684], [108.4961057, 11.8203773], [108.4938045, 11.8225456], [108.4872372, 11.8251357]]]}, "properties": {"new_ward_code": "1005895", "name": "Xã Đơn Dương"}}, {"type": "Feature", "geometry": {"type": "Polygon", "coordinates": [[[108.5142398, 12.2775849], [108.5163478, 12.2729187], [108.5157815, 12.2686268], [108.5184404, 12.2674867], [108.5174323, 12.2631795], [108.5127409, 12.2601874], [108.5141495, 12.2577174], [108.5105735, 12.2481621], [108.5068675, 12.2442694], [108.5026333, 12.2427331], [108.4997134, 12.2387457], [108.499259, 12.2335166], [108.5055041, 12.2280728], [108.5101712, 12.2267726], [108.5064268, 12.2227042], [108.5018134, 12.2211628], [108.4981334, 12.2219911], [108.4936273, 12.2162764], [108.4930479, 12.2082651], [108.4875717, 12.2082439], [108.4875827, 12.2039398], [108.4855807, 12.1960798], [108.4859401, 12.1899188], [108.4728134, 12.181398], [108.4641027, 12.1799013], [108.4622316, 12.1777269], [108.4646416, 12.1750303], [108.4713167, 12.1733909], [108.4766924, 12.1763226], [108.4774061, 12.1697032], [108.4801358, 12.165824], [108.4895396, 12.1599822], [108.4909987, 12.1560858], [108.495566, 12.1558842], [108.4986589, 12.1530599], [108.5009881, 12.1482849], [108.5098403, 12.1425887], [108.510772, 12.1444016], [108.5176427, 12.1441997], [108.5196581, 12.1422573], [108.5292466, 12.1408637], [108.5315062, 12.1395891], [108.5285819, 12.1344319], [108.5170415, 12.1235542], [108.5149849, 12.1188101], [108.5066919, 12.112915], [108.5046673, 12.1102848], [108.4997535, 12.1081658], [108.4980905, 12.1057216], [108.4935859, 12.1065743], [108.488456, 12.1012055], [108.4876781, 12.098903], [108.4830637, 12.0953057], [108.4785291, 12.0894636], [108.4797028, 12.0876423], [108.4708339, 12.0778161], [108.4704146, 12.0734747], [108.4673469, 12.0709398], [108.4630783, 12.070974], [108.4585871, 12.0679603], [108.453264, 12.0676398], [108.4519185, 12.0643113], [108.4548199, 12.0630225], [108.4468183, 12.0523742], [108.4450072, 12.0449107], [108.4529328, 12.0333501], [108.457455, 12.0305746], [108.4590196, 12.0247886], [108.4585065, 12.0190581], [108.453539, 12.0118121], [108.4542245, 12.0079697], [108.4627846, 12.0063238], [108.4632056, 11.9991321], [108.4683154, 11.9942395], [108.4730629, 11.9939666], [108.4746406, 11.9889141], [108.4841893, 11.9927834], [108.491732, 11.9930002], [108.4964342, 11.9896874], [108.5050079, 11.9867239], [108.5099725, 11.9853478], [108.5143581, 11.9865954], [108.5166969, 11.9839239], [108.5280937, 11.9854081], [108.5298398, 11.9838024], [108.5351391, 11.9838628], [108.5382324, 11.9803547], [108.5458526, 11.9760261], [108.5562086, 11.9750547], [108.5639119, 11.9685055], [108.5664222, 11.9651704], [108.5707578, 11.9632163], [108.57382, 11.9669626], [108.5782434, 11.9646193], [108.5868126, 11.9564982], [108.5942635, 11.9617216], [108.6022928, 11.9640223], [108.6107084, 11.9639518], [108.6123955, 11.9656349], [108.6200023, 11.9625229], [108.6259782, 11.9628273], [108.6372105, 11.9590665], [108.6454577, 11.9615533], [108.6573976, 11.9705731], [108.6612073, 11.9673654], [108.6654649, 11.9674733], [108.6804732, 11.9843916], [108.68251, 11.9905971], [108.6852378, 11.9917836], [108.6837798, 12.0041934], [108.681407, 12.0063311], [108.6796617, 12.0112748], [108.6828965, 12.0185631], [108.6856268, 12.022049], [108.6851945, 12.0248903], [108.6911774, 12.0297929], [108.6940542, 12.041151], [108.6986749, 12.0425282], [108.7031812, 12.0412527], [108.7107896, 12.0511552], [108.7127555, 12.0626655], [108.7103444, 12.0650111], [108.707622, 12.0756887], [108.7092423, 12.0785202], [108.7063372, 12.080654], [108.7031732, 12.0858732], [108.7054432, 12.0900185], [108.7046206, 12.0930333], [108.7005973, 12.0937304], [108.6993384, 12.0985765], [108.6951807, 12.1001759], [108.6918338, 12.1058267], [108.6834907, 12.1126256], [108.6810212, 12.1165561], [108.6730599, 12.1197451], [108.6809455, 12.1237566], [108.6865113, 12.1302864], [108.6931729, 12.1293708], [108.6945078, 12.1363339], [108.6966759, 12.1396449], [108.6933883, 12.1460843], [108.7043202, 12.1505165], [108.7052858, 12.1541087], [108.7171411, 12.1552205], [108.7209812, 12.1533892], [108.7223436, 12.1573383], [108.727811, 12.1575017], [108.7287369, 12.1625267], [108.7254003, 12.1664061], [108.724933, 12.1698172], [108.7202908, 12.172814], [108.7205188, 12.1796983], [108.7134737, 12.1882364], [108.7106215, 12.1904485], [108.7123352, 12.1934612], [108.712293, 12.1988756], [108.71867, 12.2085377], [108.7187558, 12.2141058], [108.7222856, 12.2179803], [108.7195879, 12.2212254], [108.7182679, 12.2254474], [108.7141532, 12.2288592], [108.7094164, 12.229999], [108.7019813, 12.2377192], [108.7020457, 12.2471241], [108.7062877, 12.2545738], [108.7024319, 12.2649579], [108.7043707, 12.2697338], [108.7019759, 12.2744457], [108.7034994, 12.2770613], [108.7014826, 12.2821818], [108.7017184, 12.2909463], [108.7041619, 12.2928455], [108.7033492, 12.2972989], [108.7067251, 12.3002092], [108.6985856, 12.3098306], [108.6951148, 12.3095005], [108.6936719, 12.3125848], [108.6892247, 12.3113086], [108.6848154, 12.3170524], [108.679838, 12.316123], [108.6743519, 12.3097145], [108.6737658, 12.3059391], [108.6687809, 12.3050403], [108.6683196, 12.300842], [108.6598474, 12.2967856], [108.6515343, 12.2952705], [108.6494298, 12.2927605], [108.6387534, 12.2939788], [108.6370182, 12.2915439], [108.6265468, 12.2899924], [108.6218256, 12.290819], [108.6184149, 12.2843786], [108.6131083, 12.2829303], [108.6085492, 12.2833566], [108.6042375, 12.2796383], [108.595265, 12.2766887], [108.5909475, 12.2787678], [108.5885721, 12.2826897], [108.5899518, 12.2875428], [108.5876143, 12.2882095], [108.5834545, 12.2854466], [108.5788446, 12.286054], [108.5716774, 12.2908594], [108.5692871, 12.2956112], [108.5652877, 12.2921448], [108.5577868, 12.2922015], [108.55531, 12.2954338], [108.552316, 12.2956604], [108.5506533, 12.2924266], [108.5418427, 12.2974666], [108.5361564, 12.2906533], [108.5396391, 12.2872217], [108.5397464, 12.2847608], [108.5314929, 12.2790225], [108.5288233, 12.2802693], [108.5242741, 12.2791794], [108.5212079, 12.2805586], [108.5162891, 12.2799142], [108.5142398, 12.2775849]]]}, "properties": {"new_ward_code": "1005887", "name": "Xã Lạc Dương"}}, {"type": "Feature", "geometry": {"type": "Polygon", "coordinates": [[[108.4334761, 11.9563516], [108.4346059, 11.9578013], [108.4344014, 11.9670151], [108.4354312, 11.9733091], [108.4370676, 11.9757788], [108.4362978, 11.9795598], [108.4402049, 11.9841072], [108.4376469, 11.9874651], [108.4384677, 11.9929172], [108.4416332, 11.9994554], [108.4486699, 12.0025999], [108.4542245, 12.0079697], [108.453539, 12.0118121], [108.4585065, 12.0190581], [108.4590196, 12.0247886], [108.457455, 12.0305746], [108.4529328, 12.0333501], [108.4450072, 12.0449107], [108.4468183, 12.0523742], [108.4548199, 12.0630225], [108.4519185, 12.0643113], [108.453264, 12.0676398], [108.4585871, 12.0679603], [108.4630783, 12.070974], [108.4673469, 12.0709398], [108.4704146, 12.0734747], [108.4708339, 12.0778161], [108.4797028, 12.0876423], [108.4785291, 12.0894636], [108.4830637, 12.0953057], [108.4876781, 12.098903], [108.488456, 12.1012055], [108.4935859, 12.1065743], [108.4980905, 12.1057216], [108.4997535, 12.1081658], [108.5046673, 12.1102848], [108.5066919, 12.112915], [108.5149849, 12.1188101], [108.5170415, 12.1235542], [108.5285819, 12.1344319], [108.5315062, 12.1395891], [108.5292466, 12.1408637], [108.5196581, 12.1422573], [108.5176427, 12.1441997], [108.510772, 12.1444016], [108.5098403, 12.1425887], [108.5009881, 12.1482849], [108.4986589, 12.1530599], [108.495566, 12.1558842], [108.4909987, 12.1560858], [108.4895396, 12.1599822], [108.4801358, 12.165824], [108.4774061, 12.1697032], [108.4766924, 12.1763226], [108.4713167, 12.1733909], [108.4646416, 12.1750303], [108.4622316, 12.1777269], [108.4606898, 12.175567], [108.4524651, 12.1717128], [108.4428799, 12.1713615], [108.4409809, 12.1734381], [108.4344432, 12.1719772], [108.43243, 12.1692535], [108.427041, 12.1669574], [108.4251988, 12.163632], [108.4104037, 12.1619854], [108.4074476, 12.1565467], [108.4017604, 12.1574557], [108.3994872, 12.1617412], [108.3908507, 12.158501], [108.3926859, 12.155351], [108.3897293, 12.1518013], [108.3910865, 12.1481565], [108.3904964, 12.1431325], [108.3922328, 12.1353164], [108.3889353, 12.1279285], [108.3850408, 12.1278289], [108.3815448, 12.1253779], [108.3775953, 12.1253468], [108.3751219, 12.1223901], [108.3683715, 12.1230364], [108.3652729, 12.1148637], [108.3629125, 12.1111371], [108.361924, 12.1027129], [108.3660239, 12.1042634], [108.3715444, 12.1010079], [108.3759556, 12.103552], [108.3781922, 12.1015319], [108.3761572, 12.094797], [108.3789616, 12.0884928], [108.3784586, 12.0845829], [108.3729304, 12.0738881], [108.3696722, 12.0731688], [108.3650871, 12.0684959], [108.3606702, 12.0661075], [108.3565786, 12.0659294], [108.3554545, 12.062276], [108.3431769, 12.0658231], [108.340859, 12.0636995], [108.3357257, 12.0527248], [108.336916, 12.0486996], [108.3340145, 12.0441927], [108.3369406, 12.0369168], [108.3344382, 12.0349607], [108.3360888, 12.020432], [108.3322414, 12.0216785], [108.3288159, 12.0270358], [108.3231259, 12.029732], [108.3202701, 12.0344042], [108.3169747, 12.0302557], [108.3135794, 12.0204201], [108.3065051, 12.0236289], [108.3025186, 12.0226069], [108.2991535, 12.0180051], [108.2940486, 12.0164369], [108.2944729, 12.0100379], [108.2970426, 12.0072469], [108.2935217, 12.0015734], [108.2955086, 11.9999642], [108.2913082, 11.9893896], [108.2915266, 11.9859478], [108.2864059, 11.979851], [108.28293, 11.969681], [108.2794751, 11.9700586], [108.2766707, 11.9679751], [108.2799838, 11.9607633], [108.2842704, 11.9597944], [108.2899779, 11.9543728], [108.2924885, 11.9489882], [108.2911962, 11.9414346], [108.2991376, 11.9346052], [108.3010061, 11.9313041], [108.3079496, 11.9296746], [108.310529, 11.9263991], [108.3155635, 11.9255357], [108.318605, 11.9381176], [108.3222906, 11.9393128], [108.3232665, 11.9503154], [108.3226258, 11.9549501], [108.3266437, 11.9589596], [108.324345, 11.9608593], [108.3319759, 11.9655824], [108.33829, 11.964146], [108.3370827, 11.9684767], [108.334746, 11.9694269], [108.3387668, 11.9761008], [108.3421147, 11.9763613], [108.3464947, 11.9804072], [108.3489919, 11.9803285], [108.3603644, 11.9719008], [108.3662599, 11.968579], [108.3694062, 11.9713025], [108.3737326, 11.9650891], [108.3738425, 11.9620978], [108.3833215, 11.9591327], [108.3867147, 11.9592769], [108.3936868, 11.9632007], [108.3965448, 11.9632274], [108.4020675, 11.967388], [108.406662, 11.9666412], [108.4090841, 11.9623615], [108.4124933, 11.9597931], [108.4137499, 11.9565472], [108.4167643, 11.9550707], [108.4223117, 11.9560148], [108.4236552, 11.9587391], [108.427484, 11.9600538], [108.4318179, 11.9551098], [108.4334761, 11.9563516]]]}, "properties": {"new_ward_code": "1005913", "name": "Phường Lang Biang - Đà Lạt"}}, {"type": "Feature", "geometry": {"type": "Polygon", "coordinates": [[[108.4512828, 12.2760533], [108.4510111, 12.2736232], [108.4413671, 12.274582], [108.4396403, 12.2588016], [108.4338033, 12.2546624], [108.4320808, 12.258533], [108.4275269, 12.2575037], [108.4269788, 12.2514794], [108.4163754, 12.2477952], [108.413512, 12.2440301], [108.4075984, 12.2448275], [108.3993788, 12.2425941], [108.3949695, 12.243608], [108.3876232, 12.2410378], [108.3830478, 12.2455164], [108.3803164, 12.2463156], [108.3760105, 12.2502507], [108.3722949, 12.250951], [108.3705583, 12.2534511], [108.361672, 12.2529506], [108.3547447, 12.2543616], [108.3489482, 12.2505402], [108.3473866, 12.2476789], [108.3440294, 12.24889], [108.3401263, 12.2474046], [108.3364896, 12.2482601], [108.3342091, 12.2444739], [108.3356079, 12.239672], [108.3335153, 12.2350333], [108.3397935, 12.2335421], [108.3401163, 12.2285394], [108.3304417, 12.2303376], [108.3211193, 12.2236565], [108.3224684, 12.220113], [108.3187652, 12.218536], [108.3124167, 12.2184572], [108.3104634, 12.2145302], [108.3012374, 12.2090241], [108.2972866, 12.202904], [108.2949942, 12.2077671], [108.2912439, 12.2107208], [108.2879093, 12.2105599], [108.2785089, 12.2142159], [108.2741082, 12.2110305], [108.2726194, 12.204789], [108.2668342, 12.2037812], [108.2597967, 12.2005481], [108.2605541, 12.1923046], [108.2526723, 12.1885004], [108.2483518, 12.1787222], [108.2538792, 12.1719575], [108.2464568, 12.1684239], [108.2442552, 12.1625257], [108.2412571, 12.1606611], [108.2434026, 12.1580575], [108.2430848, 12.1501231], [108.2468379, 12.1474332], [108.2408502, 12.1408577], [108.2435768, 12.1347105], [108.2468104, 12.1346574], [108.2484519, 12.1312274], [108.2535312, 12.1272587], [108.2579534, 12.1258467], [108.2673636, 12.1141399], [108.2733242, 12.1144171], [108.2764408, 12.1101616], [108.2804614, 12.1069227], [108.2781798, 12.1005102], [108.2795924, 12.0957976], [108.2754725, 12.0931959], [108.2725328, 12.0936103], [108.2710187, 12.0893348], [108.2645506, 12.0853435], [108.2660365, 12.0803655], [108.262909, 12.0746582], [108.2580091, 12.0695198], [108.2603991, 12.0662526], [108.2614217, 12.0602832], [108.2552487, 12.0534698], [108.2550921, 12.0499482], [108.2576423, 12.052078], [108.2649152, 12.0541288], [108.2687664, 12.0566603], [108.2713134, 12.0605783], [108.2747266, 12.0610087], [108.2816328, 12.0705495], [108.2851231, 12.0714635], [108.2925132, 12.0671112], [108.2920887, 12.064796], [108.3010112, 12.0647091], [108.3042311, 12.0622727], [108.3038884, 12.0554737], [108.3093079, 12.0518818], [108.3084222, 12.04739], [108.3202701, 12.0344042], [108.3231259, 12.029732], [108.3288159, 12.0270358], [108.3322414, 12.0216785], [108.3360888, 12.020432], [108.3344382, 12.0349607], [108.3369406, 12.0369168], [108.3340145, 12.0441927], [108.336916, 12.0486996], [108.3357257, 12.0527248], [108.340859, 12.0636995], [108.3431769, 12.0658231], [108.3554545, 12.062276], [108.3565786, 12.0659294], [108.3606702, 12.0661075], [108.3650871, 12.0684959], [108.3696722, 12.0731688], [108.3729304, 12.0738881], [108.3784586, 12.0845829], [108.3789616, 12.0884928], [108.3761572, 12.094797], [108.3781922, 12.1015319], [108.3759556, 12.103552], [108.3715444, 12.1010079], [108.3660239, 12.1042634], [108.361924, 12.1027129], [108.3629125, 12.1111371], [108.3652729, 12.1148637], [108.3683715, 12.1230364], [108.3751219, 12.1223901], [108.3775953, 12.1253468], [108.3815448, 12.1253779], [108.3850408, 12.1278289], [108.3889353, 12.1279285], [108.3922328, 12.1353164], [108.3904964, 12.1431325], [108.3910865, 12.1481565], [108.3897293, 12.1518013], [108.3926859, 12.155351], [108.3908507, 12.158501], [108.3994872, 12.1617412], [108.4017604, 12.1574557], [108.4074476, 12.1565467], [108.4104037, 12.1619854], [108.4251988, 12.163632], [108.427041, 12.1669574], [108.43243, 12.1692535], [108.4344432, 12.1719772], [108.4409809, 12.1734381], [108.4428799, 12.1713615], [108.4524651, 12.1717128], [108.4606898, 12.175567], [108.4622316, 12.1777269], [108.4641027, 12.1799013], [108.4728134, 12.181398], [108.4859401, 12.1899188], [108.4855807, 12.1960798], [108.4875827, 12.2039398], [108.4875717, 12.2082439], [108.4930479, 12.2082651], [108.4936273, 12.2162764], [108.4981334, 12.2219911], [108.5018134, 12.2211628], [108.5064268, 12.2227042], [108.5101712, 12.2267726], [108.5055041, 12.2280728], [108.499259, 12.2335166], [108.4997134, 12.2387457], [108.5026333, 12.2427331], [108.5068675, 12.2442694], [108.5105735, 12.2481621], [108.5141495, 12.2577174], [108.5127409, 12.2601874], [108.5174323, 12.2631795], [108.5184404, 12.2674867], [108.5157815, 12.2686268], [108.5163478, 12.2729187], [108.5142398, 12.2775849], [108.5106314, 12.2771413], [108.5022886, 12.2815534], [108.4985467, 12.2865674], [108.4999569, 12.2919943], [108.4944609, 12.2988174], [108.4927718, 12.3048077], [108.4899998, 12.3064458], [108.4851181, 12.3052261], [108.4847661, 12.3092986], [108.4820606, 12.3089994], [108.4806649, 12.3038997], [108.4830662, 12.3015704], [108.4772074, 12.2989907], [108.4721488, 12.2882437], [108.4690088, 12.2956288], [108.4653098, 12.2967645], [108.4666201, 12.2839276], [108.4637245, 12.2791925], [108.4599351, 12.2756422], [108.4550619, 12.2789666], [108.4512828, 12.2760533]]]}, "properties": {"new_ward_code": "1005891", "name": "Xã Đam Rông 4"}}, {"type": "Feature", "geometry": {"type": "Polygon", "coordinates": [[[107.6620067, 11.8871156], [107.6617032, 11.8903687], [107.6579627, 11.8930837], [107.6521154, 11.8948448], [107.6542425, 11.9000932], [107.657361, 11.9009152], [107.6574168, 11.909485], [107.6523928, 11.9131183], [107.6465422, 11.9141369], [107.6453733, 11.915926], [107.6489188, 11.9206296], [107.6494431, 11.9318636], [107.6590951, 11.9384876], [107.6580744, 11.9409684], [107.6593718, 11.9454142], [107.6551082, 11.9465399], [107.6511458, 11.944919], [107.6501886, 11.9491439], [107.6521031, 11.953105], [107.6495098, 11.9616982], [107.6503007, 11.9699247], [107.648513, 11.9753512], [107.6429158, 11.9787558], [107.6400723, 11.9779674], [107.639113, 11.9915127], [107.6413948, 11.9966931], [107.6363791, 11.996547], [107.6323142, 11.9940527], [107.6272684, 11.9948699], [107.6196489, 11.9912492], [107.6145065, 11.9919149], [107.6076967, 11.9965875], [107.6072165, 11.9919492], [107.6050602, 11.9911181], [107.6005035, 11.9945075], [107.6006961, 11.9978539], [107.5966027, 12.0102974], [107.5930679, 12.0061397], [107.5850371, 12.0115739], [107.5818202, 12.0112618], [107.578538, 12.019986], [107.5787501, 12.0251209], [107.5761399, 12.0314924], [107.5788519, 12.0352414], [107.5753933, 12.0389874], [107.5799462, 12.0402439], [107.5823098, 12.0461244], [107.5731746, 12.0480479], [107.5633862, 12.0480756], [107.5567989, 12.0458145], [107.5556591, 12.0475713], [107.5494656, 12.0502119], [107.5459224, 12.0461566], [107.5415236, 12.0518251], [107.5391954, 12.0453067], [107.5350149, 12.0413222], [107.5324076, 12.0350161], [107.5332898, 12.0299122], [107.5367768, 12.0287946], [107.5379831, 12.0221065], [107.5432509, 12.0221144], [107.5416239, 12.0182598], [107.5446832, 12.0153276], [107.5414216, 12.0067671], [107.5430605, 12.003207], [107.5484571, 12.0012524], [107.5510079, 11.9970206], [107.5508593, 11.9905257], [107.5423323, 11.9824721], [107.5384912, 11.9847365], [107.5328193, 11.9807787], [107.5290406, 11.9796529], [107.5292779, 11.9754443], [107.5323388, 11.9714195], [107.5365414, 11.9698824], [107.5367385, 11.9636932], [107.5397962, 11.9619588], [107.5444827, 11.9623494], [107.5501972, 11.9523783], [107.5571811, 11.9557386], [107.557715, 11.952274], [107.5519327, 11.9432675], [107.5586226, 11.939241], [107.5562541, 11.9326521], [107.5567632, 11.9248324], [107.5617648, 11.9221974], [107.5687426, 11.9127287], [107.5778836, 11.9094376], [107.5876146, 11.8995444], [107.5982415, 11.8907009], [107.6007635, 11.890831], [107.6040003, 11.8869738], [107.6011779, 11.8802037], [107.6082364, 11.8739525], [107.613861, 11.8677654], [107.6160812, 11.8729923], [107.620622, 11.8716967], [107.6255625, 11.8663167], [107.6288029, 11.8647734], [107.6328749, 11.8670082], [107.6366959, 11.8657744], [107.64098, 11.8671352], [107.6478562, 11.8743946], [107.6527736, 11.8764024], [107.6587621, 11.8757275], [107.6592102, 11.8813678], [107.6620067, 11.8871156]]]}, "properties": {"new_ward_code": "1005981", "name": "Xã Nhân Cơ"}}, {"type": "Feature", "geometry": {"type": "Polygon", "coordinates": [[[107.6288029, 11.8647734], [107.6255625, 11.8663167], [107.620622, 11.8716967], [107.6160812, 11.8729923], [107.613861, 11.8677654], [107.6082364, 11.8739525], [107.6011779, 11.8802037], [107.6040003, 11.8869738], [107.6007635, 11.890831], [107.5982415, 11.8907009], [107.5876146, 11.8995444], [107.5778836, 11.9094376], [107.5687426, 11.9127287], [107.5617648, 11.9221974], [107.5567632, 11.9248324], [107.5562541, 11.9326521], [107.5586226, 11.939241], [107.5519327, 11.9432675], [107.557715, 11.952274], [107.5571811, 11.9557386], [107.5501972, 11.9523783], [107.5444827, 11.9623494], [107.5397962, 11.9619588], [107.5367385, 11.9636932], [107.5365414, 11.9698824], [107.5323388, 11.9714195], [107.5292779, 11.9754443], [107.5290406, 11.9796529], [107.5328193, 11.9807787], [107.5384912, 11.9847365], [107.5423323, 11.9824721], [107.5508593, 11.9905257], [107.5510079, 11.9970206], [107.5484571, 12.0012524], [107.5430605, 12.003207], [107.5414216, 12.0067671], [107.5446832, 12.0153276], [107.5416239, 12.0182598], [107.5432509, 12.0221144], [107.5379831, 12.0221065], [107.5367768, 12.0287946], [107.5332898, 12.0299122], [107.5261679, 12.0287567], [107.5248778, 12.03154], [107.5205651, 12.0307953], [107.5153011, 12.024536], [107.5064069, 12.0245758], [107.5056946, 12.0201914], [107.5004429, 12.0155952], [107.4954754, 12.0185439], [107.4935871, 12.0166472], [107.4818256, 12.015868], [107.4734895, 12.0178613], [107.4663003, 12.0179849], [107.4610895, 12.0166944], [107.4597288, 12.0113925], [107.4614409, 12.0099573], [107.4567443, 12.0050898], [107.4541035, 11.9936709], [107.4550545, 11.9923474], [107.4620658, 11.9923977], [107.4660227, 11.9895659], [107.4668404, 11.9856713], [107.469517, 11.9835505], [107.4696071, 11.9775263], [107.4660316, 11.9770305], [107.4685817, 11.9716106], [107.4703899, 11.9714417], [107.4785392, 11.9661407], [107.4822521, 11.9596628], [107.4863436, 11.9580791], [107.4911419, 11.9510128], [107.4942362, 11.9495497], [107.5006521, 11.9497177], [107.5069143, 11.9512978], [107.5114708, 11.9463588], [107.5175623, 11.9450245], [107.5168383, 11.9405445], [107.5177153, 11.9360286], [107.5162169, 11.933831], [107.5196855, 11.9298683], [107.5216082, 11.9231921], [107.5196582, 11.9166601], [107.5210502, 11.9126008], [107.5200339, 11.9020792], [107.5233892, 11.8961522], [107.520004, 11.8884135], [107.5143065, 11.8821519], [107.5122728, 11.8786656], [107.5137681, 11.8748107], [107.5161928, 11.8738816], [107.5177967, 11.8691463], [107.5159729, 11.867973], [107.5187731, 11.8601901], [107.5256707, 11.857036], [107.5274799, 11.8538963], [107.5351794, 11.8467962], [107.5402495, 11.8473171], [107.5441497, 11.8442663], [107.5440043, 11.8419409], [107.5499358, 11.837576], [107.5535209, 11.8261609], [107.5503108, 11.8224108], [107.5503816, 11.817894], [107.5571944, 11.8179052], [107.5585868, 11.8230656], [107.5682306, 11.8250239], [107.5691472, 11.8156827], [107.570891, 11.8129374], [107.5778489, 11.8210199], [107.589185, 11.8264045], [107.5924966, 11.8272656], [107.5996069, 11.8326998], [107.6057247, 11.8388112], [107.6111812, 11.8396322], [107.6155781, 11.8376746], [107.618851, 11.8389874], [107.6204591, 11.8429929], [107.6201915, 11.8474244], [107.6238097, 11.8507372], [107.6267384, 11.8558349], [107.6260097, 11.860549], [107.6288029, 11.8647734]]]}, "properties": {"new_ward_code": "1005980", "name": "Xã Kiến Đức"}}, {"type": "Feature", "geometry": {"type": "Polygon", "coordinates": [[[107.5107692, 11.7978603], [107.5160129, 11.7995068], [107.5243697, 11.7975862], [107.5279277, 11.7991033], [107.5339405, 11.7967522], [107.5367521, 11.7971826], [107.5429534, 11.7920378], [107.5447468, 11.7893175], [107.5512793, 11.790973], [107.5556221, 11.7949978], [107.5575786, 11.7995019], [107.5636744, 11.8080264], [107.570891, 11.8129374], [107.5691472, 11.8156827], [107.5682306, 11.8250239], [107.5585868, 11.8230656], [107.5571944, 11.8179052], [107.5503816, 11.817894], [107.5503108, 11.8224108], [107.5535209, 11.8261609], [107.5499358, 11.837576], [107.5440043, 11.8419409], [107.5441497, 11.8442663], [107.5402495, 11.8473171], [107.5351794, 11.8467962], [107.5274799, 11.8538963], [107.5256707, 11.857036], [107.5187731, 11.8601901], [107.5159729, 11.867973], [107.5177967, 11.8691463], [107.5161928, 11.8738816], [107.5137681, 11.8748107], [107.5122728, 11.8786656], [107.5143065, 11.8821519], [107.520004, 11.8884135], [107.5233892, 11.8961522], [107.5200339, 11.9020792], [107.5210502, 11.9126008], [107.5196582, 11.9166601], [107.5216082, 11.9231921], [107.5196855, 11.9298683], [107.5162169, 11.933831], [107.5177153, 11.9360286], [107.5168383, 11.9405445], [107.5175623, 11.9450245], [107.5114708, 11.9463588], [107.5069143, 11.9512978], [107.5006521, 11.9497177], [107.4942362, 11.9495497], [107.4911419, 11.9510128], [107.4863436, 11.9580791], [107.4822521, 11.9596628], [107.4785392, 11.9661407], [107.4703899, 11.9714417], [107.4685817, 11.9716106], [107.4660316, 11.9770305], [107.4696071, 11.9775263], [107.469517, 11.9835505], [107.4668404, 11.9856713], [107.4660227, 11.9895659], [107.4620658, 11.9923977], [107.4550545, 11.9923474], [107.4533969, 11.9911829], [107.4438573, 11.9921645], [107.4401374, 11.9952289], [107.4371597, 11.9950411], [107.4243261, 11.9904741], [107.4200285, 11.9910471], [107.4151695, 11.9849916], [107.4182005, 11.981615], [107.4159241, 11.9753983], [107.4131023, 11.9709808], [107.4126986, 11.9669246], [107.40391, 11.9622443], [107.4035822, 11.9594317], [107.4074622, 11.9572778], [107.4064396, 11.9530505], [107.395934, 11.9489821], [107.3910481, 11.9492676], [107.3894758, 11.9460107], [107.3852943, 11.9420627], [107.3826804, 11.9352012], [107.3763244, 11.9333809], [107.3720126, 11.9343125], [107.3661188, 11.9333492], [107.369089, 11.9310508], [107.3693313, 11.928081], [107.3745111, 11.9264679], [107.3747336, 11.9237572], [107.3809585, 11.9227959], [107.3853905, 11.9186047], [107.3874348, 11.907809], [107.3912523, 11.9027214], [107.3925215, 11.8972362], [107.3949524, 11.8963292], [107.4004789, 11.8909439], [107.4015498, 11.8820682], [107.406004, 11.8757303], [107.4068336, 11.8676131], [107.408898, 11.8645859], [107.4127643, 11.863894], [107.4183166, 11.8653561], [107.4235841, 11.8623099], [107.4260996, 11.8588063], [107.4270365, 11.8468121], [107.4199951, 11.8419922], [107.4144618, 11.831448], [107.4135267, 11.8266176], [107.4101179, 11.8256496], [107.4088061, 11.821423], [107.405602, 11.8188931], [107.4048881, 11.8125622], [107.4073581, 11.8113379], [107.4094516, 11.8065099], [107.4046527, 11.8009469], [107.4004498, 11.7975906], [107.3983759, 11.8006864], [107.3955136, 11.7992758], [107.3957066, 11.7954429], [107.3931227, 11.7946947], [107.3928343, 11.7883307], [107.3971685, 11.784586], [107.3980109, 11.7789305], [107.395817, 11.7704539], [107.390866, 11.7664797], [107.3980227, 11.7648892], [107.4016423, 11.7564127], [107.4049002, 11.7548572], [107.4108567, 11.7535739], [107.4132453, 11.750224], [107.4174153, 11.7491626], [107.4252094, 11.7565142], [107.4281879, 11.7604728], [107.4324788, 11.7623456], [107.4351002, 11.7655039], [107.448236, 11.7582141], [107.4542961, 11.7575469], [107.4629132, 11.760687], [107.4736055, 11.7712026], [107.4772438, 11.7775673], [107.4776338, 11.7869435], [107.4805752, 11.7914753], [107.4912035, 11.7948808], [107.4951544, 11.7975748], [107.5030798, 11.7991129], [107.5073255, 11.8038926], [107.5096496, 11.8020004], [107.5107692, 11.7978603]]]}, "properties": {"new_ward_code": "1005982", "name": "Xã Quảng Tín"}}, {"type": "Feature", "geometry": {"type": "Polygon", "coordinates": [[[107.7276703, 11.9152806], [107.7373034, 11.9190404], [107.7432954, 11.9183161], [107.7538655, 11.9277742], [107.75535, 11.930415], [107.763297, 11.9348363], [107.7698672, 11.9411444], [107.7738029, 11.9428005], [107.7783172, 11.9467497], [107.7805164, 11.9509025], [107.7880436, 11.9551682], [107.7877152, 11.9594776], [107.7847999, 11.9648464], [107.7856352, 11.967049], [107.7817529, 11.9728979], [107.7770053, 11.9770136], [107.7756968, 11.9815149], [107.765359, 11.987304], [107.7563923, 11.9969163], [107.7570046, 12.0009677], [107.7506344, 12.014374], [107.7403369, 12.0163402], [107.7385996, 12.0104707], [107.7335049, 12.0065755], [107.7322769, 11.9993975], [107.7261534, 12.0030732], [107.7229636, 11.9998343], [107.7171813, 11.9988526], [107.7105512, 11.9943223], [107.7099649, 11.991873], [107.7024642, 11.9967435], [107.7011847, 12.0000482], [107.6952348, 12.0010481], [107.6912494, 12.0037495], [107.6882455, 12.0035788], [107.6825756, 11.9979939], [107.6850077, 11.9947864], [107.6833586, 11.9896217], [107.6800169, 11.9847774], [107.6792516, 11.9812757], [107.6812428, 11.9769665], [107.6790102, 11.9696245], [107.6815671, 11.9651442], [107.6866889, 11.962497], [107.6827465, 11.9568107], [107.6822157, 11.9502649], [107.6844036, 11.9457086], [107.6791933, 11.9469217], [107.6755546, 11.942723], [107.6729599, 11.9442044], [107.6644224, 11.9388403], [107.6590951, 11.9384876], [107.6494431, 11.9318636], [107.6489188, 11.9206296], [107.6453733, 11.915926], [107.6465422, 11.9141369], [107.6523928, 11.9131183], [107.6574168, 11.909485], [107.657361, 11.9009152], [107.6542425, 11.9000932], [107.6521154, 11.8948448], [107.6579627, 11.8930837], [107.6617032, 11.8903687], [107.6620067, 11.8871156], [107.6654412, 11.887995], [107.6688048, 11.8861093], [107.6732854, 11.8857524], [107.6776097, 11.8906341], [107.6714278, 11.8964208], [107.6751574, 11.9015357], [107.675018, 11.9075658], [107.6730904, 11.913224], [107.6829725, 11.9153925], [107.6887486, 11.9200941], [107.693022, 11.9183495], [107.702599, 11.9167376], [107.705442, 11.920757], [107.709852, 11.9223847], [107.7192301, 11.9186819], [107.7223367, 11.9162689], [107.7276703, 11.9152806]]]}, "properties": {"new_ward_code": "1005989", "name": "Phường Đông Gia Nghĩa"}}, {"type": "Feature", "geometry": {"type": "Polygon", "coordinates": [[[107.7856352, 11.967049], [107.7952766, 11.9717696], [107.8003836, 11.9752646], [107.8003943, 11.9828841], [107.8019607, 11.9883834], [107.8065814, 11.9930169], [107.810521, 11.9992278], [107.8143927, 11.9999249], [107.8184519, 11.9969497], [107.8247998, 11.9967212], [107.8336322, 11.9935101], [107.8382388, 11.9966225], [107.8421085, 11.993883], [107.8467926, 11.992482], [107.8503451, 11.993497], [107.8556784, 11.9905287], [107.862246, 11.990527], [107.8671577, 11.9947711], [107.8684061, 11.9994889], [107.865777, 12.0060893], [107.8584368, 12.0085119], [107.8570487, 12.0105774], [107.860368, 12.0141083], [107.8596068, 12.0181633], [107.8615698, 12.0205091], [107.8605797, 12.024896], [107.8562495, 12.0295799], [107.8532704, 12.0305291], [107.8565659, 12.0353559], [107.8457558, 12.0421746], [107.8466642, 12.048991], [107.8551609, 12.055921], [107.8585491, 12.0545745], [107.8664678, 12.0577008], [107.864821, 12.0616946], [107.870636, 12.0648327], [107.8681156, 12.0672677], [107.8578748, 12.0702458], [107.8565833, 12.072085], [107.8502911, 12.0705978], [107.8424792, 12.0735308], [107.8401757, 12.0770792], [107.8346206, 12.0791198], [107.8216436, 12.0943849], [107.8216948, 12.0995317], [107.8145993, 12.1066133], [107.8070408, 12.1223901], [107.7958268, 12.1241285], [107.7822089, 12.1244775], [107.7758498, 12.1275562], [107.7727815, 12.1306565], [107.7677008, 12.128314], [107.7630928, 12.130897], [107.7599803, 12.1299109], [107.7567901, 12.1322266], [107.7514601, 12.1391572], [107.7462374, 12.1393437], [107.7436897, 12.1341182], [107.73718, 12.1345263], [107.7333248, 12.139442], [107.7290634, 12.1371549], [107.7292966, 12.1324584], [107.7253461, 12.1287048], [107.7254695, 12.1240002], [107.7330925, 12.1204431], [107.7307093, 12.1116355], [107.7263729, 12.1084786], [107.724747, 12.1054617], [107.7179593, 12.0997788], [107.712388, 12.0975468], [107.7048311, 12.0965114], [107.6993458, 12.0912933], [107.690805, 12.0973552], [107.6883852, 12.0963012], [107.686668, 12.0888706], [107.6880967, 12.085818], [107.6880634, 12.0790278], [107.6802286, 12.0757991], [107.6826723, 12.0717738], [107.6819292, 12.0638281], [107.6777181, 12.0603658], [107.6742124, 12.0607566], [107.6764286, 12.0546624], [107.663102, 12.0543303], [107.6604836, 12.0511095], [107.657794, 12.0440981], [107.66505, 12.0334665], [107.6669171, 12.026103], [107.6664112, 12.0237107], [107.6801777, 12.0248925], [107.6800654, 12.0279381], [107.6827848, 12.0301601], [107.6816207, 12.035753], [107.6874484, 12.0341219], [107.6880712, 12.0289988], [107.6844326, 12.0156974], [107.6818469, 12.0122289], [107.6777773, 12.0095536], [107.6744458, 12.0045739], [107.6775867, 12.0010425], [107.6882455, 12.0035788], [107.6912494, 12.0037495], [107.6952348, 12.0010481], [107.7011847, 12.0000482], [107.7024642, 11.9967435], [107.7099649, 11.991873], [107.7105512, 11.9943223], [107.7171813, 11.9988526], [107.7229636, 11.9998343], [107.7261534, 12.0030732], [107.7322769, 11.9993975], [107.7335049, 12.0065755], [107.7385996, 12.0104707], [107.7403369, 12.0163402], [107.7506344, 12.014374], [107.7570046, 12.0009677], [107.7563923, 11.9969163], [107.765359, 11.987304], [107.7756968, 11.9815149], [107.7770053, 11.9770136], [107.7817529, 11.9728979], [107.7856352, 11.967049]]]}, "properties": {"new_ward_code": "1005987", "name": "Phường Bắc Gia Nghĩa"}}, {"type": "Feature", "geometry": {"type": "Polygon", "coordinates": [[[107.6590951, 11.9384876], [107.6644224, 11.9388403], [107.6729599, 11.9442044], [107.6755546, 11.942723], [107.6791933, 11.9469217], [107.6844036, 11.9457086], [107.6822157, 11.9502649], [107.6827465, 11.9568107], [107.6866889, 11.962497], [107.6815671, 11.9651442], [107.6790102, 11.9696245], [107.6812428, 11.9769665], [107.6792516, 11.9812757], [107.6800169, 11.9847774], [107.6833586, 11.9896217], [107.6850077, 11.9947864], [107.6825756, 11.9979939], [107.6882455, 12.0035788], [107.6775867, 12.0010425], [107.6744458, 12.0045739], [107.6777773, 12.0095536], [107.6818469, 12.0122289], [107.6844326, 12.0156974], [107.6880712, 12.0289988], [107.6874484, 12.0341219], [107.6816207, 12.035753], [107.6827848, 12.0301601], [107.6800654, 12.0279381], [107.6801777, 12.0248925], [107.6664112, 12.0237107], [107.6669171, 12.026103], [107.66505, 12.0334665], [107.657794, 12.0440981], [107.6604836, 12.0511095], [107.6537908, 12.0526528], [107.6469802, 12.0526513], [107.6378256, 12.0473711], [107.6362733, 12.0455305], [107.6103222, 12.0472058], [107.6004839, 12.0483128], [107.5934172, 12.0480104], [107.5870794, 12.0423648], [107.5823098, 12.0461244], [107.5799462, 12.0402439], [107.5753933, 12.0389874], [107.5788519, 12.0352414], [107.5761399, 12.0314924], [107.5787501, 12.0251209], [107.578538, 12.019986], [107.5818202, 12.0112618], [107.5850371, 12.0115739], [107.5930679, 12.0061397], [107.5966027, 12.0102974], [107.6006961, 11.9978539], [107.6005035, 11.9945075], [107.6050602, 11.9911181], [107.6072165, 11.9919492], [107.6076967, 11.9965875], [107.6145065, 11.9919149], [107.6196489, 11.9912492], [107.6272684, 11.9948699], [107.6323142, 11.9940527], [107.6363791, 11.996547], [107.6413948, 11.9966931], [107.639113, 11.9915127], [107.6400723, 11.9779674], [107.6429158, 11.9787558], [107.648513, 11.9753512], [107.6503007, 11.9699247], [107.6495098, 11.9616982], [107.6521031, 11.953105], [107.6501886, 11.9491439], [107.6511458, 11.944919], [107.6551082, 11.9465399], [107.6593718, 11.9454142], [107.6580744, 11.9409684], [107.6590951, 11.9384876]]]}, "properties": {"new_ward_code": "1005988", "name": "Phường Nam Gia Nghĩa"}}, {"type": "Feature", "geometry": {"type": "Polygon", "coordinates": [[[107.9889997, 12.1215539], [107.9870274, 12.1267389], [107.9891543, 12.1300874], [107.9903054, 12.1389159], [107.9920076, 12.1425577], [107.9951949, 12.1442576], [107.9926266, 12.1502858], [107.9920095, 12.1546628], [107.9932816, 12.1578518], [107.9971486, 12.1589146], [108.0008036, 12.1639728], [108.0022091, 12.1702131], [108.0050468, 12.1723054], [108.0040169, 12.1752209], [108.0068835, 12.1806839], [108.0083299, 12.1860019], [108.0029451, 12.1903743], [108.0017155, 12.1941922], [108.0117009, 12.1965182], [108.0143725, 12.1998206], [108.0129839, 12.2039764], [108.0148937, 12.2084026], [108.0133681, 12.2157591], [108.0067097, 12.2189171], [108.0040222, 12.217692], [107.9982618, 12.2239759], [107.9948065, 12.2229776], [107.9943415, 12.2170849], [107.9913393, 12.2170173], [107.9820757, 12.2097806], [107.9787344, 12.2118094], [107.9748818, 12.2098105], [107.9717901, 12.2170927], [107.9681189, 12.222484], [107.968263, 12.2253727], [107.9726158, 12.2263265], [107.9706818, 12.2365976], [107.9736274, 12.2425577], [107.9739547, 12.25342], [107.9758321, 12.2570437], [107.9749203, 12.2614719], [107.9723641, 12.2626855], [107.9644879, 12.2622757], [107.9622012, 12.2601876], [107.9534138, 12.2592971], [107.9474598, 12.2542038], [107.9432265, 12.2476833], [107.9337645, 12.2439], [107.9324852, 12.2368307], [107.9243034, 12.2319776], [107.9260848, 12.2415701], [107.9227573, 12.2454092], [107.9241948, 12.2503928], [107.9285642, 12.2532643], [107.9369274, 12.2669423], [107.9332387, 12.2692196], [107.9270221, 12.2674503], [107.9212039, 12.2675144], [107.9208845, 12.2652829], [107.9128959, 12.2601361], [107.9092927, 12.2590898], [107.9047296, 12.2551157], [107.8976951, 12.2517305], [107.8939443, 12.2472233], [107.8903039, 12.2466435], [107.8817295, 12.2423186], [107.8743716, 12.2452395], [107.8702218, 12.248816], [107.8658598, 12.2413743], [107.8583622, 12.2387782], [107.8552133, 12.2348567], [107.8464908, 12.2328698], [107.8349867, 12.227787], [107.8295037, 12.2265747], [107.8196184, 12.2308326], [107.8189343, 12.2284333], [107.8148029, 12.2268352], [107.8141144, 12.2231054], [107.8110344, 12.221876], [107.8064293, 12.2244867], [107.802819, 12.2225259], [107.7980079, 12.2235641], [107.7920845, 12.2268471], [107.790628, 12.2307016], [107.7834893, 12.2408037], [107.7866238, 12.2447283], [107.7804172, 12.2515695], [107.7858245, 12.2607538], [107.785272, 12.2677676], [107.7816644, 12.2670232], [107.7752137, 12.2689208], [107.7706856, 12.2672555], [107.7657358, 12.2677283], [107.7662444, 12.2610054], [107.7639806, 12.2568746], [107.7582729, 12.2517373], [107.7579993, 12.2479681], [107.7548289, 12.2411949], [107.7417237, 12.2351608], [107.7345943, 12.236727], [107.7274919, 12.2366444], [107.7230072, 12.2322669], [107.7158337, 12.2277804], [107.7233653, 12.2241826], [107.7247345, 12.2218968], [107.7314603, 12.2166998], [107.7351737, 12.2118723], [107.7330816, 12.2090515], [107.7416545, 12.2005798], [107.7437031, 12.1935944], [107.7427697, 12.1870926], [107.736067, 12.1828028], [107.7362207, 12.1769546], [107.7430292, 12.166507], [107.7376057, 12.1601094], [107.7357572, 12.1528663], [107.7391814, 12.151987], [107.7400446, 12.144239], [107.7333248, 12.139442], [107.73718, 12.1345263], [107.7436897, 12.1341182], [107.7462374, 12.1393437], [107.7514601, 12.1391572], [107.7567901, 12.1322266], [107.7599803, 12.1299109], [107.7630928, 12.130897], [107.7677008, 12.128314], [107.7727815, 12.1306565], [107.7758498, 12.1275562], [107.7822089, 12.1244775], [107.7958268, 12.1241285], [107.8070408, 12.1223901], [107.8145993, 12.1066133], [107.8216948, 12.0995317], [107.8216436, 12.0943849], [107.8346206, 12.0791198], [107.8401757, 12.0770792], [107.8424792, 12.0735308], [107.8502911, 12.0705978], [107.8565833, 12.072085], [107.8578748, 12.0702458], [107.8681156, 12.0672677], [107.870636, 12.0648327], [107.8785142, 12.0662154], [107.8840434, 12.0695552], [107.8864022, 12.0679349], [107.8928098, 12.0708879], [107.8947437, 12.0753086], [107.8991608, 12.0776236], [107.8976538, 12.0836044], [107.8977328, 12.0891868], [107.8992989, 12.0931158], [107.8966981, 12.0957024], [107.9000836, 12.0993054], [107.9047058, 12.0983093], [107.9108959, 12.100083], [107.9187226, 12.0973398], [107.9268779, 12.0908873], [107.9284669, 12.0869328], [107.9335266, 12.0843985], [107.9393476, 12.0879053], [107.9419267, 12.0946803], [107.9483713, 12.0984957], [107.9525257, 12.0979393], [107.9577587, 12.0943804], [107.9633735, 12.0936082], [107.9647766, 12.0897416], [107.9711759, 12.0845278], [107.9763944, 12.0830973], [107.9777225, 12.0799719], [107.982389, 12.0836465], [107.9801316, 12.0857822], [107.9844636, 12.0923636], [107.9819829, 12.0976592], [107.9843456, 12.1001879], [107.9821854, 12.1042893], [107.9854874, 12.1075144], [107.9849508, 12.1105096], [107.9885969, 12.1121625], [107.9914511, 12.1156037], [107.9889997, 12.1215539]]]}, "properties": {"new_ward_code": "1005974", "name": "Xã Quảng Sơn"}}, {"type": "Feature", "geometry": {"type": "Polygon", "coordinates": [[[107.8992172, 11.8081756], [107.9032595, 11.805203], [107.9125711, 11.800924], [107.9193356, 11.7998142], [107.9226281, 11.8005149], [107.9257685, 11.8035709], [107.9297498, 11.8103884], [107.9384916, 11.8148552], [107.9440986, 11.820433], [107.9491402, 11.8195003], [107.957795, 11.8137043], [107.9610357, 11.8106232], [107.9697194, 11.7978957], [107.9729169, 11.7953728], [107.9731106, 11.7910669], [107.9791299, 11.7911947], [107.9856792, 11.8001149], [107.9899012, 11.8006478], [107.9953997, 11.7995134], [108.0017566, 11.8058568], [108.0090814, 11.8070884], [108.0168523, 11.8057533], [108.0218685, 11.8129942], [108.0219572, 11.8160175], [108.0447226, 11.8299407], [108.0622264, 11.8370785], [108.0662485, 11.8340212], [108.0714037, 11.8392716], [108.073812, 11.8443986], [108.0773099, 11.8477272], [108.0842037, 11.8586681], [108.0931307, 11.8694772], [108.0967419, 11.8709962], [108.1024244, 11.8801968], [108.1041162, 11.886788], [108.1092051, 11.8898951], [108.1097335, 11.8959134], [108.1114769, 11.9000025], [108.1029528, 11.9029472], [108.0903779, 11.9053574], [108.087867, 11.9129889], [108.0846283, 11.9111376], [108.0821641, 11.9248397], [108.0832218, 11.9294082], [108.0777962, 11.9317869], [108.0774988, 11.9354298], [108.0748884, 11.9369941], [108.0743325, 11.9413527], [108.0656648, 11.948752], [108.0629083, 11.943394], [108.0601277, 11.9430749], [108.0577455, 11.9471946], [108.0536613, 11.9459384], [108.050631, 11.9497177], [108.0464193, 11.9511673], [108.0494273, 11.9558353], [108.0483372, 11.9590609], [108.0496724, 11.9624433], [108.04699, 11.9643741], [108.0467118, 11.9714513], [108.0448173, 11.9779428], [108.0410741, 11.9798909], [108.0400015, 11.9844636], [108.0324014, 11.9865938], [108.0320904, 11.9883699], [108.0280897, 11.9940716], [108.0232111, 12.0047811], [108.0244842, 12.0064484], [108.0211651, 12.0177872], [108.0167255, 12.0198099], [108.0159176, 12.0230086], [108.0065713, 12.0247979], [108.0087486, 12.0319101], [108.0110228, 12.0313852], [108.0091011, 12.0419038], [108.009177, 12.0527623], [108.0059121, 12.0524303], [108.0016599, 12.0494974], [107.9978014, 12.0495536], [107.9915956, 12.0523917], [107.9904184, 12.0549636], [107.9811883, 12.0551308], [107.9790902, 12.052805], [107.9688277, 12.0621835], [107.964182, 12.0629275], [107.9625387, 12.0673748], [107.9704264, 12.0750061], [107.9716265, 12.0792782], [107.9777225, 12.0799719], [107.9763944, 12.0830973], [107.9711759, 12.0845278], [107.9647766, 12.0897416], [107.9633735, 12.0936082], [107.9577587, 12.0943804], [107.9525257, 12.0979393], [107.9483713, 12.0984957], [107.9419267, 12.0946803], [107.9393476, 12.0879053], [107.9335266, 12.0843985], [107.9284669, 12.0869328], [107.9268779, 12.0908873], [107.9187226, 12.0973398], [107.9108959, 12.100083], [107.9047058, 12.0983093], [107.9000836, 12.0993054], [107.8966981, 12.0957024], [107.8992989, 12.0931158], [107.8977328, 12.0891868], [107.8976538, 12.0836044], [107.8991608, 12.0776236], [107.8947437, 12.0753086], [107.8928098, 12.0708879], [107.8864022, 12.0679349], [107.8840434, 12.0695552], [107.8785142, 12.0662154], [107.870636, 12.0648327], [107.864821, 12.0616946], [107.8664678, 12.0577008], [107.8585491, 12.0545745], [107.8551609, 12.055921], [107.8466642, 12.048991], [107.8457558, 12.0421746], [107.8565659, 12.0353559], [107.8532704, 12.0305291], [107.8562495, 12.0295799], [107.8605797, 12.024896], [107.8615698, 12.0205091], [107.8596068, 12.0181633], [107.860368, 12.0141083], [107.8570487, 12.0105774], [107.8584368, 12.0085119], [107.865777, 12.0060893], [107.8684061, 11.9994889], [107.8740907, 11.9943182], [107.8803778, 11.9914427], [107.8828128, 11.9876237], [107.8876573, 11.9863317], [107.8965193, 11.9789694], [107.8972297, 11.9756824], [107.8955677, 11.9712112], [107.9020647, 11.9695353], [107.9112049, 11.9738831], [107.918437, 11.9764474], [107.9212439, 11.9757631], [107.9239019, 11.9718944], [107.9250287, 11.9659266], [107.9293093, 11.9650996], [107.9321945, 11.9599942], [107.9305751, 11.9574093], [107.925048, 11.9533648], [107.9216711, 11.949115], [107.9161801, 11.9401588], [107.9087743, 11.9345999], [107.906448, 11.9293172], [107.9023847, 11.9246826], [107.9071485, 11.9199326], [107.9052284, 11.9101567], [107.9090189, 11.9071883], [107.9045821, 11.9018377], [107.9031125, 11.8975118], [107.8960215, 11.8949299], [107.8954518, 11.8911208], [107.8915089, 11.8864699], [107.8940088, 11.8807585], [107.8931987, 11.8772728], [107.8935784, 11.8699605], [107.896886, 11.8668315], [107.8985591, 11.8630251], [107.9004166, 11.8534807], [107.8983532, 11.8473051], [107.8914836, 11.8427487], [107.8900602, 11.8384272], [107.890601, 11.8273337], [107.8916345, 11.8204078], [107.8942234, 11.8145305], [107.8992172, 11.8081756]]]}, "properties": {"new_ward_code": "1005975", "name": "Xã Tà Đùng"}}, {"type": "Feature", "geometry": {"type": "Polygon", "coordinates": [[[107.8935784, 11.8699605], [107.8931987, 11.8772728], [107.8940088, 11.8807585], [107.8915089, 11.8864699], [107.8954518, 11.8911208], [107.8960215, 11.8949299], [107.9031125, 11.8975118], [107.9045821, 11.9018377], [107.9090189, 11.9071883], [107.9052284, 11.9101567], [107.9071485, 11.9199326], [107.9023847, 11.9246826], [107.906448, 11.9293172], [107.9087743, 11.9345999], [107.9161801, 11.9401588], [107.9216711, 11.949115], [107.925048, 11.9533648], [107.9305751, 11.9574093], [107.9321945, 11.9599942], [107.9293093, 11.9650996], [107.9250287, 11.9659266], [107.9239019, 11.9718944], [107.9212439, 11.9757631], [107.918437, 11.9764474], [107.9112049, 11.9738831], [107.9020647, 11.9695353], [107.8955677, 11.9712112], [107.8972297, 11.9756824], [107.8965193, 11.9789694], [107.8876573, 11.9863317], [107.8828128, 11.9876237], [107.8803778, 11.9914427], [107.8740907, 11.9943182], [107.8684061, 11.9994889], [107.8671577, 11.9947711], [107.862246, 11.990527], [107.8556784, 11.9905287], [107.8503451, 11.993497], [107.8467926, 11.992482], [107.8421085, 11.993883], [107.8382388, 11.9966225], [107.8336322, 11.9935101], [107.8247998, 11.9967212], [107.8184519, 11.9969497], [107.8143927, 11.9999249], [107.810521, 11.9992278], [107.8065814, 11.9930169], [107.8019607, 11.9883834], [107.8003943, 11.9828841], [107.8003836, 11.9752646], [107.7952766, 11.9717696], [107.7856352, 11.967049], [107.7847999, 11.9648464], [107.7877152, 11.9594776], [107.7880436, 11.9551682], [107.7805164, 11.9509025], [107.7783172, 11.9467497], [107.7738029, 11.9428005], [107.7698672, 11.9411444], [107.763297, 11.9348363], [107.75535, 11.930415], [107.7538655, 11.9277742], [107.7432954, 11.9183161], [107.7373034, 11.9190404], [107.7276703, 11.9152806], [107.7324915, 11.9088366], [107.7333912, 11.9016327], [107.7299049, 11.8999556], [107.7254978, 11.9002947], [107.7226516, 11.8976599], [107.7270277, 11.8920024], [107.7266097, 11.8872233], [107.7308736, 11.883232], [107.7308464, 11.8782382], [107.7276324, 11.8774417], [107.7260332, 11.8734133], [107.7308866, 11.870278], [107.7335578, 11.8731025], [107.7366114, 11.8732621], [107.7453613, 11.8680226], [107.7519885, 11.8666091], [107.7591342, 11.8607243], [107.7617158, 11.8570308], [107.7671323, 11.8547347], [107.7714212, 11.8499735], [107.7738783, 11.8493183], [107.7810243, 11.8530837], [107.7859642, 11.8587732], [107.792567, 11.8608401], [107.8015208, 11.8596978], [107.8088676, 11.8618044], [107.8124715, 11.8671933], [107.8151841, 11.8675376], [107.8216969, 11.8630091], [107.824454, 11.8645314], [107.8265731, 11.8742416], [107.8303705, 11.8771631], [107.8376196, 11.8765135], [107.838666, 11.8705619], [107.844334, 11.8687073], [107.8500795, 11.8714247], [107.85182, 11.8735642], [107.8628209, 11.873529], [107.867326, 11.8725545], [107.8700338, 11.8745008], [107.8774504, 11.8722853], [107.8839619, 11.8737984], [107.8878303, 11.8732524], [107.8935784, 11.8699605]]]}, "properties": {"new_ward_code": "1005973", "name": "Xã Quảng Khê"}}, {"type": "Feature", "geometry": {"type": "Polygon", "coordinates": [[[108.0974208, 12.2101142], [108.09032, 12.2075314], [108.0905859, 12.2033335], [108.0880416, 12.1977605], [108.0827692, 12.198088], [108.0807286, 12.195063], [108.0747569, 12.1898706], [108.0735566, 12.1873386], [108.0698491, 12.188001], [108.0638519, 12.1869098], [108.0621192, 12.1886896], [108.0546458, 12.1899391], [108.0544263, 12.1931697], [108.0409964, 12.1983233], [108.0399152, 12.1954361], [108.0358148, 12.1964561], [108.0307471, 12.1934373], [108.0298761, 12.1984183], [108.0271571, 12.2009516], [108.0236756, 12.2012457], [108.0200495, 12.2068054], [108.0148937, 12.2084026], [108.0129839, 12.2039764], [108.0143725, 12.1998206], [108.0117009, 12.1965182], [108.0017155, 12.1941922], [108.0029451, 12.1903743], [108.0083299, 12.1860019], [108.0068835, 12.1806839], [108.0040169, 12.1752209], [108.0050468, 12.1723054], [108.0022091, 12.1702131], [108.0008036, 12.1639728], [107.9971486, 12.1589146], [107.9932816, 12.1578518], [107.9920095, 12.1546628], [107.9926266, 12.1502858], [107.9951949, 12.1442576], [107.9920076, 12.1425577], [107.9903054, 12.1389159], [107.9891543, 12.1300874], [107.9870274, 12.1267389], [107.9889997, 12.1215539], [107.997772, 12.1220864], [108.0010424, 12.1245961], [108.0047786, 12.1226838], [108.007563, 12.1185414], [108.0112649, 12.1238293], [108.0189063, 12.1271297], [108.0204142, 12.1299889], [108.0181687, 12.1339228], [108.0212458, 12.1393951], [108.0238726, 12.1360698], [108.0310447, 12.1388963], [108.036528, 12.144209], [108.0426802, 12.1387021], [108.0509148, 12.1387805], [108.0567652, 12.1423343], [108.0575068, 12.1402653], [108.0664784, 12.1336022], [108.0714476, 12.1323419], [108.078563, 12.1329202], [108.0772546, 12.1384492], [108.0824795, 12.1375161], [108.0901802, 12.1335718], [108.0916657, 12.1390286], [108.0999537, 12.1402745], [108.1065569, 12.1446975], [108.1086804, 12.1498775], [108.1112972, 12.1469739], [108.1145298, 12.1482835], [108.112177, 12.151956], [108.1132552, 12.1567308], [108.115968, 12.1613474], [108.110414, 12.1614695], [108.1084514, 12.1649638], [108.1120936, 12.1658505], [108.1140733, 12.1751108], [108.1105851, 12.1799535], [108.1128503, 12.1846493], [108.1136926, 12.1933194], [108.1114404, 12.1985057], [108.1060229, 12.2052868], [108.0974208, 12.2101142]]]}, "properties": {"new_ward_code": "1005972", "name": "Xã Quảng Hòa"}}, {"type": "Feature", "geometry": {"type": "Polygon", "coordinates": [[[107.3817529, 12.1320718], [107.3867657, 12.1325902], [107.3906586, 12.1362527], [107.3932457, 12.1430538], [107.403202, 12.1429174], [107.4020113, 12.1326986], [107.4031523, 12.1291177], [107.4108754, 12.1229876], [107.4129544, 12.1242749], [107.418978, 12.1210955], [107.421205, 12.118189], [107.4253742, 12.1164661], [107.4279857, 12.1119527], [107.4243858, 12.1097283], [107.4245922, 12.1068536], [107.4114311, 12.0991336], [107.4159061, 12.0917941], [107.4133676, 12.0901667], [107.417294, 12.0864484], [107.4167821, 12.0822172], [107.4198988, 12.0769873], [107.4188893, 12.0702988], [107.4275243, 12.0631698], [107.4341655, 12.0652262], [107.4403882, 12.0688301], [107.4437571, 12.0690032], [107.4461549, 12.0655881], [107.4510258, 12.0652209], [107.4638736, 12.0664642], [107.4658531, 12.0658767], [107.4722931, 12.0695697], [107.4748599, 12.0665046], [107.479682, 12.0659301], [107.4808948, 12.0678148], [107.4876165, 12.0691029], [107.4916114, 12.0666997], [107.4986967, 12.0707842], [107.501579, 12.0707097], [107.5089345, 12.0807714], [107.51284, 12.0832505], [107.5167239, 12.0906441], [107.519331, 12.0897077], [107.5266266, 12.09339], [107.5273669, 12.1014206], [107.5308507, 12.1044285], [107.5311488, 12.1097184], [107.5338471, 12.1107936], [107.5406384, 12.1165027], [107.5502992, 12.1161862], [107.5589043, 12.1166417], [107.5639396, 12.1183576], [107.5617673, 12.1204011], [107.561702, 12.1290511], [107.5574628, 12.1332681], [107.5534417, 12.1437304], [107.5492537, 12.148354], [107.548604, 12.1549757], [107.5461854, 12.1601876], [107.5424836, 12.1637158], [107.5368532, 12.1742159], [107.5353464, 12.1813194], [107.5372535, 12.1829082], [107.5380367, 12.1896514], [107.5326181, 12.1959691], [107.5305585, 12.2002534], [107.5236869, 12.210184], [107.5239176, 12.2163577], [107.5207934, 12.2177694], [107.5176948, 12.2233149], [107.5172144, 12.2299067], [107.5156027, 12.2328803], [107.505649, 12.2406209], [107.5025457, 12.2453758], [107.4951214, 12.2467938], [107.4895853, 12.2459546], [107.4877455, 12.2476959], [107.4809063, 12.2489588], [107.4750456, 12.2519827], [107.4644964, 12.2497993], [107.4609372, 12.2529822], [107.4515906, 12.258714], [107.4487568, 12.2584982], [107.4454081, 12.2518536], [107.441731, 12.2487306], [107.4343746, 12.2500321], [107.4348242, 12.2444203], [107.4286322, 12.2462406], [107.421925, 12.2463439], [107.4166139, 12.2389533], [107.413753, 12.2370554], [107.4112558, 12.2299413], [107.4169113, 12.2264917], [107.4165209, 12.2179178], [107.412207, 12.2151394], [107.4075535, 12.2085007], [107.4070705, 12.1998827], [107.4091951, 12.1953232], [107.4074675, 12.1915613], [107.4088658, 12.1837621], [107.4044438, 12.1784244], [107.4066142, 12.1683968], [107.4041081, 12.1628085], [107.3980897, 12.154802], [107.3931107, 12.1513182], [107.39056, 12.1479569], [107.386111, 12.1478681], [107.3807855, 12.1399032], [107.3823992, 12.1348245], [107.3817529, 12.1320718]]]}, "properties": {"new_ward_code": "1005971", "name": "Xã Tuy Đức"}}, {"type": "Feature", "geometry": {"type": "Polygon", "coordinates": [[[107.5823098, 12.0461244], [107.5870709, 12.0471124], [107.5888333, 12.049181], [107.5867833, 12.0536759], [107.5883482, 12.0586184], [107.5931459, 12.0566193], [107.5930665, 12.0637634], [107.5888673, 12.0667158], [107.5846426, 12.0648335], [107.5810491, 12.0667071], [107.5808077, 12.0708719], [107.5776935, 12.0727046], [107.5783771, 12.0793163], [107.57995, 12.0817535], [107.579217, 12.0861768], [107.5823404, 12.1017962], [107.5795139, 12.1034654], [107.5771091, 12.1009261], [107.5720591, 12.1018105], [107.5698723, 12.1055082], [107.5707339, 12.1083706], [107.5639396, 12.1183576], [107.5589043, 12.1166417], [107.5502992, 12.1161862], [107.5406384, 12.1165027], [107.5338471, 12.1107936], [107.5311488, 12.1097184], [107.5308507, 12.1044285], [107.5273669, 12.1014206], [107.5266266, 12.09339], [107.519331, 12.0897077], [107.5167239, 12.0906441], [107.51284, 12.0832505], [107.5089345, 12.0807714], [107.501579, 12.0707097], [107.4986967, 12.0707842], [107.4916114, 12.0666997], [107.4876165, 12.0691029], [107.4808948, 12.0678148], [107.479682, 12.0659301], [107.4748599, 12.0665046], [107.4722931, 12.0695697], [107.4658531, 12.0658767], [107.4638736, 12.0664642], [107.4510258, 12.0652209], [107.4461549, 12.0655881], [107.4437571, 12.0690032], [107.4403882, 12.0688301], [107.4341655, 12.0652262], [107.4275243, 12.0631698], [107.4188893, 12.0702988], [107.4198988, 12.0769873], [107.4167821, 12.0822172], [107.417294, 12.0864484], [107.4133676, 12.0901667], [107.4159061, 12.0917941], [107.4114311, 12.0991336], [107.4245922, 12.1068536], [107.4243858, 12.1097283], [107.4279857, 12.1119527], [107.4253742, 12.1164661], [107.421205, 12.118189], [107.418978, 12.1210955], [107.4129544, 12.1242749], [107.4108754, 12.1229876], [107.4031523, 12.1291177], [107.4020113, 12.1326986], [107.403202, 12.1429174], [107.3932457, 12.1430538], [107.3906586, 12.1362527], [107.3867657, 12.1325902], [107.3817529, 12.1320718], [107.372183, 12.1239703], [107.3696539, 12.1183018], [107.3636635, 12.1146278], [107.354123, 12.1109037], [107.3514459, 12.1037413], [107.3483386, 12.1012617], [107.3438091, 12.0946731], [107.3468219, 12.0890748], [107.3432726, 12.086729], [107.3456147, 12.0813147], [107.3449016, 12.0737847], [107.3467206, 12.0701574], [107.3448989, 12.0671042], [107.3426355, 12.0546614], [107.3384401, 12.0534908], [107.3376127, 12.0496436], [107.3333094, 12.0488475], [107.3342044, 12.0449838], [107.3296606, 12.0434319], [107.3311798, 12.0355194], [107.3287667, 12.0298726], [107.329946, 12.0234622], [107.3242469, 12.0185216], [107.3211291, 12.0196011], [107.3189997, 12.0136696], [107.3151254, 12.0108799], [107.3156655, 12.0079031], [107.3165345, 12.0063657], [107.3218031, 12.0055779], [107.3247387, 12.002933], [107.3259142, 11.9990722], [107.3301683, 11.9976631], [107.344554, 11.9789802], [107.3440106, 11.9760991], [107.3513527, 11.9617797], [107.353258, 11.9552377], [107.3568261, 11.9518428], [107.3552292, 11.9491659], [107.353964, 11.9422441], [107.3567595, 11.9402745], [107.3569542, 11.9362075], [107.3598911, 11.9341733], [107.3661188, 11.9333492], [107.3720126, 11.9343125], [107.3763244, 11.9333809], [107.3826804, 11.9352012], [107.3852943, 11.9420627], [107.3894758, 11.9460107], [107.3910481, 11.9492676], [107.395934, 11.9489821], [107.4064396, 11.9530505], [107.4074622, 11.9572778], [107.4035822, 11.9594317], [107.40391, 11.9622443], [107.4126986, 11.9669246], [107.4131023, 11.9709808], [107.4159241, 11.9753983], [107.4182005, 11.981615], [107.4151695, 11.9849916], [107.4200285, 11.9910471], [107.4243261, 11.9904741], [107.4371597, 11.9950411], [107.4401374, 11.9952289], [107.4438573, 11.9921645], [107.4533969, 11.9911829], [107.4550545, 11.9923474], [107.4541035, 11.9936709], [107.4567443, 12.0050898], [107.4614409, 12.0099573], [107.4597288, 12.0113925], [107.4610895, 12.0166944], [107.4663003, 12.0179849], [107.4734895, 12.0178613], [107.4818256, 12.015868], [107.4935871, 12.0166472], [107.4954754, 12.0185439], [107.5004429, 12.0155952], [107.5056946, 12.0201914], [107.5064069, 12.0245758], [107.5153011, 12.024536], [107.5205651, 12.0307953], [107.5248778, 12.03154], [107.5261679, 12.0287567], [107.5332898, 12.0299122], [107.5324076, 12.0350161], [107.5350149, 12.0413222], [107.5391954, 12.0453067], [107.5415236, 12.0518251], [107.5459224, 12.0461566], [107.5494656, 12.0502119], [107.5556591, 12.0475713], [107.5567989, 12.0458145], [107.5633862, 12.0480756], [107.5731746, 12.0480479], [107.5823098, 12.0461244]]]}, "properties": {"new_ward_code": "1005970", "name": "Xã Quảng Tân"}}, {"type": "Feature", "geometry": {"type": "Polygon", "coordinates": [[[107.4166139, 12.2389533], [107.4148981, 12.2454028], [107.4089092, 12.2510125], [107.4026161, 12.2528322], [107.3972032, 12.2569429], [107.3991358, 12.2597893], [107.397247, 12.2630566], [107.3872483, 12.2707869], [107.3879606, 12.2754492], [107.3863161, 12.2789344], [107.3890542, 12.2843802], [107.3847699, 12.2870781], [107.3823002, 12.292477], [107.3781441, 12.295173], [107.3779838, 12.3001091], [107.3754853, 12.3053451], [107.3708646, 12.3099667], [107.3668422, 12.3124022], [107.3626117, 12.3195589], [107.3544255, 12.32263], [107.3498976, 12.3266902], [107.3469838, 12.3329044], [107.3448795, 12.3348357], [107.3420723, 12.3292779], [107.3383347, 12.3264419], [107.327582, 12.326089], [107.3217334, 12.3225139], [107.3173745, 12.3213656], [107.3136841, 12.3220824], [107.3124588, 12.3245722], [107.3125519, 12.3305317], [107.3095301, 12.3333317], [107.3025811, 12.3281532], [107.2991272, 12.3293276], [107.2914446, 12.3280202], [107.2859599, 12.323214], [107.2808955, 12.3222827], [107.2747394, 12.3254687], [107.2686832, 12.3251479], [107.2622908, 12.3147526], [107.2556092, 12.3128341], [107.247409, 12.3068804], [107.243431, 12.3073545], [107.2363049, 12.3006421], [107.2356981, 12.2988923], [107.2302062, 12.2956239], [107.222636, 12.2972979], [107.2185588, 12.2996261], [107.2147787, 12.2988331], [107.2073885, 12.2998891], [107.2061286, 12.2959807], [107.2231936, 12.1876379], [107.230044, 12.1346521], [107.221646, 12.1266934], [107.2248083, 12.1263184], [107.2293283, 12.120306], [107.231133, 12.1154878], [107.240366, 12.1145232], [107.2381543, 12.1066415], [107.234306, 12.1024329], [107.2318196, 12.0963589], [107.234669, 12.0901184], [107.2299291, 12.0860994], [107.2335148, 12.0612654], [107.2315729, 12.0599068], [107.231319, 12.0515078], [107.2338635, 12.0460018], [107.2310632, 12.0376889], [107.2322541, 12.0346958], [107.2305938, 12.0286501], [107.2334169, 12.0274771], [107.2359655, 12.0360722], [107.2393465, 12.0363692], [107.2424224, 12.0390496], [107.2455118, 12.0343931], [107.2435029, 12.0296294], [107.2496854, 12.0258453], [107.2521976, 12.02095], [107.2567648, 12.0189489], [107.2671336, 12.0169953], [107.2710517, 12.0172094], [107.2750964, 12.0134308], [107.2805293, 12.0138364], [107.2830579, 12.0174159], [107.2891985, 12.0156873], [107.2897124, 12.0201653], [107.2959743, 12.0155545], [107.2951957, 12.0111155], [107.309544, 12.0056873], [107.3156655, 12.0079031], [107.3151254, 12.0108799], [107.3189997, 12.0136696], [107.3211291, 12.0196011], [107.3242469, 12.0185216], [107.329946, 12.0234622], [107.3287667, 12.0298726], [107.3311798, 12.0355194], [107.3296606, 12.0434319], [107.3342044, 12.0449838], [107.3333094, 12.0488475], [107.3376127, 12.0496436], [107.3384401, 12.0534908], [107.3426355, 12.0546614], [107.3448989, 12.0671042], [107.3467206, 12.0701574], [107.3449016, 12.0737847], [107.3456147, 12.0813147], [107.3432726, 12.086729], [107.3468219, 12.0890748], [107.3438091, 12.0946731], [107.3483386, 12.1012617], [107.3514459, 12.1037413], [107.354123, 12.1109037], [107.3636635, 12.1146278], [107.3696539, 12.1183018], [107.372183, 12.1239703], [107.3817529, 12.1320718], [107.3823992, 12.1348245], [107.3807855, 12.1399032], [107.386111, 12.1478681], [107.39056, 12.1479569], [107.3931107, 12.1513182], [107.3980897, 12.154802], [107.4041081, 12.1628085], [107.4066142, 12.1683968], [107.4044438, 12.1784244], [107.4088658, 12.1837621], [107.4074675, 12.1915613], [107.4091951, 12.1953232], [107.4070705, 12.1998827], [107.4075535, 12.2085007], [107.412207, 12.2151394], [107.4165209, 12.2179178], [107.4169113, 12.2264917], [107.4112558, 12.2299413], [107.413753, 12.2370554], [107.4166139, 12.2389533]]]}, "properties": {"new_ward_code": "1005969", "name": "Xã Quảng Trực"}}, {"type": "Feature", "geometry": {"type": "Polygon", "coordinates": [[[107.9240099, 12.4169836], [107.923792, 12.4228722], [107.9215342, 12.4264792], [107.9242645, 12.4280965], [107.9299493, 12.4239219], [107.9326808, 12.4267803], [107.9297981, 12.4315284], [107.9238591, 12.4311991], [107.917609, 12.4334875], [107.9162322, 12.4355604], [107.9066625, 12.432897], [107.9003575, 12.4347116], [107.8935711, 12.4326886], [107.8875393, 12.4225369], [107.8866276, 12.4182089], [107.8822526, 12.4164755], [107.8825635, 12.4110184], [107.8794926, 12.4077813], [107.8785902, 12.4023924], [107.8737177, 12.3987462], [107.8711018, 12.3990761], [107.8672531, 12.3955331], [107.8593851, 12.3952335], [107.8568172, 12.3933864], [107.8479311, 12.4023011], [107.8435278, 12.4093511], [107.838005, 12.4100766], [107.8343017, 12.4069089], [107.8262916, 12.4037081], [107.824151, 12.4063151], [107.8189119, 12.4032543], [107.8112577, 12.4017414], [107.8078864, 12.3954113], [107.7957792, 12.3960706], [107.7857882, 12.3876367], [107.7821795, 12.3836814], [107.7758024, 12.3788441], [107.7698091, 12.3779454], [107.7666253, 12.3756242], [107.7661371, 12.370835], [107.7630687, 12.3611411], [107.7591526, 12.3533333], [107.747308, 12.3486066], [107.7332157, 12.3470909], [107.7254614, 12.3456956], [107.7283072, 12.3398394], [107.7269326, 12.3287948], [107.7329636, 12.3247621], [107.7432364, 12.3162981], [107.7450657, 12.3172414], [107.7517873, 12.3100298], [107.7557194, 12.3074984], [107.7558052, 12.3000034], [107.7530694, 12.2932788], [107.7535012, 12.285351], [107.7693665, 12.2822558], [107.7767694, 12.2787859], [107.7875733, 12.2722441], [107.785272, 12.2677676], [107.7858245, 12.2607538], [107.7804172, 12.2515695], [107.7866238, 12.2447283], [107.7834893, 12.2408037], [107.790628, 12.2307016], [107.7920845, 12.2268471], [107.7980079, 12.2235641], [107.802819, 12.2225259], [107.8064293, 12.2244867], [107.8110344, 12.221876], [107.8141144, 12.2231054], [107.8148029, 12.2268352], [107.8152064, 12.2293283], [107.807191, 12.2365029], [107.8082907, 12.2388568], [107.8034413, 12.2444085], [107.8042429, 12.246488], [107.8006303, 12.2518054], [107.8043425, 12.2560044], [107.8088701, 12.2635635], [107.8197451, 12.2720563], [107.8205145, 12.2792905], [107.8242338, 12.2810922], [107.8289878, 12.2868694], [107.8314616, 12.2916229], [107.8337932, 12.2901287], [107.838546, 12.2911141], [107.8433636, 12.2962905], [107.8419578, 12.3007372], [107.845451, 12.306015], [107.8531865, 12.3054539], [107.8560707, 12.3071618], [107.8610797, 12.3163202], [107.8564892, 12.3198303], [107.8571764, 12.325669], [107.8603202, 12.3308885], [107.8647941, 12.329442], [107.8722733, 12.337448], [107.8771484, 12.3355788], [107.8831378, 12.3409789], [107.8859943, 12.3395983], [107.8921023, 12.3420479], [107.8936806, 12.3405765], [107.9039641, 12.3378087], [107.9040967, 12.3421474], [107.9103004, 12.3450046], [107.9071686, 12.3496877], [107.9119059, 12.3540793], [107.9158189, 12.3513198], [107.9229122, 12.3559429], [107.9220901, 12.358871], [107.9290733, 12.3610122], [107.9269645, 12.3677437], [107.9296884, 12.3749099], [107.9276705, 12.3776363], [107.9275332, 12.381388], [107.9200209, 12.3834911], [107.9249124, 12.38969], [107.9179568, 12.3908573], [107.9139614, 12.3960631], [107.9125144, 12.4019146], [107.9177481, 12.4075141], [107.927208, 12.4109984], [107.9240099, 12.4169836]]]}, "properties": {"new_ward_code": "1005967", "name": "Xã Nâm Nung"}}, {"type": "Feature", "geometry": {"type": "Polygon", "coordinates": [[[107.8927548, 12.5515936], [107.8877973, 12.5507571], [107.885732, 12.5524381], [107.8735775, 12.5493011], [107.8714514, 12.5510946], [107.8686077, 12.5471256], [107.8612362, 12.5328202], [107.8571017, 12.5315908], [107.8526217, 12.5265789], [107.8473839, 12.5259179], [107.848067, 12.5207377], [107.8527933, 12.5186161], [107.8536169, 12.5152128], [107.8497312, 12.5142225], [107.843286, 12.5079835], [107.8434826, 12.5035595], [107.8408715, 12.5009422], [107.836183, 12.4992376], [107.8307583, 12.5001234], [107.8295392, 12.5033502], [107.8219228, 12.5016076], [107.8169339, 12.5019231], [107.8200352, 12.497975], [107.8190939, 12.4954842], [107.8220075, 12.4921044], [107.829138, 12.4919923], [107.8327283, 12.4894385], [107.8354358, 12.4746815], [107.8410566, 12.4716334], [107.8422161, 12.4685773], [107.847458, 12.4661577], [107.8504899, 12.469991], [107.8570865, 12.4685257], [107.8661406, 12.4702137], [107.8725672, 12.4641822], [107.8785539, 12.4636584], [107.8882205, 12.4578232], [107.8946578, 12.4581165], [107.8996575, 12.4662879], [107.9095387, 12.4678278], [107.9131329, 12.465366], [107.9208791, 12.4545232], [107.917639, 12.4458905], [107.9353255, 12.4442876], [107.9439418, 12.4487254], [107.952894, 12.4488868], [107.9542272, 12.4416232], [107.962923, 12.4369197], [107.9668144, 12.4366803], [107.9787315, 12.4445006], [107.9859859, 12.4476233], [107.9876988, 12.4528397], [107.9917522, 12.4599381], [107.9919591, 12.4638122], [107.9953503, 12.4673377], [107.9958415, 12.4712115], [107.9997192, 12.4733191], [108.0013317, 12.4774493], [107.9975326, 12.4820204], [107.9973753, 12.4857163], [107.9912436, 12.4855107], [107.991314, 12.4929366], [107.9862865, 12.4950074], [107.9799286, 12.496078], [107.9778553, 12.5034197], [107.9747068, 12.5076546], [107.9685638, 12.5108088], [107.9555117, 12.5199773], [107.9492492, 12.5208292], [107.944018, 12.5234057], [107.9293107, 12.5279299], [107.9243311, 12.530707], [107.9135571, 12.5277902], [107.9100281, 12.5254987], [107.9036977, 12.5293286], [107.9016958, 12.5326833], [107.8957093, 12.5377131], [107.8881749, 12.5407762], [107.8879573, 12.5473487], [107.8927548, 12.5515936]]]}, "properties": {"new_ward_code": "1005966", "name": "Xã Nam Đà"}}, {"type": "Feature", "geometry": {"type": "Polygon", "coordinates": [[[107.9542272, 12.4416232], [107.952894, 12.4488868], [107.9439418, 12.4487254], [107.9353255, 12.4442876], [107.917639, 12.4458905], [107.9208791, 12.4545232], [107.9131329, 12.465366], [107.9095387, 12.4678278], [107.8996575, 12.4662879], [107.8946578, 12.4581165], [107.8882205, 12.4578232], [107.8785539, 12.4636584], [107.8725672, 12.4641822], [107.8661406, 12.4702137], [107.8570865, 12.4685257], [107.8504899, 12.469991], [107.847458, 12.4661577], [107.8422161, 12.4685773], [107.8410566, 12.4716334], [107.8354358, 12.4746815], [107.8333715, 12.4725364], [107.8238102, 12.4707001], [107.8140984, 12.4699294], [107.811408, 12.4717879], [107.803321, 12.4714498], [107.8011228, 12.4704127], [107.8029638, 12.4638679], [107.80051, 12.4588825], [107.7938904, 12.4591152], [107.7864594, 12.4510852], [107.7822118, 12.4552516], [107.7720328, 12.4563498], [107.7678975, 12.4513272], [107.7626355, 12.4478799], [107.7562797, 12.4421837], [107.7549634, 12.4379324], [107.7505368, 12.4342985], [107.7521187, 12.4286746], [107.7444085, 12.4200798], [107.7439909, 12.4140121], [107.7400085, 12.4160688], [107.7323723, 12.4155415], [107.7270334, 12.4107628], [107.7215829, 12.4083812], [107.7144625, 12.4074841], [107.7133518, 12.4054148], [107.71532, 12.3972842], [107.7126378, 12.3942928], [107.7098223, 12.3877329], [107.7036083, 12.3830375], [107.6993796, 12.3784377], [107.7044355, 12.3729257], [107.7103043, 12.3692841], [107.720113, 12.3688613], [107.7244851, 12.3667633], [107.7255589, 12.3605563], [107.7239299, 12.3581018], [107.7254614, 12.3456956], [107.7332157, 12.3470909], [107.747308, 12.3486066], [107.7591526, 12.3533333], [107.7630687, 12.3611411], [107.7661371, 12.370835], [107.7666253, 12.3756242], [107.7698091, 12.3779454], [107.7758024, 12.3788441], [107.7821795, 12.3836814], [107.7857882, 12.3876367], [107.7957792, 12.3960706], [107.8078864, 12.3954113], [107.8112577, 12.4017414], [107.8189119, 12.4032543], [107.824151, 12.4063151], [107.8262916, 12.4037081], [107.8343017, 12.4069089], [107.838005, 12.4100766], [107.8435278, 12.4093511], [107.8479311, 12.4023011], [107.8568172, 12.3933864], [107.8593851, 12.3952335], [107.8672531, 12.3955331], [107.8711018, 12.3990761], [107.8737177, 12.3987462], [107.8785902, 12.4023924], [107.8794926, 12.4077813], [107.8825635, 12.4110184], [107.8822526, 12.4164755], [107.8866276, 12.4182089], [107.8875393, 12.4225369], [107.8935711, 12.4326886], [107.9003575, 12.4347116], [107.9066625, 12.432897], [107.9162322, 12.4355604], [107.917609, 12.4334875], [107.9238591, 12.4311991], [107.9297981, 12.4315284], [107.9360454, 12.4309424], [107.944281, 12.4375814], [107.9450472, 12.4402507], [107.9542272, 12.4416232]]]}, "properties": {"new_ward_code": "1005965", "name": "Xã Krông Nô"}}, {"type": "Feature", "geometry": {"type": "Polygon", "coordinates": [[[107.9276705, 12.3776363], [107.9296884, 12.3749099], [107.9269645, 12.3677437], [107.9290733, 12.3610122], [107.9220901, 12.358871], [107.9229122, 12.3559429], [107.9158189, 12.3513198], [107.9119059, 12.3540793], [107.9071686, 12.3496877], [107.9103004, 12.3450046], [107.9040967, 12.3421474], [107.9039641, 12.3378087], [107.8936806, 12.3405765], [107.8921023, 12.3420479], [107.8859943, 12.3395983], [107.8831378, 12.3409789], [107.8771484, 12.3355788], [107.8722733, 12.337448], [107.8647941, 12.329442], [107.8603202, 12.3308885], [107.8571764, 12.325669], [107.8564892, 12.3198303], [107.8610797, 12.3163202], [107.8560707, 12.3071618], [107.8531865, 12.3054539], [107.845451, 12.306015], [107.8419578, 12.3007372], [107.8433636, 12.2962905], [107.838546, 12.2911141], [107.8337932, 12.2901287], [107.8314616, 12.2916229], [107.8289878, 12.2868694], [107.8242338, 12.2810922], [107.8205145, 12.2792905], [107.8197451, 12.2720563], [107.8088701, 12.2635635], [107.8043425, 12.2560044], [107.8006303, 12.2518054], [107.8042429, 12.246488], [107.8034413, 12.2444085], [107.8082907, 12.2388568], [107.807191, 12.2365029], [107.8152064, 12.2293283], [107.8148029, 12.2268352], [107.8189343, 12.2284333], [107.8196184, 12.2308326], [107.8295037, 12.2265747], [107.8349867, 12.227787], [107.8464908, 12.2328698], [107.8552133, 12.2348567], [107.8583622, 12.2387782], [107.8658598, 12.2413743], [107.8702218, 12.248816], [107.8743716, 12.2452395], [107.8817295, 12.2423186], [107.8903039, 12.2466435], [107.8939443, 12.2472233], [107.8976951, 12.2517305], [107.9047296, 12.2551157], [107.9092927, 12.2590898], [107.9128959, 12.2601361], [107.9208845, 12.2652829], [107.9212039, 12.2675144], [107.9270221, 12.2674503], [107.9332387, 12.2692196], [107.9369274, 12.2669423], [107.9285642, 12.2532643], [107.9241948, 12.2503928], [107.9227573, 12.2454092], [107.9260848, 12.2415701], [107.9243034, 12.2319776], [107.9324852, 12.2368307], [107.9337645, 12.2439], [107.9432265, 12.2476833], [107.9474598, 12.2542038], [107.9534138, 12.2592971], [107.9622012, 12.2601876], [107.9644879, 12.2622757], [107.9723641, 12.2626855], [107.9749203, 12.2614719], [107.9758321, 12.2570437], [107.9739547, 12.25342], [107.9736274, 12.2425577], [107.9706818, 12.2365976], [107.9726158, 12.2263265], [107.968263, 12.2253727], [107.9681189, 12.222484], [107.9717901, 12.2170927], [107.9748818, 12.2098105], [107.9787344, 12.2118094], [107.9820757, 12.2097806], [107.9913393, 12.2170173], [107.9943415, 12.2170849], [107.9948065, 12.2229776], [107.9982618, 12.2239759], [108.0040222, 12.217692], [108.0067097, 12.2189171], [108.0133681, 12.2157591], [108.0148937, 12.2084026], [108.0200495, 12.2068054], [108.0236756, 12.2012457], [108.0271571, 12.2009516], [108.0298761, 12.1984183], [108.0307471, 12.1934373], [108.0358148, 12.1964561], [108.0399152, 12.1954361], [108.0409964, 12.1983233], [108.0544263, 12.1931697], [108.0546458, 12.1899391], [108.0621192, 12.1886896], [108.0638519, 12.1869098], [108.0698491, 12.188001], [108.0735566, 12.1873386], [108.0747569, 12.1898706], [108.0807286, 12.195063], [108.0827692, 12.198088], [108.0880416, 12.1977605], [108.0905859, 12.2033335], [108.09032, 12.2075314], [108.0974208, 12.2101142], [108.0947978, 12.2160791], [108.0913101, 12.2183039], [108.0852015, 12.2261028], [108.0834541, 12.2356715], [108.0830994, 12.2436558], [108.0733157, 12.2551224], [108.06922, 12.2589249], [108.0645094, 12.2619724], [108.0544612, 12.2665855], [108.0472738, 12.2709581], [108.0420151, 12.2781363], [108.041307, 12.2869343], [108.0401867, 12.2889183], [108.026476, 12.2883099], [108.0195221, 12.2907195], [108.0182892, 12.2986671], [108.014955, 12.3029685], [108.0114788, 12.2994164], [108.0038452, 12.2962941], [107.9995748, 12.3042224], [107.9976818, 12.3046194], [107.9888211, 12.3019745], [107.9806195, 12.2969951], [107.9740732, 12.2966388], [107.9732455, 12.3007738], [107.9738391, 12.3073552], [107.9692463, 12.3124731], [107.9530929, 12.3182841], [107.9495222, 12.3243091], [107.9446086, 12.3262434], [107.9452136, 12.3318285], [107.9441852, 12.3353638], [107.9364525, 12.3398411], [107.93419, 12.3426307], [107.9345242, 12.3489837], [107.9309654, 12.354889], [107.9335991, 12.358569], [107.9326274, 12.3648122], [107.9346657, 12.3679216], [107.9321928, 12.3708971], [107.9314024, 12.3770003], [107.9276705, 12.3776363]]]}, "properties": {"new_ward_code": "1005968", "name": "Xã Quảng Phú"}}, {"type": "Feature", "geometry": {"type": "Polygon", "coordinates": [[[107.785272, 12.2677676], [107.7875733, 12.2722441], [107.7767694, 12.2787859], [107.7693665, 12.2822558], [107.7535012, 12.285351], [107.7530694, 12.2932788], [107.7558052, 12.3000034], [107.7557194, 12.3074984], [107.7517873, 12.3100298], [107.7450657, 12.3172414], [107.7432364, 12.3162981], [107.7329636, 12.3247621], [107.7269326, 12.3287948], [107.7283072, 12.3398394], [107.7254614, 12.3456956], [107.7239299, 12.3581018], [107.7255589, 12.3605563], [107.7244851, 12.3667633], [107.720113, 12.3688613], [107.7103043, 12.3692841], [107.7044355, 12.3729257], [107.6993796, 12.3784377], [107.6952537, 12.3812194], [107.6935784, 12.3846493], [107.6929172, 12.3907636], [107.6896672, 12.3969686], [107.6806283, 12.3972217], [107.6783135, 12.3958778], [107.66884, 12.3940021], [107.6644277, 12.3967659], [107.6685973, 12.4017413], [107.6708128, 12.406575], [107.6717696, 12.4128506], [107.6734696, 12.4164251], [107.6619936, 12.4191919], [107.6576072, 12.4231136], [107.6526055, 12.4215043], [107.6503665, 12.421457], [107.6473903, 12.4143852], [107.6450754, 12.4141656], [107.6413017, 12.405814], [107.6389199, 12.4041689], [107.6394811, 12.3982955], [107.6382705, 12.3965255], [107.6320423, 12.3945442], [107.6292731, 12.3919849], [107.631458, 12.3853071], [107.6268049, 12.3801422], [107.626505, 12.3732833], [107.6229323, 12.3690195], [107.6153795, 12.3651598], [107.6013832, 12.3500295], [107.6034772, 12.3431985], [107.6000494, 12.3285931], [107.6064032, 12.3229532], [107.6143992, 12.3203598], [107.6235226, 12.313011], [107.6272036, 12.315732], [107.6327474, 12.312038], [107.6349149, 12.3061667], [107.6461501, 12.3029541], [107.6478088, 12.2987141], [107.6534495, 12.2930665], [107.6568877, 12.2938468], [107.665359, 12.2918205], [107.6693979, 12.2874949], [107.6691139, 12.2840161], [107.6756183, 12.2757003], [107.6788044, 12.2681031], [107.6927841, 12.257142], [107.6965365, 12.2518133], [107.6990926, 12.2520046], [107.7016354, 12.2451634], [107.7092323, 12.2404679], [107.7120748, 12.2360066], [107.7157813, 12.2338764], [107.7158337, 12.2277804], [107.7230072, 12.2322669], [107.7274919, 12.2366444], [107.7345943, 12.236727], [107.7417237, 12.2351608], [107.7548289, 12.2411949], [107.7579993, 12.2479681], [107.7582729, 12.2517373], [107.7639806, 12.2568746], [107.7662444, 12.2610054], [107.7657358, 12.2677283], [107.7706856, 12.2672555], [107.7752137, 12.2689208], [107.7816644, 12.2670232], [107.785272, 12.2677676]]]}, "properties": {"new_ward_code": "1005985", "name": "Xã Đắk Song"}}, {"type": "Feature", "geometry": {"type": "Polygon", "coordinates": [[[107.5156027, 12.2328803], [107.5173488, 12.2359917], [107.5207795, 12.2335431], [107.5246627, 12.2337961], [107.5305185, 12.2276148], [107.5357541, 12.2317295], [107.5419179, 12.2293441], [107.5410376, 12.2344394], [107.5443023, 12.2407598], [107.5488412, 12.2448372], [107.5581586, 12.2454675], [107.568292, 12.2544475], [107.5655239, 12.2573938], [107.5698799, 12.2611705], [107.5692166, 12.2658497], [107.5666746, 12.2664545], [107.5630326, 12.2710958], [107.5628063, 12.2787138], [107.5557032, 12.2820805], [107.5524231, 12.2865317], [107.5492591, 12.2856393], [107.5451821, 12.2893634], [107.5500076, 12.2950901], [107.5525019, 12.2953701], [107.5589828, 12.3038782], [107.5626076, 12.3063203], [107.5704658, 12.3041864], [107.575137, 12.3060361], [107.578758, 12.3095319], [107.5859678, 12.3120581], [107.5844404, 12.314682], [107.5851101, 12.3199596], [107.5890585, 12.3248592], [107.6000494, 12.3285931], [107.6034772, 12.3431985], [107.5932245, 12.3439947], [107.5884913, 12.3421155], [107.5856522, 12.3384468], [107.573458, 12.3418098], [107.5651771, 12.3463964], [107.5576061, 12.3453576], [107.5532162, 12.347333], [107.5528049, 12.3510433], [107.5482415, 12.3593975], [107.5469474, 12.359725], [107.5436103, 12.3502049], [107.5360879, 12.3512298], [107.5354531, 12.3467811], [107.5331444, 12.3449409], [107.5284963, 12.3459887], [107.527163, 12.3399468], [107.5208649, 12.3398255], [107.5159976, 12.3367458], [107.5129939, 12.3309246], [107.5099687, 12.3284929], [107.505708, 12.3280637], [107.5018504, 12.324507], [107.4918098, 12.3204115], [107.4833196, 12.3178861], [107.4758222, 12.3124553], [107.4671888, 12.3103154], [107.4665987, 12.3010412], [107.458035, 12.2940667], [107.4467719, 12.2919213], [107.4438965, 12.2926393], [107.4434204, 12.2778515], [107.439439, 12.2744716], [107.4384608, 12.269629], [107.4413445, 12.266797], [107.4410212, 12.2620433], [107.4368567, 12.257882], [107.4365956, 12.2532673], [107.4343746, 12.2500321], [107.441731, 12.2487306], [107.4454081, 12.2518536], [107.4487568, 12.2584982], [107.4515906, 12.258714], [107.4609372, 12.2529822], [107.4644964, 12.2497993], [107.4750456, 12.2519827], [107.4809063, 12.2489588], [107.4877455, 12.2476959], [107.4895853, 12.2459546], [107.4951214, 12.2467938], [107.5025457, 12.2453758], [107.505649, 12.2406209], [107.5156027, 12.2328803]]]}, "properties": {"new_ward_code": "1005983", "name": "Xã Thuận Hạnh"}}, {"type": "Feature", "geometry": {"type": "Polygon", "coordinates": [[[107.7333248, 12.139442], [107.7400446, 12.144239], [107.7391814, 12.151987], [107.7357572, 12.1528663], [107.7376057, 12.1601094], [107.7430292, 12.166507], [107.7362207, 12.1769546], [107.736067, 12.1828028], [107.7427697, 12.1870926], [107.7437031, 12.1935944], [107.7416545, 12.2005798], [107.7330816, 12.2090515], [107.7351737, 12.2118723], [107.7314603, 12.2166998], [107.7247345, 12.2218968], [107.7233653, 12.2241826], [107.7158337, 12.2277804], [107.7157813, 12.2338764], [107.7120748, 12.2360066], [107.7092323, 12.2404679], [107.7016354, 12.2451634], [107.6990926, 12.2520046], [107.6965365, 12.2518133], [107.6901034, 12.2522104], [107.6845068, 12.2508828], [107.6794535, 12.2527507], [107.6739657, 12.2512655], [107.662754, 12.242039], [107.6565782, 12.2416467], [107.640261, 12.2460337], [107.6351327, 12.2496037], [107.6296935, 12.2476794], [107.6349082, 12.2389303], [107.6362006, 12.2328428], [107.6318228, 12.2342591], [107.6276708, 12.2319051], [107.6238219, 12.2278914], [107.6164296, 12.2251054], [107.61787, 12.2338292], [107.6139982, 12.2366025], [107.6046306, 12.2397166], [107.6045716, 12.2254933], [107.6017284, 12.2193016], [107.5986872, 12.2156569], [107.5987035, 12.2114108], [107.5964996, 12.2086824], [107.5969609, 12.2025227], [107.5930048, 12.1997528], [107.5887626, 12.2005628], [107.5859754, 12.1977485], [107.5765853, 12.2033298], [107.5744021, 12.202086], [107.5726265, 12.1957023], [107.5737788, 12.1889513], [107.5694454, 12.1819119], [107.5743358, 12.1736536], [107.5801214, 12.1693576], [107.5844389, 12.1720084], [107.5893132, 12.1730857], [107.59579, 12.1728612], [107.5974658, 12.1702544], [107.6010177, 12.1705199], [107.6015719, 12.1649941], [107.5967551, 12.1618463], [107.5986181, 12.1588704], [107.5978033, 12.1463525], [107.5931072, 12.1453529], [107.5826446, 12.1517388], [107.5786115, 12.1506152], [107.5751129, 12.1534244], [107.5701557, 12.1526738], [107.5662873, 12.1540058], [107.5646104, 12.1513697], [107.5540549, 12.1517856], [107.5492537, 12.148354], [107.5534417, 12.1437304], [107.5574628, 12.1332681], [107.561702, 12.1290511], [107.5617673, 12.1204011], [107.5639396, 12.1183576], [107.5707339, 12.1083706], [107.5698723, 12.1055082], [107.5720591, 12.1018105], [107.5771091, 12.1009261], [107.5795139, 12.1034654], [107.5823404, 12.1017962], [107.579217, 12.0861768], [107.57995, 12.0817535], [107.5783771, 12.0793163], [107.5776935, 12.0727046], [107.5808077, 12.0708719], [107.5810491, 12.0667071], [107.5846426, 12.0648335], [107.5888673, 12.0667158], [107.5930665, 12.0637634], [107.5931459, 12.0566193], [107.5883482, 12.0586184], [107.5867833, 12.0536759], [107.5888333, 12.049181], [107.5870709, 12.0471124], [107.5823098, 12.0461244], [107.5870794, 12.0423648], [107.5934172, 12.0480104], [107.6004839, 12.0483128], [107.6103222, 12.0472058], [107.6362733, 12.0455305], [107.6378256, 12.0473711], [107.6469802, 12.0526513], [107.6537908, 12.0526528], [107.6604836, 12.0511095], [107.663102, 12.0543303], [107.6764286, 12.0546624], [107.6742124, 12.0607566], [107.6777181, 12.0603658], [107.6819292, 12.0638281], [107.6826723, 12.0717738], [107.6802286, 12.0757991], [107.6880634, 12.0790278], [107.6880967, 12.085818], [107.686668, 12.0888706], [107.6883852, 12.0963012], [107.690805, 12.0973552], [107.6993458, 12.0912933], [107.7048311, 12.0965114], [107.712388, 12.0975468], [107.7179593, 12.0997788], [107.724747, 12.1054617], [107.7263729, 12.1084786], [107.7307093, 12.1116355], [107.7330925, 12.1204431], [107.7254695, 12.1240002], [107.7253461, 12.1287048], [107.7292966, 12.1324584], [107.7290634, 12.1371549], [107.7333248, 12.139442]]]}, "properties": {"new_ward_code": "1005984", "name": "Xã Trường Xuân"}}, {"type": "Feature", "geometry": {"type": "Polygon", "coordinates": [[[107.5492537, 12.148354], [107.5540549, 12.1517856], [107.5646104, 12.1513697], [107.5662873, 12.1540058], [107.5701557, 12.1526738], [107.5751129, 12.1534244], [107.5786115, 12.1506152], [107.5826446, 12.1517388], [107.5931072, 12.1453529], [107.5978033, 12.1463525], [107.5986181, 12.1588704], [107.5967551, 12.1618463], [107.6015719, 12.1649941], [107.6010177, 12.1705199], [107.5974658, 12.1702544], [107.59579, 12.1728612], [107.5893132, 12.1730857], [107.5844389, 12.1720084], [107.5801214, 12.1693576], [107.5743358, 12.1736536], [107.5694454, 12.1819119], [107.5737788, 12.1889513], [107.5726265, 12.1957023], [107.5744021, 12.202086], [107.5765853, 12.2033298], [107.5859754, 12.1977485], [107.5887626, 12.2005628], [107.5930048, 12.1997528], [107.5969609, 12.2025227], [107.5964996, 12.2086824], [107.5987035, 12.2114108], [107.5986872, 12.2156569], [107.6017284, 12.2193016], [107.6045716, 12.2254933], [107.6046306, 12.2397166], [107.6139982, 12.2366025], [107.61787, 12.2338292], [107.6164296, 12.2251054], [107.6238219, 12.2278914], [107.6276708, 12.2319051], [107.6318228, 12.2342591], [107.6362006, 12.2328428], [107.6349082, 12.2389303], [107.6296935, 12.2476794], [107.6351327, 12.2496037], [107.640261, 12.2460337], [107.6565782, 12.2416467], [107.662754, 12.242039], [107.6739657, 12.2512655], [107.6794535, 12.2527507], [107.6845068, 12.2508828], [107.6901034, 12.2522104], [107.6965365, 12.2518133], [107.6927841, 12.257142], [107.6788044, 12.2681031], [107.6756183, 12.2757003], [107.6691139, 12.2840161], [107.6693979, 12.2874949], [107.665359, 12.2918205], [107.6568877, 12.2938468], [107.6534495, 12.2930665], [107.6478088, 12.2987141], [107.6461501, 12.3029541], [107.6349149, 12.3061667], [107.6327474, 12.312038], [107.6272036, 12.315732], [107.6235226, 12.313011], [107.6143992, 12.3203598], [107.6064032, 12.3229532], [107.6000494, 12.3285931], [107.5890585, 12.3248592], [107.5851101, 12.3199596], [107.5844404, 12.314682], [107.5859678, 12.3120581], [107.578758, 12.3095319], [107.575137, 12.3060361], [107.5704658, 12.3041864], [107.5626076, 12.3063203], [107.5589828, 12.3038782], [107.5525019, 12.2953701], [107.5500076, 12.2950901], [107.5451821, 12.2893634], [107.5492591, 12.2856393], [107.5524231, 12.2865317], [107.5557032, 12.2820805], [107.5628063, 12.2787138], [107.5630326, 12.2710958], [107.5666746, 12.2664545], [107.5692166, 12.2658497], [107.5698799, 12.2611705], [107.5655239, 12.2573938], [107.568292, 12.2544475], [107.5581586, 12.2454675], [107.5488412, 12.2448372], [107.5443023, 12.2407598], [107.5410376, 12.2344394], [107.5419179, 12.2293441], [107.5357541, 12.2317295], [107.5305185, 12.2276148], [107.5246627, 12.2337961], [107.5207795, 12.2335431], [107.5173488, 12.2359917], [107.5156027, 12.2328803], [107.5172144, 12.2299067], [107.5176948, 12.2233149], [107.5207934, 12.2177694], [107.5239176, 12.2163577], [107.5236869, 12.210184], [107.5305585, 12.2002534], [107.5326181, 12.1959691], [107.5380367, 12.1896514], [107.5372535, 12.1829082], [107.5353464, 12.1813194], [107.5368532, 12.1742159], [107.5424836, 12.1637158], [107.5461854, 12.1601876], [107.548604, 12.1549757], [107.5492537, 12.148354]]]}, "properties": {"new_ward_code": "1005986", "name": "Xã Đức An"}}, {"type": "Feature", "geometry": {"type": "Polygon", "coordinates": [[[107.8169339, 12.5019231], [107.8150051, 12.4966886], [107.8148434, 12.491578], [107.8081512, 12.4924579], [107.7997277, 12.4976195], [107.799682, 12.5009169], [107.7962709, 12.5027132], [107.79286, 12.5003427], [107.7859336, 12.5007151], [107.7831713, 12.5056034], [107.7744117, 12.5025842], [107.7716151, 12.4962618], [107.7643594, 12.4924707], [107.7554918, 12.4936886], [107.7492403, 12.4881383], [107.7401091, 12.4882823], [107.7356551, 12.4844], [107.7349806, 12.4812732], [107.7347917, 12.47257], [107.7323141, 12.4711841], [107.7313408, 12.4665969], [107.7277667, 12.4650878], [107.7255991, 12.4667561], [107.719977, 12.4632181], [107.7141466, 12.4624557], [107.7092161, 12.4631957], [107.7020298, 12.4605489], [107.6992455, 12.455102], [107.6934463, 12.4469512], [107.6902017, 12.4473902], [107.6855796, 12.4448586], [107.6718333, 12.4437428], [107.670109, 12.4386158], [107.6658359, 12.4393582], [107.6625345, 12.4345964], [107.6584652, 12.4328074], [107.65226, 12.4250092], [107.6526055, 12.4215043], [107.6576072, 12.4231136], [107.6619936, 12.4191919], [107.6734696, 12.4164251], [107.6717696, 12.4128506], [107.6708128, 12.406575], [107.6685973, 12.4017413], [107.6644277, 12.3967659], [107.66884, 12.3940021], [107.6783135, 12.3958778], [107.6806283, 12.3972217], [107.6896672, 12.3969686], [107.6929172, 12.3907636], [107.6935784, 12.3846493], [107.6952537, 12.3812194], [107.6993796, 12.3784377], [107.7036083, 12.3830375], [107.7098223, 12.3877329], [107.7126378, 12.3942928], [107.71532, 12.3972842], [107.7133518, 12.4054148], [107.7144625, 12.4074841], [107.7215829, 12.4083812], [107.7270334, 12.4107628], [107.7323723, 12.4155415], [107.7400085, 12.4160688], [107.7439909, 12.4140121], [107.7444085, 12.4200798], [107.7521187, 12.4286746], [107.7505368, 12.4342985], [107.7549634, 12.4379324], [107.7562797, 12.4421837], [107.7626355, 12.4478799], [107.7678975, 12.4513272], [107.7720328, 12.4563498], [107.7822118, 12.4552516], [107.7864594, 12.4510852], [107.7938904, 12.4591152], [107.80051, 12.4588825], [107.8029638, 12.4638679], [107.8011228, 12.4704127], [107.803321, 12.4714498], [107.811408, 12.4717879], [107.8140984, 12.4699294], [107.8238102, 12.4707001], [107.8333715, 12.4725364], [107.8354358, 12.4746815], [107.8327283, 12.4894385], [107.829138, 12.4919923], [107.8220075, 12.4921044], [107.8190939, 12.4954842], [107.8200352, 12.497975], [107.8169339, 12.5019231]]]}, "properties": {"new_ward_code": "1005978", "name": "Xã Đắk Sắk"}}, {"type": "Feature", "geometry": {"type": "Polygon", "coordinates": [[[107.6526055, 12.4215043], [107.65226, 12.4250092], [107.6584652, 12.4328074], [107.6625345, 12.4345964], [107.6658359, 12.4393582], [107.670109, 12.4386158], [107.6718333, 12.4437428], [107.6855796, 12.4448586], [107.6902017, 12.4473902], [107.6934463, 12.4469512], [107.6992455, 12.455102], [107.7020298, 12.4605489], [107.7092161, 12.4631957], [107.7141466, 12.4624557], [107.719977, 12.4632181], [107.7255991, 12.4667561], [107.7277667, 12.4650878], [107.7313408, 12.4665969], [107.7323141, 12.4711841], [107.7347917, 12.47257], [107.7349806, 12.4812732], [107.7307154, 12.4824835], [107.7237137, 12.482184], [107.7205691, 12.4791388], [107.7141462, 12.4790849], [107.710104, 12.4740261], [107.7045138, 12.4766802], [107.6990363, 12.4763078], [107.6903969, 12.4712874], [107.6903236, 12.4778162], [107.6883695, 12.4813303], [107.6772809, 12.4835987], [107.6770663, 12.4890719], [107.6739496, 12.4921725], [107.6730806, 12.4960481], [107.6758317, 12.4981727], [107.6723376, 12.5042209], [107.6691435, 12.5045239], [107.6660325, 12.5117504], [107.6679629, 12.5198661], [107.6658413, 12.5240952], [107.6661826, 12.5289095], [107.6620603, 12.5320265], [107.6614264, 12.5346942], [107.6590085, 12.5327975], [107.653421, 12.5321704], [107.6526651, 12.5234198], [107.6501527, 12.5230514], [107.6483724, 12.5173795], [107.6482398, 12.5064156], [107.6438347, 12.5035184], [107.6446416, 12.4967347], [107.6474762, 12.4920625], [107.6465803, 12.4875216], [107.6396909, 12.4781775], [107.6371286, 12.4719401], [107.634204, 12.4608564], [107.6303261, 12.4574251], [107.6319382, 12.4538579], [107.6394859, 12.4525169], [107.6348283, 12.4461643], [107.6296449, 12.4474803], [107.6300338, 12.453651], [107.6268178, 12.455652], [107.6215201, 12.4511647], [107.6191708, 12.450584], [107.6170519, 12.4566472], [107.6133639, 12.4585827], [107.6048961, 12.4518936], [107.603396, 12.447297], [107.6140076, 12.4389234], [107.6159415, 12.435872], [107.6109263, 12.4310856], [107.6073128, 12.4294808], [107.6050946, 12.4251851], [107.606543, 12.423527], [107.6030588, 12.4198834], [107.604593, 12.4167165], [107.5995344, 12.4053792], [107.5962728, 12.4033149], [107.6045072, 12.3912644], [107.6086003, 12.388477], [107.6078147, 12.3829617], [107.6054245, 12.3779978], [107.6051939, 12.3697792], [107.5979573, 12.3589403], [107.5911042, 12.352018], [107.5932245, 12.3439947], [107.6034772, 12.3431985], [107.6013832, 12.3500295], [107.6153795, 12.3651598], [107.6229323, 12.3690195], [107.626505, 12.3732833], [107.6268049, 12.3801422], [107.631458, 12.3853071], [107.6292731, 12.3919849], [107.6320423, 12.3945442], [107.6382705, 12.3965255], [107.6394811, 12.3982955], [107.6389199, 12.4041689], [107.6413017, 12.405814], [107.6450754, 12.4141656], [107.6473903, 12.4143852], [107.6503665, 12.421457], [107.6526055, 12.4215043]]]}, "properties": {"new_ward_code": "1005979", "name": "Xã Đức Lập"}}, {"type": "Feature", "geometry": {"type": "Polygon", "coordinates": [[[107.5932245, 12.3439947], [107.5911042, 12.352018], [107.5979573, 12.3589403], [107.6051939, 12.3697792], [107.6054245, 12.3779978], [107.6078147, 12.3829617], [107.6086003, 12.388477], [107.6045072, 12.3912644], [107.5962728, 12.4033149], [107.5995344, 12.4053792], [107.604593, 12.4167165], [107.6030588, 12.4198834], [107.606543, 12.423527], [107.6050946, 12.4251851], [107.6073128, 12.4294808], [107.6109263, 12.4310856], [107.6159415, 12.435872], [107.6140076, 12.4389234], [107.603396, 12.447297], [107.6048961, 12.4518936], [107.6133639, 12.4585827], [107.6170519, 12.4566472], [107.6191708, 12.450584], [107.6215201, 12.4511647], [107.6268178, 12.455652], [107.6300338, 12.453651], [107.6296449, 12.4474803], [107.6348283, 12.4461643], [107.6394859, 12.4525169], [107.6319382, 12.4538579], [107.6303261, 12.4574251], [107.634204, 12.4608564], [107.6371286, 12.4719401], [107.6396909, 12.4781775], [107.6465803, 12.4875216], [107.6474762, 12.4920625], [107.6446416, 12.4967347], [107.6438347, 12.5035184], [107.6482398, 12.5064156], [107.6483724, 12.5173795], [107.6501527, 12.5230514], [107.6526651, 12.5234198], [107.653421, 12.5321704], [107.6590085, 12.5327975], [107.6614264, 12.5346942], [107.6640128, 12.5350633], [107.6639523, 12.53951], [107.6664612, 12.5418946], [107.6651978, 12.5469147], [107.6671126, 12.5502987], [107.6727231, 12.554642], [107.6762134, 12.5551709], [107.6808266, 12.5602532], [107.6853397, 12.5600159], [107.6865721, 12.5691275], [107.6892851, 12.5686195], [107.6954038, 12.5779779], [107.6907996, 12.5855114], [107.6895654, 12.5943766], [107.6917338, 12.5993133], [107.6949019, 12.6023296], [107.6929796, 12.6054394], [107.6948654, 12.6196494], [107.6967391, 12.6222903], [107.6958458, 12.6287791], [107.6920462, 12.6279097], [107.682656, 12.6291783], [107.6774633, 12.6319213], [107.6751029, 12.6366009], [107.6656401, 12.6371558], [107.6600516, 12.6411891], [107.6575023, 12.6449445], [107.6532668, 12.6456775], [107.6506205, 12.648884], [107.6433367, 12.651182], [107.6405009, 12.6575076], [107.6366786, 12.6572724], [107.6343791, 12.6602933], [107.6331753, 12.6658977], [107.6362189, 12.6710396], [107.6347625, 12.6795171], [107.6308925, 12.6834417], [107.6304726, 12.6874733], [107.6274469, 12.6893749], [107.6242756, 12.6885716], [107.6211636, 12.6916037], [107.621317, 12.695155], [107.6040497, 12.6928189], [107.5956221, 12.6924296], [107.5935387, 12.6906378], [107.587973, 12.6945839], [107.5832438, 12.6950801], [107.5792019, 12.7006265], [107.5694318, 12.6962967], [107.5708348, 12.6919286], [107.5751799, 12.6912064], [107.578817, 12.6838586], [107.5796767, 12.6787758], [107.5764835, 12.6752494], [107.5762464, 12.6701518], [107.5710332, 12.668032], [107.571495, 12.6613861], [107.5699161, 12.65806], [107.5709969, 12.6529609], [107.5732714, 12.6489459], [107.5695593, 12.6481957], [107.5692545, 12.6429453], [107.5723592, 12.6399612], [107.5715915, 12.634771], [107.5739288, 12.6303767], [107.5730834, 12.6259547], [107.5789243, 12.6224936], [107.582594, 12.615316], [107.5808555, 12.6093435], [107.5858558, 12.5973355], [107.5812685, 12.5913658], [107.5814088, 12.5879344], [107.5795519, 12.5817325], [107.5808976, 12.5788315], [107.5799571, 12.5750231], [107.5831115, 12.569885], [107.5835136, 12.5663689], [107.5899482, 12.5587924], [107.5885875, 12.5550777], [107.5836475, 12.5520573], [107.5819579, 12.5483193], [107.5781459, 12.5457977], [107.5756874, 12.5406306], [107.5775524, 12.5363759], [107.5757159, 12.5328135], [107.5710492, 12.5293597], [107.5685275, 12.5299666], [107.5629127, 12.5229221], [107.562521, 12.5165838], [107.5694641, 12.512015], [107.5672392, 12.5078892], [107.5709346, 12.5017097], [107.5807768, 12.4967917], [107.5784878, 12.4926247], [107.5793722, 12.4900696], [107.5767748, 12.4864433], [107.5777964, 12.4824346], [107.5757991, 12.4784519], [107.5685555, 12.4755284], [107.5659898, 12.4709986], [107.5674905, 12.466133], [107.5651243, 12.4593684], [107.5677448, 12.4546829], [107.5656223, 12.4490563], [107.562131, 12.4476244], [107.559789, 12.4413263], [107.5555279, 12.4346331], [107.5539728, 12.4248401], [107.5510818, 12.4207465], [107.5421194, 12.4110773], [107.5454476, 12.4055088], [107.5443145, 12.3982698], [107.5460934, 12.3926121], [107.5541648, 12.3798173], [107.5536439, 12.3773628], [107.5494448, 12.3740156], [107.5446983, 12.3730375], [107.5472776, 12.3670929], [107.5469474, 12.359725], [107.5482415, 12.3593975], [107.5528049, 12.3510433], [107.5532162, 12.347333], [107.5576061, 12.3453576], [107.5651771, 12.3463964], [107.573458, 12.3418098], [107.5856522, 12.3384468], [107.5884913, 12.3421155], [107.5932245, 12.3439947]]]}, "properties": {"new_ward_code": "1005976", "name": "Xã Thuận An"}}, {"type": "Feature", "geometry": {"type": "Polygon", "coordinates": [[[107.8686077, 12.5471256], [107.8627986, 12.5487147], [107.8583622, 12.551537], [107.8557122, 12.5585993], [107.8449876, 12.5581494], [107.8428153, 12.5606195], [107.8252664, 12.5695856], [107.8101696, 12.5787547], [107.8036612, 12.5743423], [107.8000228, 12.5761225], [107.797696, 12.5749628], [107.7945524, 12.5775832], [107.7927688, 12.5738151], [107.7898371, 12.5779367], [107.7828419, 12.5804347], [107.7806237, 12.585345], [107.777469, 12.5856006], [107.7747265, 12.581739], [107.7709031, 12.5795975], [107.7694383, 12.5834795], [107.7626771, 12.5871146], [107.7620092, 12.5979492], [107.7554408, 12.5987911], [107.7501941, 12.6007318], [107.7482228, 12.6039049], [107.7362841, 12.6120215], [107.7280346, 12.6140968], [107.7217966, 12.6136715], [107.7131429, 12.6168509], [107.707901, 12.6199966], [107.7034806, 12.6255658], [107.6958458, 12.6287791], [107.6967391, 12.6222903], [107.6948654, 12.6196494], [107.6929796, 12.6054394], [107.6949019, 12.6023296], [107.6917338, 12.5993133], [107.6895654, 12.5943766], [107.6907996, 12.5855114], [107.6954038, 12.5779779], [107.6892851, 12.5686195], [107.6865721, 12.5691275], [107.6853397, 12.5600159], [107.6808266, 12.5602532], [107.6762134, 12.5551709], [107.6727231, 12.554642], [107.6671126, 12.5502987], [107.6651978, 12.5469147], [107.6664612, 12.5418946], [107.6639523, 12.53951], [107.6640128, 12.5350633], [107.6614264, 12.5346942], [107.6620603, 12.5320265], [107.6661826, 12.5289095], [107.6658413, 12.5240952], [107.6679629, 12.5198661], [107.6660325, 12.5117504], [107.6691435, 12.5045239], [107.6723376, 12.5042209], [107.6758317, 12.4981727], [107.6730806, 12.4960481], [107.6739496, 12.4921725], [107.6770663, 12.4890719], [107.6772809, 12.4835987], [107.6883695, 12.4813303], [107.6903236, 12.4778162], [107.6903969, 12.4712874], [107.6990363, 12.4763078], [107.7045138, 12.4766802], [107.710104, 12.4740261], [107.7141462, 12.4790849], [107.7205691, 12.4791388], [107.7237137, 12.482184], [107.7307154, 12.4824835], [107.7349806, 12.4812732], [107.7356551, 12.4844], [107.7401091, 12.4882823], [107.7492403, 12.4881383], [107.7554918, 12.4936886], [107.7643594, 12.4924707], [107.7716151, 12.4962618], [107.7744117, 12.5025842], [107.7831713, 12.5056034], [107.7859336, 12.5007151], [107.79286, 12.5003427], [107.7962709, 12.5027132], [107.799682, 12.5009169], [107.7997277, 12.4976195], [107.8081512, 12.4924579], [107.8148434, 12.491578], [107.8150051, 12.4966886], [107.8169339, 12.5019231], [107.8219228, 12.5016076], [107.8295392, 12.5033502], [107.8307583, 12.5001234], [107.836183, 12.4992376], [107.8408715, 12.5009422], [107.8434826, 12.5035595], [107.843286, 12.5079835], [107.8497312, 12.5142225], [107.8536169, 12.5152128], [107.8527933, 12.5186161], [107.848067, 12.5207377], [107.8473839, 12.5259179], [107.8526217, 12.5265789], [107.8571017, 12.5315908], [107.8612362, 12.5328202], [107.8686077, 12.5471256]]]}, "properties": {"new_ward_code": "1005977", "name": "Xã Đắk Mil"}}, {"type": "Feature", "geometry": {"type": "Polygon", "coordinates": [[[107.911301, 12.6899739], [107.9117972, 12.6944981], [107.9051547, 12.7014115], [107.9006841, 12.707216], [107.8964032, 12.7110218], [107.8957272, 12.7133526], [107.8971301, 12.721431], [107.8993706, 12.7242556], [107.9123497, 12.7344041], [107.9056549, 12.7442514], [107.8889718, 12.7471755], [107.8827525, 12.748448], [107.8785631, 12.7504316], [107.8613999, 12.7556964], [107.8557723, 12.7636086], [107.8569213, 12.7698861], [107.853772, 12.7782552], [107.85395, 12.782137], [107.8643274, 12.7957944], [107.8583642, 12.8023889], [107.8561297, 12.8064482], [107.8489959, 12.8120419], [107.8430621, 12.8105295], [107.837229, 12.8051874], [107.8276276, 12.8012702], [107.8239776, 12.8019056], [107.8198452, 12.7955677], [107.818222, 12.7898921], [107.8115469, 12.7883189], [107.8112768, 12.7850325], [107.8057638, 12.7833534], [107.8030363, 12.7800715], [107.7946163, 12.7805354], [107.78601, 12.7787697], [107.7698815, 12.7788238], [107.76537, 12.7807124], [107.761391, 12.7786215], [107.749981, 12.7804379], [107.7439429, 12.7847295], [107.7317405, 12.781076], [107.723813, 12.7857732], [107.7140969, 12.7869849], [107.7071017, 12.7871], [107.7038269, 12.7883856], [107.685431, 12.7898022], [107.6788847, 12.7914576], [107.6778694, 12.7931503], [107.6692128, 12.7961292], [107.6647056, 12.79594], [107.6577397, 12.7983365], [107.6494484, 12.7964424], [107.6396602, 12.7966575], [107.6378232, 12.8004336], [107.6337422, 12.8040573], [107.624582, 12.8011985], [107.6222169, 12.7996861], [107.6143352, 12.7990515], [107.6078117, 12.7950515], [107.6023869, 12.7980073], [107.6010425, 12.8022471], [107.5951973, 12.7999976], [107.5898838, 12.7948528], [107.5789672, 12.7959775], [107.5756992, 12.7978582], [107.5703678, 12.7977346], [107.5602888, 12.7954582], [107.5631249, 12.7879574], [107.5601246, 12.7865008], [107.5593832, 12.7799169], [107.562265, 12.7750949], [107.5597493, 12.7698644], [107.5588915, 12.762165], [107.5601476, 12.75333], [107.5600523, 12.7462449], [107.5644779, 12.7465274], [107.5633023, 12.7399177], [107.5637568, 12.7362913], [107.5675077, 12.7319629], [107.566853, 12.7265861], [107.561595, 12.7173102], [107.5591426, 12.7151471], [107.5600499, 12.7075315], [107.5630199, 12.7039584], [107.5676391, 12.702598], [107.5694318, 12.6962967], [107.5792019, 12.7006265], [107.5832438, 12.6950801], [107.587973, 12.6945839], [107.5935387, 12.6906378], [107.5956221, 12.6924296], [107.6040497, 12.6928189], [107.621317, 12.695155], [107.6211636, 12.6916037], [107.6242756, 12.6885716], [107.6274469, 12.6893749], [107.6304726, 12.6874733], [107.6308925, 12.6834417], [107.6347625, 12.6795171], [107.6362189, 12.6710396], [107.6331753, 12.6658977], [107.6343791, 12.6602933], [107.6366786, 12.6572724], [107.6405009, 12.6575076], [107.6433367, 12.651182], [107.6506205, 12.648884], [107.6532668, 12.6456775], [107.6575023, 12.6449445], [107.6600516, 12.6411891], [107.6656401, 12.6371558], [107.6751029, 12.6366009], [107.6774633, 12.6319213], [107.682656, 12.6291783], [107.6920462, 12.6279097], [107.6958458, 12.6287791], [107.7034806, 12.6255658], [107.707901, 12.6199966], [107.7131429, 12.6168509], [107.7217966, 12.6136715], [107.7280346, 12.6140968], [107.7362841, 12.6120215], [107.7482228, 12.6039049], [107.7495923, 12.6051229], [107.7521789, 12.6128981], [107.7518865, 12.6202008], [107.7543126, 12.6225577], [107.7535891, 12.6261244], [107.7590829, 12.6328425], [107.7611262, 12.6440269], [107.7597382, 12.6471311], [107.7612623, 12.6538506], [107.7586104, 12.6545782], [107.7591112, 12.6590006], [107.7580583, 12.6684141], [107.7640879, 12.6719731], [107.7755892, 12.6741084], [107.7807069, 12.6712953], [107.791028, 12.6687281], [107.7954215, 12.6743099], [107.8015155, 12.6756681], [107.8202858, 12.6704798], [107.8478551, 12.6816573], [107.8572196, 12.6799937], [107.8643235, 12.6762838], [107.8693546, 12.6758865], [107.8781059, 12.6723708], [107.8844333, 12.671099], [107.890113, 12.6679448], [107.9074876, 12.66983], [107.9043138, 12.6724598], [107.9067331, 12.6784053], [107.9061028, 12.6811869], [107.911301, 12.6899739]]]}, "properties": {"new_ward_code": "1005964", "name": "Xã Đắk Wil"}}, {"type": "Feature", "geometry": {"type": "Polygon", "coordinates": [[[107.9074876, 12.66983], [107.890113, 12.6679448], [107.8844333, 12.671099], [107.8781059, 12.6723708], [107.8693546, 12.6758865], [107.8643235, 12.6762838], [107.8572196, 12.6799937], [107.8478551, 12.6816573], [107.8202858, 12.6704798], [107.8015155, 12.6756681], [107.7954215, 12.6743099], [107.791028, 12.6687281], [107.7807069, 12.6712953], [107.7755892, 12.6741084], [107.7640879, 12.6719731], [107.7580583, 12.6684141], [107.7591112, 12.6590006], [107.7586104, 12.6545782], [107.7612623, 12.6538506], [107.7597382, 12.6471311], [107.7611262, 12.6440269], [107.7590829, 12.6328425], [107.7535891, 12.6261244], [107.7543126, 12.6225577], [107.7518865, 12.6202008], [107.7521789, 12.6128981], [107.7495923, 12.6051229], [107.7482228, 12.6039049], [107.7501941, 12.6007318], [107.7554408, 12.5987911], [107.7620092, 12.5979492], [107.7659376, 12.5992701], [107.7651267, 12.6087626], [107.7701261, 12.6103431], [107.7731323, 12.6087886], [107.7804708, 12.6101602], [107.7854222, 12.6158454], [107.7895334, 12.614494], [107.7936834, 12.6177011], [107.796772, 12.6142348], [107.8051592, 12.6121221], [107.8115845, 12.6162328], [107.8150934, 12.6167342], [107.8183454, 12.61409], [107.8236195, 12.6138797], [107.8275744, 12.6151997], [107.8280921, 12.6175587], [107.8343219, 12.6181063], [107.837476, 12.6157023], [107.8430752, 12.6175583], [107.845693, 12.6160961], [107.851207, 12.6198461], [107.8543686, 12.6253677], [107.858467, 12.6266353], [107.8682344, 12.6213599], [107.8665515, 12.6179968], [107.8713226, 12.6122909], [107.884157, 12.6182194], [107.8854328, 12.6225877], [107.8925035, 12.6253585], [107.8967548, 12.6284692], [107.896422, 12.631573], [107.9047416, 12.6344964], [107.9077229, 12.6391553], [107.9096009, 12.6380421], [107.913496, 12.6423591], [107.9102061, 12.6460462], [107.9067331, 12.6467818], [107.9043734, 12.6507437], [107.9068458, 12.654094], [107.913021, 12.6563706], [107.9147157, 12.6591192], [107.9139014, 12.6641339], [107.9074876, 12.66983]]]}, "properties": {"new_ward_code": "1005963", "name": "Xã Nam Dong"}}, {"type": "Feature", "geometry": {"type": "Polygon", "coordinates": [[[107.9102061, 12.6460462], [107.913496, 12.6423591], [107.9096009, 12.6380421], [107.9077229, 12.6391553], [107.9047416, 12.6344964], [107.896422, 12.631573], [107.8967548, 12.6284692], [107.8925035, 12.6253585], [107.8854328, 12.6225877], [107.884157, 12.6182194], [107.8713226, 12.6122909], [107.8665515, 12.6179968], [107.8682344, 12.6213599], [107.858467, 12.6266353], [107.8543686, 12.6253677], [107.851207, 12.6198461], [107.845693, 12.6160961], [107.8430752, 12.6175583], [107.837476, 12.6157023], [107.8343219, 12.6181063], [107.8280921, 12.6175587], [107.8275744, 12.6151997], [107.8236195, 12.6138797], [107.8183454, 12.61409], [107.8150934, 12.6167342], [107.8115845, 12.6162328], [107.8051592, 12.6121221], [107.796772, 12.6142348], [107.7936834, 12.6177011], [107.7895334, 12.614494], [107.7854222, 12.6158454], [107.7804708, 12.6101602], [107.7731323, 12.6087886], [107.7701261, 12.6103431], [107.7651267, 12.6087626], [107.7659376, 12.5992701], [107.7620092, 12.5979492], [107.7626771, 12.5871146], [107.7694383, 12.5834795], [107.7709031, 12.5795975], [107.7747265, 12.581739], [107.777469, 12.5856006], [107.7806237, 12.585345], [107.7828419, 12.5804347], [107.7898371, 12.5779367], [107.7927688, 12.5738151], [107.7945524, 12.5775832], [107.797696, 12.5749628], [107.8000228, 12.5761225], [107.8036612, 12.5743423], [107.8101696, 12.5787547], [107.8252664, 12.5695856], [107.8428153, 12.5606195], [107.8449876, 12.5581494], [107.8557122, 12.5585993], [107.8583622, 12.551537], [107.8627986, 12.5487147], [107.8686077, 12.5471256], [107.8714514, 12.5510946], [107.8735775, 12.5493011], [107.885732, 12.5524381], [107.8877973, 12.5507571], [107.8927548, 12.5515936], [107.8954789, 12.5526506], [107.8952359, 12.5575769], [107.8921044, 12.5601478], [107.8931027, 12.564689], [107.8956884, 12.5670873], [107.902461, 12.5691608], [107.9081498, 12.5751559], [107.9158415, 12.5790647], [107.9297841, 12.581455], [107.9341085, 12.5866577], [107.9343873, 12.5979179], [107.9287499, 12.6004498], [107.9280002, 12.6058155], [107.9292834, 12.6130043], [107.9273661, 12.6180352], [107.9203746, 12.6200731], [107.9228425, 12.6291365], [107.921834, 12.6329577], [107.9190744, 12.6353117], [107.9211259, 12.6411025], [107.9195058, 12.6472372], [107.9161952, 12.6478451], [107.9102061, 12.6460462]]]}, "properties": {"new_ward_code": "1005962", "name": "Xã Cư Jút"}}, {"type": "Feature", "geometry": {"type": "MultiPolygon", "coordinates": [[[[112.9171964, 7.8925281], [112.922759, 7.890461], [112.930869, 7.897316], [112.9348934, 7.9025652], [112.9326162, 7.9034366], [112.9294301, 7.8992307], [112.9247939, 7.8965242], [112.919181, 7.896901], [112.9171964, 7.8925281]]], [[[113.3574262, 8.2831151], [113.3539162, 8.2754823], [113.3456868, 8.2597499], [113.3488664, 8.2499399], [113.3480013, 8.2383244], [113.342108, 8.2246614], [113.3343166, 8.2159768], [113.3280738, 8.2102891], [113.3218621, 8.2066508], [113.314283, 8.1997321], [113.3081467, 8.1969366], [113.3024217, 8.1919376], [113.2941198, 8.1806471], [113.2876966, 8.1695465], [113.2855092, 8.1632916], [113.2788083, 8.1483411], [113.2746072, 8.1353492], [113.2719956, 8.1300237], [113.267125, 8.1237036], [113.2568471, 8.1146121], [113.2532516, 8.1060525], [113.2498906, 8.1014579], [113.2421663, 8.0970788], [113.2304732, 8.086246], [113.2235687, 8.076829], [113.2228864, 8.072687], [113.2278502, 8.0714109], [113.2362956, 8.0756634], [113.2405754, 8.0790601], [113.2664407, 8.1037972], [113.2760918, 8.1157687], [113.2859121, 8.1252961], [113.3022138, 8.1418227], [113.3165514, 8.1575709], [113.3267645, 8.1704024], [113.3372765, 8.1895109], [113.3440503, 8.1988678], [113.3520459, 8.2171767], [113.3567104, 8.2319159], [113.3625196, 8.2665982], [113.3638379, 8.2786105], [113.3634574, 8.2843307], [113.3593778, 8.2860315], [113.3574262, 8.2831151]]], [[[111.9165578, 8.6386918], [111.91967, 8.640152], [111.9290676, 8.6520072], [111.9293019, 8.6543664], [111.9242467, 8.6565608], [111.9179838, 8.6525466], [111.9137385, 8.6414117], [111.9165578, 8.6386918]]], [[[111.6600609, 8.6598784], [111.6742444, 8.6583934], [111.6791457, 8.6591881], [111.6910886, 8.665118], [111.6963672, 8.6691059], [111.6993094, 8.6739053], [111.6997146, 8.6802423], [111.6950798, 8.6827453], [111.6911101, 8.6828938], [111.6829777, 8.6800939], [111.6723623, 8.6726795], [111.6662621, 8.6711847], [111.6548466, 8.670909], [111.6487098, 8.6692756], [111.6434955, 8.6655422], [111.6431308, 8.6621269], [111.6487118, 8.6585361], [111.6600609, 8.6598784]]], [[[114.169652, 8.6952998], [114.171687, 8.6920414], [114.1725044, 8.6862102], [114.1794384, 8.6733229], [114.1820316, 8.6732113], [114.1964551, 8.6822999], [114.202893, 8.6895329], [114.2079921, 8.6918683], [114.2075517, 8.6976734], [114.19918, 8.7055134], [114.1966266, 8.7120987], [114.1963937, 8.7162492], [114.19933, 8.7317766], [114.1987427, 8.7391774], [114.1947787, 8.7444013], [114.1896402, 8.7468681], [114.1773077, 8.7512213], [114.1696734, 8.7567353], [114.1642338, 8.7570344], [114.1568606, 8.7507634], [114.1575108, 8.7456082], [114.1628195, 8.7379202], [114.1641685, 8.7330882], [114.1677648, 8.7280037], [114.1706412, 8.7211815], [114.1709349, 8.7160013], [114.1690802, 8.7104036], [114.1704729, 8.7048839], [114.169652, 8.6952998]]], [[[114.0256436, 8.7762871], [114.0350736, 8.7756728], [114.0408049, 8.7707485], [114.0462902, 8.7684276], [114.0579394, 8.7686296], [114.062129, 8.7704811], [114.0622653, 8.7733425], [114.0567472, 8.7817583], [114.0575988, 8.7904768], [114.0561682, 8.7954251], [114.0508205, 8.8010128], [114.0407722, 8.80209], [114.0342664, 8.812592], [114.0332445, 8.8232956], [114.0292933, 8.8257191], [114.0198582, 8.8248103], [114.0091286, 8.8317439], [113.9992847, 8.8336961], [113.993903, 8.832619], [113.9828669, 8.8362877], [113.9551971, 8.8368815], [113.9462271, 8.8347716], [113.9405426, 8.8351128], [113.9348159, 8.8371157], [113.9283763, 8.8414763], [113.9190674, 8.840885], [113.9091831, 8.8442557], [113.9063363, 8.8435704], [113.8998504, 8.8322149], [113.8943439, 8.8272396], [113.8944081, 8.8252478], [113.9022764, 8.8199971], [113.9136871, 8.8143086], [113.9303171, 8.8081894], [113.945443, 8.8021428], [113.9522452, 8.797613], [113.9663128, 8.7898372], [113.9777755, 8.7872619], [113.9849234, 8.7841367], [113.9893046, 8.7778534], [113.9982629, 8.7739485], [114.0111786, 8.7747282], [114.0182572, 8.7766752], [114.0256436, 8.7762871]]], [[[112.5526678, 8.8171082], [112.5540443, 8.8111243], [112.5584298, 8.8075968], [112.5708879, 8.8047774], [112.5829943, 8.8054991], [112.5891768, 8.8068087], [112.5952854, 8.8107553], [112.6150336, 8.8149541], [112.6247226, 8.8157604], [112.6377771, 8.814551], [112.6435905, 8.8160627], [112.6534133, 8.816635], [112.6598766, 8.8195711], [112.6638975, 8.8226966], [112.6628435, 8.8247035], [112.6502803, 8.8312389], [112.6364238, 8.8359594], [112.6235769, 8.838628], [112.6152033, 8.8426399], [112.598971, 8.8431048], [112.5928568, 8.8447449], [112.5861471, 8.8446644], [112.5790414, 8.8422078], [112.5599314, 8.8423292], [112.549319, 8.8454016], [112.5449567, 8.8425497], [112.5451736, 8.8323931], [112.5459244, 8.8297206], [112.5521067, 8.8203122], [112.5526678, 8.8171082]]], [[[112.2670773, 8.8782405], [112.2653392, 8.8857878], [112.2610048, 8.889201], [112.2558978, 8.8910666], [112.2514132, 8.8909606], [112.2452977, 8.8891798], [112.2395042, 8.886127], [112.2087339, 8.8806361], [112.1914819, 8.8708626], [112.1861389, 8.8646507], [112.180045, 8.8544527], [112.1798948, 8.8492158], [112.1837786, 8.8451448], [112.1942499, 8.8419645], [112.2042278, 8.8404167], [112.2093919, 8.8387409], [112.2159041, 8.8332852], [112.2241136, 8.8324818], [112.2273806, 8.833971], [112.2414783, 8.8471167], [112.2567133, 8.860686], [112.2657469, 8.8736187], [112.2670773, 8.8782405]]], [[[112.3541307, 8.9288898], [112.357285, 8.9320059], [112.3567915, 8.9355882], [112.3535728, 8.9377715], [112.348659, 8.9366269], [112.3431873, 8.9336805], [112.3419213, 8.9285083], [112.3460197, 8.925689], [112.3497963, 8.9258586], [112.3541307, 8.9288898]]], [[[113.6931431, 8.9595498], [113.6979844, 8.9654551], [113.7057106, 8.9692466], [113.7107224, 8.9751705], [113.709887, 8.9788447], [113.7040475, 8.9783076], [113.692272, 8.9707557], [113.6872743, 8.966411], [113.6734081, 8.9648602], [113.6677126, 8.9629213], [113.6601364, 8.9642846], [113.6545052, 8.9633575], [113.6383548, 8.9507121], [113.6367598, 8.9479416], [113.6369054, 8.9402256], [113.6407637, 8.9399076], [113.6522328, 8.9445794], [113.6634515, 8.9467206], [113.6705939, 8.9463367], [113.6817154, 8.9480066], [113.69183, 8.9557539], [113.6931431, 8.9595498]]], [[[113.8499387, 9.9944616], [113.8528158, 9.9964528], [113.8572481, 10.0022731], [113.8584146, 10.0060256], [113.8591144, 10.0159046], [113.857948, 10.0208823], [113.8580866, 10.0287061], [113.8591144, 10.0344206], [113.8556929, 10.040792], [113.8559262, 10.0453099], [113.8597365, 10.0524311], [113.8610584, 10.056719], [113.8630529, 10.0861806], [113.8641574, 10.0899523], [113.8641688, 10.1006672], [113.8685234, 10.114218], [113.8672982, 10.1227507], [113.8605574, 10.1267244], [113.856028, 10.1238048], [113.8553594, 10.1138792], [113.8561675, 10.1068984], [113.8559327, 10.0987698], [113.8546043, 10.0921691], [113.8486993, 10.0798415], [113.8479641, 10.0726278], [113.8450394, 10.063346], [113.8444605, 10.0516272], [113.8455784, 10.0248241], [113.8434845, 10.0132243], [113.8428259, 10.0009724], [113.8442615, 9.996314], [113.8499387, 9.9944616]]], [[[114.6438653, 8.8335894], [114.6506253, 8.8383274], [114.6633711, 8.8505613], [114.6700278, 8.8560505], [114.6756449, 8.8591693], [114.6781768, 8.862513], [114.6833268, 8.8727593], [114.6827474, 8.8773811], [114.6786919, 8.8778899], [114.6693364, 8.8761726], [114.6620622, 8.8758122], [114.6463981, 8.8694096], [114.6398981, 8.8657973], [114.6363597, 8.8621952], [114.6368494, 8.8434373], [114.6359053, 8.8369705], [114.6401125, 8.8331656], [114.6438653, 8.8335894]]], [[[114.258972, 9.7604632], [114.2648733, 9.7641894], [114.2657374, 9.7673082], [114.2588386, 9.7752816], [114.2556607, 9.7806945], [114.2509031, 9.7770062], [114.2501767, 9.7700414], [114.258972, 9.7604632]]], [[[114.3848526, 9.7806116], [114.3900186, 9.7825834], [114.3869234, 9.7858345], [114.381119, 9.7820918], [114.3790912, 9.7790996], [114.371903, 9.7823349], [114.3659163, 9.7825464], [114.362011, 9.7788036], [114.3631267, 9.7742466], [114.3781417, 9.7765039], [114.3848526, 9.7806116]]], [[[114.3260747, 9.8828885], [114.3328017, 9.8811868], [114.3359828, 9.8824235], [114.3357038, 9.8865668], [114.3315691, 9.8897453], [114.3240738, 9.8890929], [114.3230116, 9.8869261], [114.3260747, 9.8828885]]], [[[114.5607742, 9.904018], [114.5625042, 9.8978536], [114.5671776, 9.8996409], [114.5663644, 9.904872], [114.5628397, 9.907573], [114.5607742, 9.904018]]], [[[114.3724883, 10.1763525], [114.3760073, 10.1812946], [114.3742239, 10.1824528], [114.3630015, 10.1853673], [114.3515646, 10.1849449], [114.3447625, 10.1823049], [114.3462431, 10.1791581], [114.3575942, 10.1786512], [114.3653404, 10.1769405], [114.3690121, 10.1740082], [114.3724883, 10.1763525]]], [[[114.4763759, 10.3834589], [114.4753788, 10.3749199], [114.4784289, 10.3710542], [114.4823001, 10.3700156], [114.4871099, 10.3727274], [114.4851156, 10.3800548], [114.4787808, 10.3842666], [114.4763759, 10.3834589]]], [[[114.5914796, 10.4099234], [114.5882523, 10.412017], [114.5816133, 10.4112277], [114.5752447, 10.4056392], [114.577678, 10.4014478], [114.5874627, 10.4007724], [114.5899518, 10.4022244], [114.5914796, 10.4099234]]], [[[114.2949235, 11.3776294], [114.2967153, 11.3760832], [114.305588, 11.3770088], [114.309386, 11.3796383], [114.3091714, 11.3825413], [114.3046653, 11.3872217], [114.3058562, 11.3959512], [114.2989683, 11.3943525], [114.2962968, 11.3894409], [114.2949235, 11.3776294]]], [[[114.3323135, 11.4356828], [114.3281615, 11.4323966], [114.3266702, 11.4255822], [114.3321955, 11.425782], [114.3353712, 11.4303722], [114.3351835, 11.4354883], [114.3323135, 11.4356828]]]]}, "properties": {"new_ward_code": "1005824", "name": "Đặc khu Trường Sa"}}, {"type": "Feature", "geometry": {"type": "Polygon", "coordinates": [[[108.9401821, 11.5962709], [108.9338583, 11.5893799], [108.9361194, 11.5830659], [108.9427005, 11.5797804], [108.9499971, 11.5891461], [108.9555544, 11.589918], [108.9607125, 11.5884734], [108.9642692, 11.5859326], [108.9680618, 11.576891], [108.974196, 11.5708053], [108.9810792, 11.5690451], [108.9876147, 11.587731], [108.9902351, 11.5866263], [108.9959848, 11.5879013], [108.996508, 11.5944701], [108.9947857, 11.5971869], [108.9955088, 11.602341], [108.9987954, 11.6046526], [108.9983069, 11.6096625], [108.9935254, 11.6151981], [108.9919576, 11.6135626], [108.98682, 11.6162618], [108.9829078, 11.6164369], [108.9784889, 11.620317], [108.9761782, 11.6172724], [108.9720529, 11.6177059], [108.9669594, 11.62356], [108.964019, 11.6220218], [108.9645777, 11.6168335], [108.9616077, 11.6132713], [108.9666902, 11.6077296], [108.9669471, 11.5991506], [108.9657544, 11.5975388], [108.9578136, 11.597204], [108.9540257, 11.5958671], [108.9525163, 11.5931718], [108.9480928, 11.5920064], [108.9437618, 11.5932933], [108.9401821, 11.5962709]]]}, "properties": {"new_ward_code": "1005861", "name": "Phường Bảo An"}}, {"type": "Feature", "geometry": {"type": "Polygon", "coordinates": [[[108.964019, 11.6220218], [108.9596947, 11.6213735], [108.9550229, 11.6235876], [108.9725945, 11.647366], [108.962592, 11.6584413], [108.9497477, 11.6726627], [108.9464486, 11.6746721], [108.9209086, 11.6823788], [108.9122799, 11.6715778], [108.9056012, 11.6683128], [108.9020734, 11.6637451], [108.8883603, 11.6530968], [108.8784147, 11.6392916], [108.8754378, 11.6369941], [108.8708559, 11.6307525], [108.8724317, 11.6256777], [108.8802239, 11.6282243], [108.8878414, 11.6244519], [108.8952988, 11.618052], [108.8981205, 11.6169755], [108.9042345, 11.6175104], [108.9075404, 11.6163817], [108.9151749, 11.6114218], [108.9229322, 11.6113332], [108.9268816, 11.6064822], [108.9276946, 11.6033212], [108.9332843, 11.6008094], [108.938477, 11.6028037], [108.9405543, 11.6010541], [108.9401821, 11.5962709], [108.9437618, 11.5932933], [108.9480928, 11.5920064], [108.9525163, 11.5931718], [108.9540257, 11.5958671], [108.9578136, 11.597204], [108.9657544, 11.5975388], [108.9669471, 11.5991506], [108.9666902, 11.6077296], [108.9616077, 11.6132713], [108.9645777, 11.6168335], [108.964019, 11.6220218]]]}, "properties": {"new_ward_code": "1005864", "name": "Phường Đô Vinh"}}, {"type": "Feature", "geometry": {"type": "Polygon", "coordinates": [[[109.0008895, 11.5778029], [108.9980831, 11.5743727], [108.9982087, 11.5654321], [109.0010099, 11.5651271], [109.0011257, 11.5580829], [109.0067251, 11.5560862], [109.0079216, 11.5525425], [109.00454, 11.5481148], [109.0034151, 11.5421624], [109.0075474, 11.5422326], [109.0180384, 11.5448244], [109.0221834, 11.5441329], [109.027919, 11.5363206], [109.0349578, 11.5499943], [109.0307425, 11.5517596], [109.0265747, 11.5584705], [109.0245407, 11.5682416], [109.0261686, 11.5752189], [109.0146199, 11.5782709], [109.0084864, 11.57857], [109.0073216, 11.5803358], [109.0008895, 11.5778029]]]}, "properties": {"new_ward_code": "1005865", "name": "Phường Đông Hải"}}, {"type": "Feature", "geometry": {"type": "Polygon", "coordinates": [[[108.9810792, 11.5690451], [108.9836213, 11.5674603], [108.9852434, 11.5632792], [108.98364, 11.558664], [108.9853674, 11.5548613], [108.9800701, 11.5541222], [108.9773127, 11.5586007], [108.9720315, 11.5524877], [108.9722025, 11.5503197], [108.9793646, 11.5506699], [108.9874434, 11.545983], [108.99012, 11.5475088], [108.9939666, 11.5467977], [108.9964791, 11.5486405], [109.0001249, 11.5433314], [109.0034151, 11.5421624], [109.00454, 11.5481148], [109.0079216, 11.5525425], [109.0067251, 11.5560862], [109.0011257, 11.5580829], [109.0010099, 11.5651271], [108.9982087, 11.5654321], [108.9980831, 11.5743727], [109.0008895, 11.5778029], [109.0028471, 11.582483], [108.9959848, 11.5879013], [108.9902351, 11.5866263], [108.9876147, 11.587731], [108.9810792, 11.5690451]]]}, "properties": {"new_ward_code": "1005863", "name": "Phường Phan Rang"}}, {"type": "Feature", "geometry": {"type": "Polygon", "coordinates": [[[108.9959848, 11.5879013], [109.0028471, 11.582483], [109.0008895, 11.5778029], [109.0073216, 11.5803358], [109.0084864, 11.57857], [109.0146199, 11.5782709], [109.0261686, 11.5752189], [109.0311775, 11.5837075], [109.0349387, 11.587291], [109.0421893, 11.5889624], [109.0503691, 11.5890111], [109.0449822, 11.594275], [109.0431755, 11.6002008], [109.0395695, 11.6030559], [109.0351346, 11.6044551], [109.0337472, 11.6068804], [109.0283284, 11.6238221], [109.0153844, 11.6178553], [109.0153113, 11.6219498], [109.0129426, 11.6249998], [109.009062, 11.6260736], [109.0021198, 11.6224887], [108.9980167, 11.6138096], [108.9983069, 11.6096625], [108.9987954, 11.6046526], [108.9955088, 11.602341], [108.9947857, 11.5971869], [108.996508, 11.5944701], [108.9959848, 11.5879013]]]}, "properties": {"new_ward_code": "1005862", "name": "Phường Ninh Chử"}}, {"type": "Feature", "geometry": {"type": "Polygon", "coordinates": [[[109.004859, 11.9233024], [109.0192679, 11.9104323], [109.0333629, 11.9097394], [109.0472963, 11.8982919], [109.0753414, 11.9073963], [109.0835096, 11.9152223], [109.0999435, 11.9070578], [109.1101071, 11.9033022], [109.1142126, 11.9029662], [109.1181307, 11.8986198], [109.1271622, 11.8960396], [109.1302942, 11.9037042], [109.129174, 11.906691], [109.134371, 11.9106966], [109.1335061, 11.9127157], [109.1400528, 11.9159141], [109.1384527, 11.9206546], [109.1334339, 11.9258699], [109.1304093, 11.9326457], [109.1335547, 11.9352922], [109.1374784, 11.9331848], [109.1395659, 11.9352626], [109.1398476, 11.9431189], [109.1450217, 11.9502592], [109.141296, 11.9529028], [109.131682, 11.956414], [109.129461, 11.956758], [109.125596, 11.961517], [109.123932, 11.966335], [109.118696, 11.968559], [109.114295, 11.972669], [109.1105684, 11.9723188], [109.1057106, 11.9678338], [109.1043574, 11.960674], [109.094223, 11.957427], [109.08501, 11.955465], [109.0758657, 11.9518033], [109.0684388, 11.9466196], [109.0670642, 11.9433457], [109.0633278, 11.9408359], [109.0623058, 11.9373963], [109.056082, 11.947416], [109.052178, 11.949428], [109.040925, 11.949756], [109.039359, 11.952873], [109.033023, 11.954395], [109.031053, 11.956099], [109.019229, 11.959616], [109.011521, 11.9591], [109.005999, 11.9605707], [109.0046203, 11.9565927], [109.0008652, 11.9513131], [109.0005004, 11.948752], [109.0030217, 11.9399244], [109.0023887, 11.9342456], [109.0001893, 11.9314377], [109.0017021, 11.9269292], [109.004859, 11.9233024]]]}, "properties": {"new_ward_code": "1005825", "name": "Phường Ba Ngòi"}}, {"type": "Feature", "geometry": {"type": "Polygon", "coordinates": [[[109.1450217, 11.9502592], [109.1475737, 11.9498527], [109.1520717, 11.9457525], [109.1599693, 11.9528681], [109.1706826, 11.9569346], [109.1751148, 11.9556207], [109.177611, 11.9530285], [109.1840145, 11.9515526], [109.1878011, 11.9490794], [109.1934163, 11.9629434], [109.196558, 11.9660908], [109.1981485, 11.9743363], [109.2036608, 11.9787865], [109.2035893, 11.9810484], [109.2130483, 11.9785237], [109.2122332, 11.9728897], [109.2139514, 11.9718693], [109.2150728, 11.9662731], [109.214531, 11.9589387], [109.2127669, 11.9547722], [109.2077898, 11.9542914], [109.2060483, 11.9509156], [109.2135104, 11.9455144], [109.215665, 11.9403861], [109.212896, 11.9276088], [109.2054763, 11.9278146], [109.2106349, 11.9190017], [109.2047828, 11.9120962], [109.2042625, 11.9073827], [109.2067785, 11.9042827], [109.2032673, 11.8801769], [109.2137965, 11.8827017], [109.2239338, 11.8799527], [109.2328548, 11.8800865], [109.2398075, 11.8751909], [109.2393597, 11.8703757], [109.2427295, 11.8664468], [109.2487969, 11.8635896], [109.2466325, 11.8561963], [109.2490828, 11.8521146], [109.2518587, 11.8555565], [109.2503137, 11.8599724], [109.2570148, 11.86556], [109.2607958, 11.8645185], [109.2627284, 11.8608553], [109.26623, 11.8630649], [109.2694848, 11.8618901], [109.2760971, 11.8723678], [109.2790987, 11.8737068], [109.2810818, 11.8797318], [109.2769127, 11.882469], [109.268502, 11.8924904], [109.2671777, 11.8982736], [109.2625806, 11.9018227], [109.2585998, 11.9174302], [109.2585527, 11.9251478], [109.2610043, 11.9310054], [109.2648665, 11.9352028], [109.2694263, 11.9366167], [109.2724488, 11.9344562], [109.276851, 11.9453201], [109.279731, 11.9461788], [109.2839231, 11.950497], [109.2826227, 11.9534125], [109.2780181, 11.9507033], [109.2737415, 11.9518193], [109.2700009, 11.9571954], [109.2723863, 11.9711527], [109.2678715, 11.9754678], [109.2657012, 11.9743315], [109.2597835, 11.9791369], [109.2539886, 11.979032], [109.245429, 11.9885514], [109.238584, 11.99913], [109.2279839, 12.0127933], [109.2204051, 12.0250332], [109.2173613, 12.030957], [109.2120807, 12.0288744], [109.1989293, 12.0259337], [109.1916951, 12.0176031], [109.1869641, 12.0185005], [109.1831629, 12.0148112], [109.1699174, 12.0133767], [109.1649309, 12.0106999], [109.149708, 12.0086344], [109.1442721, 12.0060852], [109.142908, 11.9955691], [109.1448469, 11.9892049], [109.1442178, 11.9830231], [109.1422577, 11.9797544], [109.1411857, 11.9710496], [109.137686, 11.963688], [109.131682, 11.956414], [109.141296, 11.9529028], [109.1450217, 11.9502592]]]}, "properties": {"new_ward_code": "1005826", "name": "Phường Bắc Cam Ranh"}}, {"type": "Feature", "geometry": {"type": "Polygon", "coordinates": [[[109.1400528, 11.9159141], [109.1494511, 11.9181667], [109.1535117, 11.9227755], [109.1620847, 11.9133474], [109.1633242, 11.9187718], [109.1665922, 11.9155736], [109.1689773, 11.9202708], [109.1771115, 11.9259868], [109.1822545, 11.932572], [109.1793548, 11.9355939], [109.1830892, 11.9386219], [109.1845681, 11.942809], [109.1871443, 11.9441176], [109.1878011, 11.9490794], [109.1840145, 11.9515526], [109.177611, 11.9530285], [109.1751148, 11.9556207], [109.1706826, 11.9569346], [109.1599693, 11.9528681], [109.1520717, 11.9457525], [109.1475737, 11.9498527], [109.1450217, 11.9502592], [109.1398476, 11.9431189], [109.1395659, 11.9352626], [109.1374784, 11.9331848], [109.1335547, 11.9352922], [109.1304093, 11.9326457], [109.1334339, 11.9258699], [109.1384527, 11.9206546], [109.1400528, 11.9159141]]]}, "properties": {"new_ward_code": "1005828", "name": "Phường Cam Ranh"}}, {"type": "Feature", "geometry": {"type": "Polygon", "coordinates": [[[109.134371, 11.9106966], [109.1411502, 11.9090534], [109.1401279, 11.9059718], [109.1443835, 11.9023086], [109.1468688, 11.8955183], [109.1540881, 11.8970534], [109.1564314, 11.9014763], [109.1510871, 11.90445], [109.1590236, 11.9104824], [109.1626607, 11.9057365], [109.1652048, 11.9057019], [109.1673722, 11.9102407], [109.1620847, 11.9133474], [109.1535117, 11.9227755], [109.1494511, 11.9181667], [109.1400528, 11.9159141], [109.1335061, 11.9127157], [109.134371, 11.9106966]]]}, "properties": {"new_ward_code": "1005827", "name": "Phường Cam Linh"}}, {"type": "Feature", "geometry": {"type": "MultiPolygon", "coordinates": [[[[109.2149413, 11.7857364], [109.2118809, 11.7841778], [109.2131724, 11.7803691], [109.2158026, 11.7783414], [109.2180239, 11.7730603], [109.2221391, 11.7723695], [109.2213389, 11.7844012], [109.2170156, 11.7828414], [109.2149413, 11.7857364]]], [[[109.2390418, 11.8322967], [109.2403548, 11.835345], [109.2454786, 11.8329499], [109.2511594, 11.8347906], [109.2512197, 11.8403692], [109.2462595, 11.8430169], [109.2493561, 11.8481273], [109.2479854, 11.8505664], [109.2419937, 11.8490504], [109.2432373, 11.8415907], [109.238228, 11.838401], [109.2299116, 11.8418771], [109.2258087, 11.8493932], [109.2223021, 11.8516181], [109.2208153, 11.8473404], [109.2250495, 11.8451873], [109.2239935, 11.8370931], [109.2282085, 11.8326065], [109.2326927, 11.8311886], [109.2351069, 11.8282078], [109.2398619, 11.8293754], [109.2390418, 11.8322967]]], [[[109.0472963, 11.8982919], [109.0507731, 11.8850053], [109.0580982, 11.8607204], [109.0755165, 11.8344854], [109.0893513, 11.8257329], [109.0922856, 11.81656], [109.1061694, 11.8096906], [109.107648, 11.8067121], [109.1123712, 11.8057925], [109.1279885, 11.8043964], [109.1501945, 11.8064942], [109.1652149, 11.8099703], [109.1834271, 11.8121599], [109.1851222, 11.813063], [109.1949795, 11.8114695], [109.1918397, 11.8146051], [109.1883968, 11.8130375], [109.1848237, 11.8136091], [109.181282, 11.8175816], [109.1808346, 11.8218439], [109.1817392, 11.829425], [109.1774297, 11.8441145], [109.181422, 11.8513531], [109.1797268, 11.855783], [109.1827427, 11.8610823], [109.1895716, 11.8676624], [109.1915078, 11.8712951], [109.1913047, 11.8747708], [109.1864706, 11.8761481], [109.1822987, 11.869481], [109.1798691, 11.8698674], [109.1775466, 11.8643272], [109.1718662, 11.8641365], [109.1712123, 11.8581269], [109.1679786, 11.8558589], [109.1684282, 11.8523834], [109.1613667, 11.8546903], [109.1627457, 11.8505727], [109.1601273, 11.8454045], [109.1598145, 11.8409728], [109.1550783, 11.835766], [109.1552076, 11.8329103], [109.1491016, 11.8240832], [109.1491523, 11.8216413], [109.1441878, 11.8204414], [109.138693, 11.8211662], [109.1374044, 11.8180994], [109.127853, 11.8239926], [109.1247263, 11.826789], [109.1199077, 11.8343321], [109.1212863, 11.8360594], [109.1192693, 11.8421761], [109.1161794, 11.8459489], [109.1150851, 11.8534114], [109.1159744, 11.8584967], [109.114887, 11.8618937], [109.1162076, 11.8702857], [109.120125, 11.8718373], [109.1237203, 11.8804466], [109.1210447, 11.8838158], [109.1218798, 11.8872744], [109.1253948, 11.8904459], [109.1271622, 11.8960396], [109.1181307, 11.8986198], [109.1142126, 11.9029662], [109.1101071, 11.9033022], [109.0999435, 11.9070578], [109.0835096, 11.9152223], [109.0753414, 11.9073963], [109.0472963, 11.8982919]]]]}, "properties": {"new_ward_code": "1005829", "name": "Xã Nam Cam Ranh"}}, {"type": "Feature", "geometry": {"type": "MultiPolygon", "coordinates": [[[[109.3046148, 12.163822], [109.3071302, 12.1656055], [109.3140904, 12.1625375], [109.3169436, 12.1651578], [109.3080789, 12.1690043], [109.3051682, 12.1716282], [109.2974444, 12.1707066], [109.2967911, 12.1671983], [109.2991525, 12.1643896], [109.3046148, 12.163822]]], [[[109.2492575, 12.1751922], [109.2452433, 12.180241], [109.2353724, 12.1791657], [109.2348402, 12.176523], [109.2392989, 12.1753233], [109.2448947, 12.1721064], [109.2514438, 12.1717637], [109.2492575, 12.1751922]]], [[[109.2758257, 12.180951], [109.272127, 12.1814949], [109.2708706, 12.1746833], [109.2757434, 12.1737889], [109.2778551, 12.1762193], [109.2758257, 12.180951]]], [[[109.2228807, 12.1873856], [109.2301959, 12.1896714], [109.2305643, 12.1945777], [109.222992, 12.1938665], [109.2191605, 12.1913166], [109.2228807, 12.1873856]]], [[[109.2390132, 12.2137126], [109.2439723, 12.2093449], [109.2478053, 12.2081596], [109.2588577, 12.199206], [109.2697502, 12.1970812], [109.2726457, 12.1933036], [109.2737473, 12.1874117], [109.2844089, 12.1806652], [109.2948918, 12.1831587], [109.2950478, 12.1851979], [109.2890134, 12.1899877], [109.2895218, 12.195532], [109.2930375, 12.1973993], [109.2958704, 12.2010468], [109.3002389, 12.200043], [109.2968899, 12.1949315], [109.2983981, 12.1923332], [109.3057656, 12.1927414], [109.3105276, 12.189954], [109.3214502, 12.1936755], [109.3162474, 12.1863089], [109.3232709, 12.1849452], [109.3263608, 12.1872943], [109.326342, 12.1912786], [109.3297344, 12.1911237], [109.335755, 12.1947569], [109.3288476, 12.2038911], [109.3272616, 12.2096598], [109.3310551, 12.2111429], [109.3310551, 12.2194852], [109.3271667, 12.2215243], [109.3245112, 12.2200413], [109.3208125, 12.221617], [109.3181925, 12.2276123], [109.3140684, 12.224112], [109.3121821, 12.2151287], [109.3081989, 12.2129967], [109.3045656, 12.2138951], [109.3030324, 12.2212604], [109.2999234, 12.2214075], [109.2976717, 12.2254173], [109.2984304, 12.2282906], [109.2955685, 12.2307489], [109.2912638, 12.2291893], [109.2871557, 12.2297709], [109.2816526, 12.2279546], [109.273364, 12.2291437], [109.2728661, 12.2312964], [109.2679795, 12.2332479], [109.2662716, 12.23646], [109.2603119, 12.2281705], [109.2617798, 12.221029], [109.2601836, 12.2192307], [109.2553197, 12.2198377], [109.2524864, 12.2247612], [109.2455446, 12.2234037], [109.2435936, 12.229315], [109.2387696, 12.2324814], [109.2313236, 12.2294416], [109.2305857, 12.2249337], [109.2374699, 12.2244382], [109.2401505, 12.2223634], [109.2390132, 12.2137126]]], [[[109.1866286, 12.2602127], [109.1869054, 12.2556576], [109.1891751, 12.247183], [109.1816155, 12.2490738], [109.1823967, 12.2420705], [109.1810954, 12.2370219], [109.1824101, 12.2303882], [109.184701, 12.2316851], [109.1888353, 12.2293775], [109.1884628, 12.2253979], [109.1909797, 12.2222578], [109.1968219, 12.2187612], [109.1964209, 12.2143995], [109.2012491, 12.210031], [109.2052232, 12.2112329], [109.206345, 12.2086492], [109.2104407, 12.207275], [109.2113542, 12.2040676], [109.2177681, 12.1997393], [109.2154935, 12.211329], [109.2068919, 12.2183416], [109.2001374, 12.2295992], [109.1979968, 12.2371361], [109.1970495, 12.2534028], [109.1989307, 12.2610042], [109.194983, 12.2588256], [109.1866286, 12.2602127]]], [[[109.3593496, 12.2680601], [109.3623695, 12.2678997], [109.3639065, 12.2715357], [109.3605321, 12.2742033], [109.3574943, 12.2716583], [109.3593496, 12.2680601]]]]}, "properties": {"new_ward_code": "1005832", "name": "Phường Nha Trang"}}, {"type": "Feature", "geometry": {"type": "MultiPolygon", "coordinates": [[[[109.1989307, 12.2610042], [109.2018883, 12.2654702], [109.2057482, 12.2664064], [109.2068453, 12.2716833], [109.2043214, 12.2723786], [109.202572, 12.2762652], [109.202893, 12.2813683], [109.2067563, 12.2901895], [109.2199973, 12.2954396], [109.2290663, 12.2935065], [109.2347237, 12.2947081], [109.2351255, 12.2971304], [109.2389911, 12.2994989], [109.2423056, 12.3047061], [109.2396195, 12.3070363], [109.235388, 12.3076382], [109.2292393, 12.3125645], [109.2264933, 12.3161648], [109.2228345, 12.3177051], [109.2205678, 12.3219558], [109.2108498, 12.3257993], [109.2091693, 12.3318826], [109.2023805, 12.33544], [109.2019092, 12.3413788], [109.204098, 12.3429691], [109.1987362, 12.3481993], [109.1991712, 12.3553608], [109.1958733, 12.359633], [109.1987022, 12.3665992], [109.1967514, 12.3743473], [109.1975512, 12.3794712], [109.1951918, 12.3799085], [109.186176, 12.377437], [109.183369, 12.374325], [109.177121, 12.37499], [109.173041, 12.378051], [109.168957, 12.374637], [109.171461, 12.367356], [109.174673, 12.362572], [109.171318, 12.358991], [109.167216, 12.361066], [109.162837, 12.359869], [109.157427, 12.361979], [109.15926, 12.365135], [109.157256, 12.36881], [109.147425, 12.366284], [109.141863, 12.369277], [109.132193, 12.366415], [109.123729, 12.358177], [109.118963, 12.355895], [109.121764, 12.348749], [109.118366, 12.34766], [109.115875, 12.343585], [109.112878, 12.342824], [109.1164796, 12.3381364], [109.1165006, 12.3333634], [109.1233706, 12.3294914], [109.1297836, 12.3212664], [109.1312636, 12.3094005], [109.1285026, 12.3038665], [109.1282076, 12.2997665], [109.1309586, 12.2937045], [109.1315396, 12.2839425], [109.1350486, 12.2762286], [109.1398486, 12.2740796], [109.1418137, 12.2678849], [109.1465727, 12.2710741], [109.1538162, 12.268953], [109.1567846, 12.2733644], [109.1531203, 12.2779636], [109.156638, 12.2816347], [109.1532981, 12.2859458], [109.1534983, 12.289538], [109.1570317, 12.2930462], [109.1616353, 12.2924368], [109.1689903, 12.2940489], [109.1728938, 12.2939485], [109.1773694, 12.2902162], [109.1835174, 12.2923798], [109.1853642, 12.2872777], [109.1801635, 12.2778462], [109.1763371, 12.2730546], [109.179, 12.2721001], [109.1837241, 12.2739857], [109.1890782, 12.2719619], [109.1894007, 12.2623213], [109.1866286, 12.2602127], [109.194983, 12.2588256], [109.1989307, 12.2610042]]], [[[109.2161661, 12.3579211], [109.2183199, 12.3611489], [109.2145032, 12.3622834], [109.2116547, 12.3590058], [109.2161661, 12.3579211]]]]}, "properties": {"new_ward_code": "1005830", "name": "Phường Bắc Nha Trang"}}, {"type": "Feature", "geometry": {"type": "Polygon", "coordinates": [[[109.1816155, 12.2490738], [109.17059, 12.2525431], [109.1717235, 12.2485686], [109.1627248, 12.2502966], [109.158773, 12.251889], [109.1520166, 12.2406695], [109.1487979, 12.2364615], [109.1465292, 12.2366524], [109.1330747, 12.2251325], [109.1307136, 12.2272627], [109.1242176, 12.2211307], [109.1235506, 12.2166437], [109.1193863, 12.2138183], [109.1182653, 12.2086274], [109.1159393, 12.2053714], [109.1171603, 12.2006054], [109.1230913, 12.1933034], [109.1253083, 12.1888124], [109.1240673, 12.1869074], [109.1356943, 12.1816274], [109.1350103, 12.1768884], [109.1392893, 12.1736885], [109.1434853, 12.1643055], [109.1466303, 12.1610045], [109.1492003, 12.1625715], [109.1536593, 12.1547905], [109.1583693, 12.1546175], [109.1660123, 12.1485175], [109.1698653, 12.1509285], [109.1824033, 12.1462775], [109.1884613, 12.1476595], [109.1902983, 12.1506275], [109.1940283, 12.1472445], [109.1977333, 12.1459355], [109.2134823, 12.1481955], [109.2205753, 12.1434225], [109.223134, 12.1428752], [109.2222681, 12.1521893], [109.2178409, 12.1562669], [109.2105343, 12.1590274], [109.2011061, 12.1637392], [109.2005681, 12.1712354], [109.2050698, 12.1714047], [109.2087748, 12.1787118], [109.2087257, 12.1866311], [109.194762, 12.2002027], [109.1932382, 12.20451], [109.1876618, 12.205094], [109.1879204, 12.2078044], [109.1930534, 12.2075368], [109.198726, 12.2041296], [109.2020059, 12.1987731], [109.2073806, 12.1946788], [109.2119388, 12.1939948], [109.2177681, 12.1997393], [109.2113542, 12.2040676], [109.2104407, 12.207275], [109.206345, 12.2086492], [109.2052232, 12.2112329], [109.2012491, 12.210031], [109.1964209, 12.2143995], [109.1968219, 12.2187612], [109.1909797, 12.2222578], [109.1884628, 12.2253979], [109.1888353, 12.2293775], [109.184701, 12.2316851], [109.1824101, 12.2303882], [109.1810954, 12.2370219], [109.1823967, 12.2420705], [109.1816155, 12.2490738]]]}, "properties": {"new_ward_code": "1005831", "name": "Phường Nam Nha Trang"}}, {"type": "Feature", "geometry": {"type": "Polygon", "coordinates": [[[109.1866286, 12.2602127], [109.1894007, 12.2623213], [109.1890782, 12.2719619], [109.1837241, 12.2739857], [109.179, 12.2721001], [109.1763371, 12.2730546], [109.1801635, 12.2778462], [109.1853642, 12.2872777], [109.1835174, 12.2923798], [109.1773694, 12.2902162], [109.1728938, 12.2939485], [109.1689903, 12.2940489], [109.1616353, 12.2924368], [109.1570317, 12.2930462], [109.1534983, 12.289538], [109.1532981, 12.2859458], [109.156638, 12.2816347], [109.1531203, 12.2779636], [109.1567846, 12.2733644], [109.1538162, 12.268953], [109.1465727, 12.2710741], [109.1418137, 12.2678849], [109.1390656, 12.2657888], [109.1334463, 12.2645578], [109.1275851, 12.2612754], [109.1247553, 12.2620198], [109.1233273, 12.2592268], [109.1249151, 12.2545845], [109.1202314, 12.2530329], [109.1191753, 12.2508275], [109.1277246, 12.2499556], [109.1285796, 12.2463386], [109.1270486, 12.2422507], [109.1275966, 12.2346517], [109.1307136, 12.2272627], [109.1330747, 12.2251325], [109.1465292, 12.2366524], [109.1487979, 12.2364615], [109.1520166, 12.2406695], [109.158773, 12.251889], [109.1627248, 12.2502966], [109.1717235, 12.2485686], [109.17059, 12.2525431], [109.1816155, 12.2490738], [109.1891751, 12.247183], [109.1869054, 12.2556576], [109.1866286, 12.2602127]]]}, "properties": {"new_ward_code": "1005833", "name": "Phường Tây Nha Trang"}}, {"type": "Feature", "geometry": {"type": "Polygon", "coordinates": [[[109.0809636, 12.5105608], [109.0800681, 12.5052255], [109.0834136, 12.5054802], [109.0878358, 12.500949], [109.0886408, 12.4953794], [109.0963328, 12.4998163], [109.1022645, 12.4960062], [109.1089072, 12.5001386], [109.1180725, 12.4971502], [109.1251578, 12.5000957], [109.1269763, 12.4977432], [109.1236311, 12.4931829], [109.1245623, 12.4795249], [109.1281866, 12.4755263], [109.1343632, 12.4859687], [109.1374856, 12.4885587], [109.1404009, 12.4875316], [109.1450902, 12.4906754], [109.1493426, 12.4896184], [109.1551138, 12.4910731], [109.1620236, 12.4906015], [109.1675707, 12.4875653], [109.1778569, 12.4871925], [109.1933065, 12.4877372], [109.1898357, 12.490772], [109.1824829, 12.5052549], [109.1766011, 12.5067831], [109.1762951, 12.5095301], [109.1690262, 12.5119802], [109.1569163, 12.5177862], [109.1439832, 12.5253252], [109.1429961, 12.5275456], [109.1485619, 12.5312391], [109.1498367, 12.5443182], [109.1494029, 12.548657], [109.1443173, 12.5498188], [109.1401849, 12.5493066], [109.1369407, 12.5467684], [109.1286363, 12.5474039], [109.1275351, 12.5432809], [109.1308462, 12.5363876], [109.1300738, 12.5335484], [109.1320868, 12.527906], [109.1258381, 12.5236693], [109.1165064, 12.5251472], [109.1199013, 12.5174084], [109.1178216, 12.5152262], [109.1127907, 12.5151265], [109.1054173, 12.5183496], [109.1013239, 12.5144872], [109.1007269, 12.5101211], [109.0932399, 12.5082448], [109.0862514, 12.5102328], [109.0809636, 12.5105608]]]}, "properties": {"new_ward_code": "1005835", "name": "Phường Ninh Hòa"}}, {"type": "Feature", "geometry": {"type": "Polygon", "coordinates": [[[109.1975512, 12.3794712], [109.1970953, 12.3809727], [109.200847, 12.3869783], [109.2001409, 12.3931177], [109.1850202, 12.4044143], [109.1798227, 12.4039049], [109.1724217, 12.4072155], [109.1707595, 12.4023505], [109.1623011, 12.406893], [109.1579286, 12.4129842], [109.1584306, 12.4173171], [109.1604636, 12.4193912], [109.1559763, 12.4241929], [109.1513852, 12.4246297], [109.1517942, 12.4290419], [109.1566395, 12.4320698], [109.1601432, 12.4320365], [109.1638202, 12.4346763], [109.151345, 12.4439901], [109.1443927, 12.4451495], [109.1367109, 12.4523434], [109.1293998, 12.4477447], [109.1219746, 12.4472945], [109.1211708, 12.4519461], [109.1164786, 12.4592475], [109.1170359, 12.4632318], [109.1044506, 12.4656399], [109.0996851, 12.4688093], [109.0935581, 12.4691009], [109.0858339, 12.4674309], [109.0840389, 12.4647796], [109.0744316, 12.4606829], [109.0676888, 12.471153], [109.0576231, 12.463016], [109.0326966, 12.4806813], [109.0314699, 12.485098], [109.0255239, 12.4805291], [109.0283458, 12.4753687], [109.0167938, 12.4679782], [109.0131131, 12.4649279], [108.984171, 12.4747561], [108.9814192, 12.4745327], [108.9765622, 12.4689229], [108.954797, 12.4660632], [108.94576, 12.460982], [108.948321, 12.452513], [108.94646, 12.441989], [108.951295, 12.43844], [108.953634, 12.434829], [108.965296, 12.427358], [108.971678, 12.427484], [108.975406, 12.422937], [108.984854, 12.413784], [108.986054, 12.410049], [108.990731, 12.408431], [108.993481, 12.40091], [108.996893, 12.401346], [109.000244, 12.397111], [109.00353, 12.396238], [109.005489, 12.405083], [109.014369, 12.4072], [109.023974, 12.403338], [109.027419, 12.404895], [109.043314, 12.405889], [109.047675, 12.405141], [109.052645, 12.399105], [109.058671, 12.395673], [109.064296, 12.393991], [109.067013, 12.389943], [109.074185, 12.381169], [109.078262, 12.380233], [109.078387, 12.377056], [109.086097, 12.373379], [109.094688, 12.365751], [109.093624, 12.361529], [109.097816, 12.358956], [109.099669, 12.355503], [109.106753, 12.351332], [109.108509, 12.348148], [109.112028, 12.347159], [109.112878, 12.342824], [109.115875, 12.343585], [109.118366, 12.34766], [109.121764, 12.348749], [109.118963, 12.355895], [109.123729, 12.358177], [109.132193, 12.366415], [109.141863, 12.369277], [109.147425, 12.366284], [109.157256, 12.36881], [109.15926, 12.365135], [109.157427, 12.361979], [109.162837, 12.359869], [109.167216, 12.361066], [109.171318, 12.358991], [109.174673, 12.362572], [109.171461, 12.367356], [109.168957, 12.374637], [109.173041, 12.378051], [109.177121, 12.37499], [109.183369, 12.374325], [109.186176, 12.377437], [109.1951918, 12.3799085], [109.1975512, 12.3794712]]]}, "properties": {"new_ward_code": "1005839", "name": "Xã Nam Ninh Hòa"}}, {"type": "Feature", "geometry": {"type": "Polygon", "coordinates": [[[109.1281866, 12.4755263], [109.1234087, 12.4676567], [109.124002, 12.4634118], [109.1231971, 12.4573078], [109.1240643, 12.4543137], [109.129134, 12.4527825], [109.1293998, 12.4477447], [109.1367109, 12.4523434], [109.1443927, 12.4451495], [109.151345, 12.4439901], [109.1638202, 12.4346763], [109.1664118, 12.441216], [109.1710784, 12.4442837], [109.1764077, 12.4568864], [109.1880623, 12.4473457], [109.1916496, 12.4471425], [109.1944879, 12.4418921], [109.2068136, 12.4382394], [109.214063, 12.4322456], [109.2183964, 12.4256481], [109.2248966, 12.4212715], [109.2249773, 12.4170921], [109.2309526, 12.4118742], [109.2358267, 12.4112653], [109.2382447, 12.4070033], [109.2433934, 12.4048202], [109.2447263, 12.4014013], [109.25473, 12.4122209], [109.2603241, 12.4144549], [109.2615448, 12.4197606], [109.2585479, 12.4208742], [109.2585366, 12.424175], [109.2639407, 12.4239024], [109.2679461, 12.4279817], [109.2653569, 12.4336673], [109.2648848, 12.4396742], [109.2602213, 12.4397301], [109.255472, 12.4443539], [109.2520554, 12.4535298], [109.2519027, 12.4605318], [109.257251, 12.4697459], [109.2562645, 12.4729639], [109.2529193, 12.4741495], [109.2433522, 12.4722481], [109.2340696, 12.4725348], [109.1933065, 12.4877372], [109.1778569, 12.4871925], [109.1675707, 12.4875653], [109.1620236, 12.4906015], [109.1551138, 12.4910731], [109.1493426, 12.4896184], [109.1450902, 12.4906754], [109.1404009, 12.4875316], [109.1374856, 12.4885587], [109.1343632, 12.4859687], [109.1281866, 12.4755263]]]}, "properties": {"new_ward_code": "1005834", "name": "Phường Hòa Thắng"}}, {"type": "Feature", "geometry": {"type": "MultiPolygon", "coordinates": [[[[109.2231424, 12.3855612], [109.2253955, 12.3843423], [109.2367957, 12.3813157], [109.2398987, 12.3870357], [109.2371376, 12.3948972], [109.2304181, 12.3992405], [109.2267764, 12.3955665], [109.223159, 12.3894324], [109.2231424, 12.3855612]]], [[[109.2447263, 12.4014013], [109.2455792, 12.396031], [109.2511046, 12.3894673], [109.2541154, 12.3873571], [109.2600017, 12.3790953], [109.2642932, 12.3759043], [109.2634467, 12.3719021], [109.260404, 12.3718911], [109.2608834, 12.362427], [109.264963, 12.3591632], [109.2726891, 12.3566875], [109.2756984, 12.358894], [109.2792818, 12.3558204], [109.2782969, 12.353728], [109.2842731, 12.3478746], [109.2930335, 12.3457572], [109.2962079, 12.351462], [109.3005621, 12.3546492], [109.2993106, 12.357254], [109.299147, 12.3633026], [109.3012305, 12.3675186], [109.3017422, 12.3798399], [109.3078458, 12.3883328], [109.3111467, 12.3895313], [109.318611, 12.3843556], [109.3198425, 12.3777462], [109.3252904, 12.3736481], [109.3283277, 12.373426], [109.3305256, 12.3777222], [109.3271172, 12.3807787], [109.3272493, 12.3866592], [109.3312627, 12.3888287], [109.3372975, 12.3880958], [109.3377823, 12.3910486], [109.3417575, 12.3967702], [109.3404357, 12.4037543], [109.3368053, 12.4084117], [109.3334318, 12.4062719], [109.3286738, 12.4077255], [109.3254992, 12.4132012], [109.319424, 12.4181553], [109.3075797, 12.4160997], [109.3024747, 12.4183823], [109.2982705, 12.4249551], [109.2952973, 12.4224993], [109.2898631, 12.4271849], [109.2852758, 12.4404598], [109.2856721, 12.4446263], [109.2883095, 12.4484337], [109.289955, 12.4534765], [109.2877057, 12.4558092], [109.2921837, 12.4607214], [109.2937391, 12.4680573], [109.2989908, 12.4716405], [109.2944748, 12.4784971], [109.291271, 12.4807657], [109.2900983, 12.4842315], [109.2848019, 12.4888471], [109.2808035, 12.4894969], [109.2772396, 12.4858128], [109.264985, 12.4957051], [109.2635236, 12.4981898], [109.2576449, 12.5031632], [109.2483531, 12.5079779], [109.2438197, 12.5070201], [109.2385522, 12.5099998], [109.237059, 12.5210956], [109.2326873, 12.5255554], [109.229895, 12.5367987], [109.2299998, 12.5456618], [109.2319913, 12.5615913], [109.2364737, 12.5733806], [109.239519, 12.5753231], [109.2438542, 12.5744316], [109.2453751, 12.5797665], [109.2433615, 12.5862728], [109.233968, 12.5891985], [109.2319101, 12.5933912], [109.2236065, 12.5871203], [109.2197501, 12.5801253], [109.2203549, 12.5762228], [109.2158288, 12.575859], [109.2114181, 12.568913], [109.2102145, 12.565173], [109.2137823, 12.5557692], [109.2092608, 12.5557036], [109.2035493, 12.5557581], [109.1988093, 12.5507892], [109.1927099, 12.547966], [109.1928298, 12.5422994], [109.1950502, 12.536466], [109.1934316, 12.5277541], [109.1999815, 12.5244968], [109.2008924, 12.5222626], [109.1974066, 12.5194853], [109.1983481, 12.5076506], [109.2003651, 12.5005978], [109.198391, 12.4982376], [109.1933065, 12.4877372], [109.2340696, 12.4725348], [109.2433522, 12.4722481], [109.2529193, 12.4741495], [109.2562645, 12.4729639], [109.257251, 12.4697459], [109.2519027, 12.4605318], [109.2520554, 12.4535298], [109.255472, 12.4443539], [109.2602213, 12.4397301], [109.2648848, 12.4396742], [109.2653569, 12.4336673], [109.2679461, 12.4279817], [109.2639407, 12.4239024], [109.2585366, 12.424175], [109.2585479, 12.4208742], [109.2615448, 12.4197606], [109.2603241, 12.4144549], [109.25473, 12.4122209], [109.2447263, 12.4014013]]], [[[109.2928501, 12.4858202], [109.3029086, 12.4864857], [109.3061028, 12.492053], [109.3094293, 12.492831], [109.3098993, 12.497147], [109.3055949, 12.4972704], [109.2993598, 12.4944677], [109.2941181, 12.4943438], [109.2918011, 12.4883879], [109.2928501, 12.4858202]]], [[[109.3802457, 12.3575223], [109.3726577, 12.368936], [109.3682921, 12.3679539], [109.3751601, 12.3577194], [109.3802457, 12.3575223]]], [[[109.3531681, 12.4776896], [109.3579166, 12.4805329], [109.3550298, 12.4873779], [109.350414, 12.4855762], [109.3531681, 12.4776896]]]]}, "properties": {"new_ward_code": "1005836", "name": "Phường Đông Ninh Hòa"}}, {"type": "Feature", "geometry": {"type": "Polygon", "coordinates": [[[108.8842059, 12.5423782], [108.8802868, 12.5384946], [108.8779502, 12.5324106], [108.8731947, 12.5259673], [108.8729333, 12.5236343], [108.8782561, 12.5141582], [108.8739433, 12.5133837], [108.8715688, 12.5056843], [108.8745065, 12.5015152], [108.877012, 12.497126], [108.882606, 12.495647], [108.890446, 12.490669], [108.897594, 12.489635], [108.903469, 12.487498], [108.915234, 12.487163], [108.918574, 12.486461], [108.924202, 12.482834], [108.928597, 12.475051], [108.931189, 12.472748], [108.929926, 12.468576], [108.931254, 12.466459], [108.943927, 12.462226], [108.94576, 12.460982], [108.954797, 12.4660632], [108.9765622, 12.4689229], [108.9814192, 12.4745327], [108.984171, 12.4747561], [108.9899354, 12.4825432], [108.9956974, 12.4862552], [108.9974561, 12.4940057], [108.9960333, 12.4964314], [108.9901412, 12.4994613], [108.9952458, 12.5066321], [108.9982512, 12.5093146], [109.0015506, 12.5183231], [109.0103966, 12.5189275], [109.0160076, 12.5179819], [109.0214352, 12.5187739], [109.0254912, 12.5215893], [109.01889, 12.5237639], [109.0199078, 12.5311921], [109.0216423, 12.5337454], [109.0249375, 12.5334313], [109.0272522, 12.5308068], [109.0302511, 12.5324024], [109.0305482, 12.5466042], [109.0327655, 12.5484474], [109.0296041, 12.5526503], [109.0412109, 12.5650161], [109.0362681, 12.5789689], [109.0288225, 12.5913874], [109.0202705, 12.6227701], [109.0166227, 12.6295124], [109.0125315, 12.6298335], [108.9989988, 12.6576382], [108.9923344, 12.661487], [108.9878283, 12.6758346], [108.9830504, 12.6756392], [108.9795792, 12.6836441], [108.971905, 12.6833147], [108.9666232, 12.6859633], [108.9606357, 12.6843164], [108.9555198, 12.6869464], [108.9509493, 12.6805458], [108.9472331, 12.6777263], [108.9466061, 12.6747209], [108.9425666, 12.66988], [108.9418346, 12.6658942], [108.9381297, 12.6604431], [108.9377356, 12.6566406], [108.9403483, 12.6527148], [108.9408803, 12.6474303], [108.9361386, 12.6483104], [108.9314926, 12.6435417], [108.9237317, 12.641357], [108.9186716, 12.6379776], [108.9129837, 12.6401432], [108.9080086, 12.6388959], [108.9058775, 12.6350934], [108.8975197, 12.6268437], [108.9008725, 12.6239227], [108.9060871, 12.6216008], [108.9068699, 12.618557], [108.9128351, 12.6121652], [108.9177589, 12.6040053], [108.9185379, 12.600285], [108.9052725, 12.586369], [108.900556, 12.5823241], [108.8923014, 12.5798944], [108.8911292, 12.5760665], [108.8949287, 12.5737271], [108.8932443, 12.5678473], [108.8959354, 12.5647083], [108.8921243, 12.55587], [108.8929876, 12.5502829], [108.8899444, 12.5451218], [108.8842059, 12.5423782]]]}, "properties": {"new_ward_code": "1005841", "name": "Xã Tây Ninh Hòa"}}, {"type": "Feature", "geometry": {"type": "Polygon", "coordinates": [[[108.9892459, 12.6917559], [109.001367, 12.6800566], [109.0110886, 12.6796038], [109.0100944, 12.6754864], [109.0328973, 12.6713156], [109.0322685, 12.6584313], [109.0344285, 12.6521783], [109.0363597, 12.6509919], [109.0363168, 12.6458693], [109.0471355, 12.6379437], [109.0472213, 12.6335468], [109.0530149, 12.6257716], [109.0563337, 12.6264556], [109.061269, 12.6213046], [109.0598385, 12.616698], [109.0704958, 12.6112397], [109.069852, 12.60271], [109.0740005, 12.5985078], [109.0787927, 12.5996386], [109.0811388, 12.5969163], [109.1018673, 12.5790776], [109.1047622, 12.5692128], [109.1174662, 12.5766397], [109.1183576, 12.5827896], [109.1214489, 12.580786], [109.1198231, 12.5756255], [109.1209967, 12.5681857], [109.1246302, 12.5630999], [109.1259984, 12.5561625], [109.1294196, 12.5538663], [109.1270224, 12.5507388], [109.1286363, 12.5474039], [109.1369407, 12.5467684], [109.1401849, 12.5493066], [109.1443173, 12.5498188], [109.1494029, 12.548657], [109.1498367, 12.5443182], [109.1485619, 12.5312391], [109.1429961, 12.5275456], [109.1439832, 12.5253252], [109.1569163, 12.5177862], [109.1690262, 12.5119802], [109.1762951, 12.5095301], [109.1766011, 12.5067831], [109.1824829, 12.5052549], [109.1898357, 12.490772], [109.1933065, 12.4877372], [109.198391, 12.4982376], [109.2003651, 12.5005978], [109.1983481, 12.5076506], [109.1974066, 12.5194853], [109.2008924, 12.5222626], [109.1999815, 12.5244968], [109.1934316, 12.5277541], [109.1950502, 12.536466], [109.1928298, 12.5422994], [109.1927099, 12.547966], [109.1988093, 12.5507892], [109.2035493, 12.5557581], [109.2092608, 12.5557036], [109.2102146, 12.5602748], [109.2083112, 12.5680113], [109.1999291, 12.5680113], [109.1958374, 12.5716173], [109.1948045, 12.5747579], [109.1980301, 12.5803], [109.1995613, 12.5884245], [109.194375, 12.587971], [109.192612, 12.585881], [109.181982, 12.583824], [109.176412, 12.584079], [109.170217, 12.582144], [109.160726, 12.586139], [109.159211, 12.593944], [109.159586, 12.612463], [109.154498, 12.627534], [109.13926, 12.636405], [109.132427, 12.639223], [109.117552, 12.641962], [109.123038, 12.647768], [109.128106, 12.659417], [109.132919, 12.665951], [109.121119, 12.675387], [109.117307, 12.674854], [109.110231, 12.680917], [109.112886, 12.684072], [109.113808, 12.689197], [109.108809, 12.700751], [109.106702, 12.708981], [109.1085236, 12.7199698], [109.10817, 12.722069], [109.098641, 12.726062], [109.100446, 12.729752], [109.096464, 12.734761], [109.087762, 12.738804], [109.0852226, 12.7438933], [109.0784876, 12.744326], [109.0736189, 12.7468479], [109.0727346, 12.7494153], [109.0681067, 12.753713], [109.0636304, 12.7513214], [109.0595082, 12.7443176], [109.0557125, 12.747099], [109.0531061, 12.7458565], [109.0484773, 12.747626], [109.043104, 12.7443963], [109.0372428, 12.7440695], [109.0393274, 12.7393338], [109.0385643, 12.7370766], [109.0333064, 12.7365883], [109.0287931, 12.7348076], [109.0247705, 12.7362681], [109.0208947, 12.7318401], [109.0159369, 12.7299235], [109.0147049, 12.7277994], [109.0180732, 12.7226974], [109.0117306, 12.7192117], [109.0087683, 12.7190898], [109.0043158, 12.7141861], [108.991393, 12.7047957], [108.9858663, 12.7031695], [108.9880013, 12.7005477], [108.986514, 12.6977237], [108.9892459, 12.6917559]]]}, "properties": {"new_ward_code": "1005837", "name": "Xã Bắc Ninh Hòa"}}, {"type": "Feature", "geometry": {"type": "Polygon", "coordinates": [[[108.9795792, 12.6836441], [108.9830504, 12.6756392], [108.9878283, 12.6758346], [108.9923344, 12.661487], [108.9989988, 12.6576382], [109.0125315, 12.6298335], [109.0166227, 12.6295124], [109.0202705, 12.6227701], [109.0288225, 12.5913874], [109.0362681, 12.5789689], [109.0412109, 12.5650161], [109.0573694, 12.5570522], [109.0585665, 12.5575111], [109.0652974, 12.5457584], [109.0720148, 12.5396486], [109.0725378, 12.5367919], [109.0656387, 12.5311269], [109.0657757, 12.5287077], [109.0792868, 12.5154189], [109.0809636, 12.5105608], [109.0862514, 12.5102328], [109.0932399, 12.5082448], [109.1007269, 12.5101211], [109.1013239, 12.5144872], [109.1054173, 12.5183496], [109.1127907, 12.5151265], [109.1178216, 12.5152262], [109.1199013, 12.5174084], [109.1165064, 12.5251472], [109.1258381, 12.5236693], [109.1320868, 12.527906], [109.1300738, 12.5335484], [109.1308462, 12.5363876], [109.1275351, 12.5432809], [109.1286363, 12.5474039], [109.1270224, 12.5507388], [109.1294196, 12.5538663], [109.1259984, 12.5561625], [109.1246302, 12.5630999], [109.1209967, 12.5681857], [109.1198231, 12.5756255], [109.1214489, 12.580786], [109.1183576, 12.5827896], [109.1174662, 12.5766397], [109.1047622, 12.5692128], [109.1018673, 12.5790776], [109.0811388, 12.5969163], [109.0787927, 12.5996386], [109.0740005, 12.5985078], [109.069852, 12.60271], [109.0704958, 12.6112397], [109.0598385, 12.616698], [109.061269, 12.6213046], [109.0563337, 12.6264556], [109.0530149, 12.6257716], [109.0472213, 12.6335468], [109.0471355, 12.6379437], [109.0363168, 12.6458693], [109.0363597, 12.6509919], [109.0344285, 12.6521783], [109.0322685, 12.6584313], [109.0328973, 12.6713156], [109.0100944, 12.6754864], [109.0110886, 12.6796038], [109.001367, 12.6800566], [108.9892459, 12.6917559], [108.9856249, 12.6896202], [108.9795792, 12.6836441]]]}, "properties": {"new_ward_code": "1005838", "name": "Xã Hòa Trí"}}, {"type": "Feature", "geometry": {"type": "Polygon", "coordinates": [[[109.0809636, 12.5105608], [109.0792868, 12.5154189], [109.0657757, 12.5287077], [109.0656387, 12.5311269], [109.0725378, 12.5367919], [109.0720148, 12.5396486], [109.0652974, 12.5457584], [109.0585665, 12.5575111], [109.0573694, 12.5570522], [109.0412109, 12.5650161], [109.0296041, 12.5526503], [109.0327655, 12.5484474], [109.0305482, 12.5466042], [109.0302511, 12.5324024], [109.0272522, 12.5308068], [109.0249375, 12.5334313], [109.0216423, 12.5337454], [109.0199078, 12.5311921], [109.01889, 12.5237639], [109.0254912, 12.5215893], [109.0214352, 12.5187739], [109.0160076, 12.5179819], [109.0103966, 12.5189275], [109.0015506, 12.5183231], [108.9982512, 12.5093146], [108.9952458, 12.5066321], [108.9901412, 12.4994613], [108.9960333, 12.4964314], [108.9974561, 12.4940057], [108.9956974, 12.4862552], [108.9899354, 12.4825432], [108.984171, 12.4747561], [109.0131131, 12.4649279], [109.0167938, 12.4679782], [109.0283458, 12.4753687], [109.0255239, 12.4805291], [109.0314699, 12.485098], [109.0326966, 12.4806813], [109.0576231, 12.463016], [109.0676888, 12.471153], [109.0744316, 12.4606829], [109.0840389, 12.4647796], [109.0858339, 12.4674309], [109.0935581, 12.4691009], [109.0996851, 12.4688093], [109.1044506, 12.4656399], [109.1170359, 12.4632318], [109.1164786, 12.4592475], [109.1211708, 12.4519461], [109.1219746, 12.4472945], [109.1293998, 12.4477447], [109.129134, 12.4527825], [109.1240643, 12.4543137], [109.1231971, 12.4573078], [109.124002, 12.4634118], [109.1234087, 12.4676567], [109.1281866, 12.4755263], [109.1245623, 12.4795249], [109.1236311, 12.4931829], [109.1269763, 12.4977432], [109.1251578, 12.5000957], [109.1180725, 12.4971502], [109.1089072, 12.5001386], [109.1022645, 12.4960062], [109.0963328, 12.4998163], [109.0886408, 12.4953794], [109.0878358, 12.500949], [109.0834136, 12.5054802], [109.0800681, 12.5052255], [109.0809636, 12.5105608]]]}, "properties": {"new_ward_code": "1005840", "name": "Xã Tân Định"}}, {"type": "Feature", "geometry": {"type": "Polygon", "coordinates": [[[108.9983069, 11.6096625], [108.9980167, 11.6138096], [109.0021198, 11.6224887], [109.009062, 11.6260736], [109.0129426, 11.6249998], [109.0153113, 11.6219498], [109.0153844, 11.6178553], [109.0283284, 11.6238221], [109.0324965, 11.6393195], [109.0343603, 11.6434051], [109.0344478, 11.6549513], [109.0368115, 11.660169], [109.0405373, 11.6621056], [109.0372148, 11.6627305], [109.0307547, 11.6671962], [109.0278301, 11.661371], [109.0240903, 11.6637812], [109.0217204, 11.6613597], [109.0179051, 11.6639942], [109.0104714, 11.6657681], [109.0099128, 11.6682826], [109.0056112, 11.6714164], [109.0030824, 11.6799962], [109.0029057, 11.6846919], [108.9995678, 11.6884406], [108.9897176, 11.6816445], [108.9874622, 11.6811797], [108.9831546, 11.6749742], [108.9737481, 11.6694791], [108.9706434, 11.6692151], [108.9642557, 11.6622737], [108.962592, 11.6584413], [108.9725945, 11.647366], [108.9550229, 11.6235876], [108.9596947, 11.6213735], [108.964019, 11.6220218], [108.9669594, 11.62356], [108.9720529, 11.6177059], [108.9761782, 11.6172724], [108.9784889, 11.620317], [108.9829078, 11.6164369], [108.98682, 11.6162618], [108.9919576, 11.6135626], [108.9935254, 11.6151981], [108.9983069, 11.6096625]]]}, "properties": {"new_ward_code": "1005847", "name": "Xã Xuân Hải"}}, {"type": "Feature", "geometry": {"type": "Polygon", "coordinates": [[[109.1257176, 11.7285344], [109.1255182, 11.7237586], [109.1293135, 11.7178836], [109.1293001, 11.7123604], [109.1264623, 11.7065298], [109.1246599, 11.7001108], [109.1264462, 11.6942642], [109.1267949, 11.6886696], [109.1284096, 11.6863844], [109.1265589, 11.6780002], [109.1284525, 11.6713756], [109.1297615, 11.6609419], [109.1281843, 11.6546427], [109.1305125, 11.6467093], [109.1259527, 11.6386811], [109.1222083, 11.6349086], [109.1096663, 11.628572], [109.1053426, 11.6309049], [109.1008472, 11.6310993], [109.0907931, 11.6413766], [109.087345, 11.6391697], [109.0816543, 11.6419599], [109.0752335, 11.6377689], [109.0785353, 11.6342676], [109.0817117, 11.6278824], [109.077504, 11.6165499], [109.0776488, 11.6128547], [109.0755232, 11.6058383], [109.0791254, 11.6045732], [109.0757113, 11.5982582], [109.0775376, 11.5862875], [109.0868407, 11.5876274], [109.0917516, 11.5873952], [109.0985405, 11.5847134], [109.1064504, 11.5794306], [109.1128631, 11.5781568], [109.123186, 11.5728957], [109.1258485, 11.5705166], [109.1285061, 11.5630934], [109.1307592, 11.5654396], [109.1284416, 11.5748894], [109.1299553, 11.5782904], [109.1339895, 11.5823633], [109.1393082, 11.5836321], [109.1413888, 11.5937784], [109.1466741, 11.6049515], [109.1472641, 11.6106347], [109.1523832, 11.62014], [109.1574894, 11.6238433], [109.1621683, 11.624075], [109.1661022, 11.621322], [109.166637, 11.627628], [109.1685296, 11.6359784], [109.1700717, 11.6384843], [109.1725864, 11.6477097], [109.1738306, 11.6605904], [109.1729982, 11.6630961], [109.1772565, 11.6713853], [109.1774216, 11.6773522], [109.1822105, 11.6769881], [109.1835116, 11.6792816], [109.189794, 11.6839778], [109.1877619, 11.6911371], [109.1936973, 11.6942192], [109.1931815, 11.6993838], [109.1967914, 11.7014344], [109.1984562, 11.7054069], [109.203582, 11.7067711], [109.2001701, 11.7115509], [109.1990258, 11.7160885], [109.2004803, 11.7183535], [109.1973873, 11.7213992], [109.1966074, 11.7252942], [109.1996479, 11.7258776], [109.2014441, 11.720996], [109.2045634, 11.7194002], [109.204134, 11.7163888], [109.2107374, 11.7164651], [109.2114871, 11.718922], [109.2165366, 11.7198017], [109.2211957, 11.7167017], [109.2224039, 11.719644], [109.2281659, 11.7207299], [109.2317284, 11.7243637], [109.232825, 11.7283675], [109.2313443, 11.7359624], [109.2311885, 11.7474099], [109.2279673, 11.7477879], [109.2256844, 11.7454008], [109.2209234, 11.7473281], [109.2235386, 11.7510235], [109.2270519, 11.7516906], [109.2277832, 11.7555063], [109.2255953, 11.7569065], [109.2224194, 11.7539846], [109.2192169, 11.7545005], [109.2118181, 11.7586099], [109.2114999, 11.7610404], [109.2148553, 11.7643007], [109.2122029, 11.7714134], [109.2038798, 11.7752751], [109.1980065, 11.7826279], [109.192038, 11.7869188], [109.1892384, 11.7860623], [109.1720636, 11.7754168], [109.1659728, 11.7705876], [109.1553712, 11.7661404], [109.1488481, 11.7617946], [109.1438055, 11.7539431], [109.1428077, 11.7468529], [109.1396803, 11.7410677], [109.1346967, 11.7401879], [109.1310543, 11.7337171], [109.1283774, 11.7327297], [109.1257176, 11.7285344]]]}, "properties": {"new_ward_code": "1005846", "name": "Xã Vĩnh Hải"}}, {"type": "Feature", "geometry": {"type": "Polygon", "coordinates": [[[109.0580982, 11.8607204], [109.054327, 11.8448863], [109.0456206, 11.8458549], [109.0401113, 11.8400875], [109.0326011, 11.8460571], [109.0287065, 11.8443665], [109.0135574, 11.8310517], [109.0173823, 11.8242837], [109.0133134, 11.8190173], [109.0064832, 11.8149229], [108.9935817, 11.8042736], [108.9885056, 11.792101], [108.9903617, 11.7862248], [108.9942884, 11.7903156], [108.9999157, 11.7940439], [109.0059185, 11.7928939], [109.0082319, 11.7944732], [109.0122426, 11.7932222], [109.01325, 11.7904321], [109.0219322, 11.7876107], [109.0259524, 11.7847883], [109.0366467, 11.7852361], [109.0435713, 11.780065], [109.0458888, 11.7769718], [109.0498424, 11.7758585], [109.0544945, 11.7716236], [109.0749907, 11.7619942], [109.0861756, 11.7688582], [109.1055679, 11.7634594], [109.1134, 11.7483445], [109.1257176, 11.7285344], [109.1283774, 11.7327297], [109.1310543, 11.7337171], [109.1346967, 11.7401879], [109.1396803, 11.7410677], [109.1428077, 11.7468529], [109.1438055, 11.7539431], [109.1488481, 11.7617946], [109.1553712, 11.7661404], [109.1659728, 11.7705876], [109.1720636, 11.7754168], [109.1892384, 11.7860623], [109.1867127, 11.7919034], [109.1852937, 11.7992828], [109.1853794, 11.8070632], [109.1879635, 11.8115558], [109.1935501, 11.8098791], [109.1949795, 11.8114695], [109.1851222, 11.813063], [109.1834271, 11.8121599], [109.1652149, 11.8099703], [109.1501945, 11.8064942], [109.1279885, 11.8043964], [109.1123712, 11.8057925], [109.107648, 11.8067121], [109.1061694, 11.8096906], [109.0922856, 11.81656], [109.0893513, 11.8257329], [109.0755165, 11.8344854], [109.0580982, 11.8607204]]]}, "properties": {"new_ward_code": "1005856", "name": "Xã Công Hải"}}, {"type": "Feature", "geometry": {"type": "Polygon", "coordinates": [[[108.6641561, 11.9143482], [108.6845094, 11.9215388], [108.7096471, 11.9192556], [108.7194592, 11.9035558], [108.7315285, 11.8869371], [108.7356216, 11.8825643], [108.738926, 11.8769316], [108.7419007, 11.8747593], [108.7427133, 11.8681242], [108.7451649, 11.8637076], [108.7489977, 11.8620985], [108.7574226, 11.8627941], [108.7615798, 11.8549176], [108.7660085, 11.8550029], [108.7730602, 11.8488779], [108.7723035, 11.8449545], [108.7833746, 11.8364298], [108.785398, 11.8308206], [108.7917455, 11.8224539], [108.7973419, 11.8270416], [108.8005941, 11.8231023], [108.8048997, 11.8324135], [108.8078535, 11.8352302], [108.8075826, 11.8443927], [108.8124662, 11.8445273], [108.8158918, 11.8470578], [108.8155808, 11.8521181], [108.8213192, 11.8574527], [108.8189262, 11.8692466], [108.8275929, 11.8749419], [108.8292199, 11.8789369], [108.825717, 11.8804225], [108.8259677, 11.8864781], [108.8309935, 11.8861696], [108.8303412, 11.8951758], [108.836176, 11.8965603], [108.8324474, 11.9009055], [108.8305235, 11.9058184], [108.8327568, 11.909208], [108.8385526, 11.9092769], [108.8386211, 11.9132326], [108.8344556, 11.9211976], [108.8370869, 11.924446], [108.8441116, 11.9279107], [108.8523307, 11.9275398], [108.859368, 11.932204], [108.8629192, 11.9368961], [108.8639814, 11.9410948], [108.8630694, 11.947398], [108.8642394, 11.9529212], [108.8638013, 11.9656542], [108.8653868, 11.9680227], [108.8512194, 11.9641183], [108.8484782, 11.9667107], [108.8492399, 11.9724256], [108.8480222, 11.9772954], [108.84534, 11.9799822], [108.8476306, 11.9839178], [108.856194, 11.991149], [108.8579518, 11.9953099], [108.8583648, 12.0020474], [108.8558221, 12.0175654], [108.8460267, 12.0195303], [108.8342893, 12.0231978], [108.8219914, 12.0311518], [108.8189736, 12.0395257], [108.807942, 12.0421444], [108.8045865, 12.045548], [108.8005739, 12.0443466], [108.8022155, 12.0511379], [108.8067725, 12.0534488], [108.8084221, 12.0567591], [108.8065821, 12.0630937], [108.8027491, 12.069992], [108.8008918, 12.0711814], [108.8022974, 12.075757], [108.7994367, 12.0847206], [108.7946838, 12.0877197], [108.7939101, 12.0943609], [108.7972547, 12.0961438], [108.7964393, 12.1009655], [108.7936252, 12.1024708], [108.7927955, 12.1120996], [108.7897378, 12.1134397], [108.7874001, 12.1198827], [108.7850788, 12.120911], [108.7838732, 12.1255933], [108.7873358, 12.1411167], [108.7882787, 12.1499553], [108.7910065, 12.1592375], [108.7856609, 12.160302], [108.7800577, 12.1646467], [108.7747433, 12.1643853], [108.7719119, 12.1604069], [108.7714827, 12.1566784], [108.7681299, 12.1532172], [108.761971, 12.1593614], [108.7586027, 12.159657], [108.7552178, 12.155231], [108.7519938, 12.1561173], [108.7425336, 12.1565342], [108.7356269, 12.1576695], [108.7287369, 12.1625267], [108.727811, 12.1575017], [108.7223436, 12.1573383], [108.7209812, 12.1533892], [108.7171411, 12.1552205], [108.7052858, 12.1541087], [108.7043202, 12.1505165], [108.6933883, 12.1460843], [108.6966759, 12.1396449], [108.6945078, 12.1363339], [108.6931729, 12.1293708], [108.6865113, 12.1302864], [108.6809455, 12.1237566], [108.6730599, 12.1197451], [108.6810212, 12.1165561], [108.6834907, 12.1126256], [108.6918338, 12.1058267], [108.6951807, 12.1001759], [108.6993384, 12.0985765], [108.7005973, 12.0937304], [108.7046206, 12.0930333], [108.7054432, 12.0900185], [108.7031732, 12.0858732], [108.7063372, 12.080654], [108.7092423, 12.0785202], [108.707622, 12.0756887], [108.7103444, 12.0650111], [108.7127555, 12.0626655], [108.7107896, 12.0511552], [108.7031812, 12.0412527], [108.6986749, 12.0425282], [108.6940542, 12.041151], [108.6911774, 12.0297929], [108.6851945, 12.0248903], [108.6856268, 12.022049], [108.6828965, 12.0185631], [108.6796617, 12.0112748], [108.681407, 12.0063311], [108.6837798, 12.0041934], [108.6852378, 11.9917836], [108.68251, 11.9905971], [108.6804732, 11.9843916], [108.6654649, 11.9674733], [108.6617104, 11.961961], [108.6620635, 11.958264], [108.6598053, 11.9511404], [108.6636576, 11.94952], [108.6653477, 11.9463903], [108.6642848, 11.9411299], [108.6650708, 11.9363348], [108.6621988, 11.9309076], [108.6618316, 11.9253307], [108.6641561, 11.9143482]]]}, "properties": {"new_ward_code": "1005843", "name": "Xã Bác Ái Tây"}}, {"type": "Feature", "geometry": {"type": "Polygon", "coordinates": [[[108.7917455, 11.8224539], [108.7950808, 11.8143179], [108.7980151, 11.804063], [108.7959176, 11.7998201], [108.7967813, 11.7961654], [108.7956494, 11.7924581], [108.7968294, 11.7890986], [108.800236, 11.7862143], [108.8049056, 11.7799425], [108.8039911, 11.774031], [108.8061637, 11.769231], [108.8124038, 11.7684249], [108.8195372, 11.755755], [108.8301672, 11.7442752], [108.8366604, 11.7397362], [108.8445416, 11.7413748], [108.8511697, 11.7378233], [108.8580054, 11.7381448], [108.864888, 11.7402221], [108.8824859, 11.7356552], [108.8751631, 11.7476589], [108.8845539, 11.7569577], [108.889499, 11.7583782], [108.8938426, 11.7581903], [108.8988112, 11.7605722], [108.9043915, 11.7601613], [108.9122931, 11.7667164], [108.9176845, 11.7671146], [108.9199604, 11.7704278], [108.9284241, 11.7770506], [108.931396, 11.7829217], [108.9349258, 11.7873539], [108.936106, 11.7913658], [108.9407837, 11.7970266], [108.9430207, 11.7977775], [108.9475107, 11.8051237], [108.9448821, 11.8129475], [108.9395392, 11.811493], [108.9296699, 11.8172967], [108.9245537, 11.8146855], [108.9141417, 11.8168694], [108.9070281, 11.8134095], [108.8938183, 11.8231745], [108.8895026, 11.8239985], [108.88401, 11.8201114], [108.8801149, 11.8149401], [108.8731449, 11.8110357], [108.8727978, 11.8193665], [108.8746644, 11.8244833], [108.8710731, 11.8312564], [108.868804, 11.8391583], [108.8733798, 11.8497532], [108.8666689, 11.8581532], [108.8704347, 11.8622271], [108.8726167, 11.8747343], [108.876338, 11.87788], [108.8817714, 11.879797], [108.8888883, 11.8898085], [108.8913828, 11.8958241], [108.8922411, 11.9047765], [108.8881201, 11.908725], [108.8837546, 11.9110674], [108.8864963, 11.9209741], [108.8842857, 11.925617], [108.8861096, 11.9359252], [108.8887489, 11.9403968], [108.8903033, 11.9481121], [108.8877726, 11.9532182], [108.881464, 11.9569286], [108.8805735, 11.9592954], [108.8727415, 11.958524], [108.870247, 11.9638611], [108.8653868, 11.9680227], [108.8638013, 11.9656542], [108.8642394, 11.9529212], [108.8630694, 11.947398], [108.8639814, 11.9410948], [108.8629192, 11.9368961], [108.859368, 11.932204], [108.8523307, 11.9275398], [108.8441116, 11.9279107], [108.8370869, 11.924446], [108.8344556, 11.9211976], [108.8386211, 11.9132326], [108.8385526, 11.9092769], [108.8327568, 11.909208], [108.8305235, 11.9058184], [108.8324474, 11.9009055], [108.836176, 11.8965603], [108.8303412, 11.8951758], [108.8309935, 11.8861696], [108.8259677, 11.8864781], [108.825717, 11.8804225], [108.8292199, 11.8789369], [108.8275929, 11.8749419], [108.8189262, 11.8692466], [108.8213192, 11.8574527], [108.8155808, 11.8521181], [108.8158918, 11.8470578], [108.8124662, 11.8445273], [108.8075826, 11.8443927], [108.8078535, 11.8352302], [108.8048997, 11.8324135], [108.8005941, 11.8231023], [108.7973419, 11.8270416], [108.7917455, 11.8224539]]]}, "properties": {"new_ward_code": "1005842", "name": "Xã Bác Ái"}}, {"type": "Feature", "geometry": {"type": "Polygon", "coordinates": [[[109.004859, 11.9233024], [108.9922446, 11.9190666], [108.989101, 11.9153085], [108.9820898, 11.9155814], [108.9800432, 11.9175156], [108.9761138, 11.9166994], [108.9710749, 11.9179906], [108.9645696, 11.9225518], [108.9641353, 11.9241409], [108.956059, 11.9260298], [108.9533687, 11.93286], [108.950547, 11.9342456], [108.9488572, 11.9378303], [108.9406255, 11.9361535], [108.9331582, 11.9370877], [108.9304706, 11.9404781], [108.9262596, 11.9406513], [108.9228049, 11.9426719], [108.9204285, 11.9479832], [108.9148575, 11.9526396], [108.9096862, 11.9501375], [108.9003468, 11.9496337], [108.8932764, 11.9475397], [108.8903033, 11.9481121], [108.8887489, 11.9403968], [108.8861096, 11.9359252], [108.8842857, 11.925617], [108.8864963, 11.9209741], [108.8837546, 11.9110674], [108.8881201, 11.908725], [108.8922411, 11.9047765], [108.8913828, 11.8958241], [108.8888883, 11.8898085], [108.8817714, 11.879797], [108.876338, 11.87788], [108.8726167, 11.8747343], [108.8704347, 11.8622271], [108.8666689, 11.8581532], [108.8733798, 11.8497532], [108.868804, 11.8391583], [108.8710731, 11.8312564], [108.8746644, 11.8244833], [108.8727978, 11.8193665], [108.8731449, 11.8110357], [108.8801149, 11.8149401], [108.88401, 11.8201114], [108.8895026, 11.8239985], [108.8938183, 11.8231745], [108.9070281, 11.8134095], [108.9141417, 11.8168694], [108.9245537, 11.8146855], [108.9296699, 11.8172967], [108.9395392, 11.811493], [108.9448821, 11.8129475], [108.9475107, 11.8051237], [108.962928, 11.7919435], [108.9898789, 11.7851115], [108.9903617, 11.7862248], [108.9885056, 11.792101], [108.9935817, 11.8042736], [109.0064832, 11.8149229], [109.0133134, 11.8190173], [109.0173823, 11.8242837], [109.0135574, 11.8310517], [109.0287065, 11.8443665], [109.0326011, 11.8460571], [109.0401113, 11.8400875], [109.0456206, 11.8458549], [109.054327, 11.8448863], [109.0580982, 11.8607204], [109.0507731, 11.8850053], [109.0472963, 11.8982919], [109.0333629, 11.9097394], [109.0192679, 11.9104323], [109.004859, 11.9233024]]]}, "properties": {"new_ward_code": "1005844", "name": "Xã Bác Ái Đông"}}, {"type": "Feature", "geometry": {"type": "Polygon", "coordinates": [[[108.7850976, 11.3881262], [108.8015557, 11.3832828], [108.8125098, 11.3998793], [108.8206395, 11.4094057], [108.8328232, 11.436376], [108.8361937, 11.4405726], [108.8384414, 11.4514719], [108.8414106, 11.4570344], [108.8447869, 11.4596375], [108.848151, 11.4650783], [108.8485995, 11.4702143], [108.8530916, 11.4798301], [108.8579357, 11.4810104], [108.8645071, 11.4861596], [108.865875, 11.4904072], [108.8648128, 11.4945181], [108.8595289, 11.4984186], [108.8547841, 11.4932696], [108.8382147, 11.4945956], [108.8355097, 11.4991677], [108.8380149, 11.5026004], [108.8437575, 11.5257892], [108.8341713, 11.5278444], [108.8293058, 11.5273871], [108.8233861, 11.5304646], [108.8210231, 11.5335841], [108.8164531, 11.5362826], [108.8160664, 11.5382673], [108.7851258, 11.5555059], [108.7508404, 11.5797289], [108.7356932, 11.5932836], [108.7341759, 11.5870808], [108.7320945, 11.5854045], [108.7295303, 11.5794766], [108.7297462, 11.5720693], [108.7132627, 11.5426087], [108.7143791, 11.5406322], [108.7081736, 11.5364141], [108.7038501, 11.5349805], [108.7013853, 11.5301274], [108.6986741, 11.5307467], [108.6934465, 11.5246959], [108.6902225, 11.5162726], [108.6916816, 11.5113237], [108.6879641, 11.5076993], [108.6875886, 11.5041511], [108.6639416, 11.5007578], [108.678811, 11.4734165], [108.7003559, 11.4670866], [108.7134826, 11.4620606], [108.7193192, 11.4638767], [108.7251985, 11.4694051], [108.7512481, 11.4712767], [108.761065, 11.469668], [108.7602496, 11.448943], [108.7570202, 11.4112324], [108.7834132, 11.3937004], [108.7850976, 11.3881262]]]}, "properties": {"new_ward_code": "1005859", "name": "Xã Phước Hà"}}, {"type": "Feature", "geometry": {"type": "Polygon", "coordinates": [[[108.843806, 11.3770367], [108.8565141, 11.3809636], [108.8662612, 11.3776294], [108.8718349, 11.3774927], [108.8753486, 11.38079], [108.8804796, 11.3812239], [108.8826549, 11.37622], [108.8853464, 11.375171], [108.889485, 11.3843806], [108.8955778, 11.3821837], [108.9106089, 11.3811476], [108.9128351, 11.3866064], [108.9222845, 11.3952544], [108.9225845, 11.3975211], [108.9181459, 11.4128415], [108.9176524, 11.4194827], [108.922711, 11.4335928], [108.929961, 11.4414034], [108.9325789, 11.4466769], [108.9361191, 11.4437777], [108.9430126, 11.4434907], [108.9492139, 11.4510408], [108.9536825, 11.4606306], [108.9594669, 11.470745], [108.953248, 11.4764813], [108.9478071, 11.4777233], [108.9497638, 11.4818659], [108.9530683, 11.4816254], [108.9528429, 11.4860203], [108.9472318, 11.4878681], [108.9482725, 11.4912851], [108.9380363, 11.4963881], [108.9410144, 11.4991178], [108.9349312, 11.5024295], [108.9334345, 11.5055204], [108.9276972, 11.5100017], [108.9216824, 11.5100884], [108.916665, 11.5122935], [108.911197, 11.5116972], [108.9101046, 11.5069713], [108.907755, 11.5035176], [108.9078033, 11.4991651], [108.9034259, 11.4951542], [108.8951505, 11.4844557], [108.889516, 11.484317], [108.8845003, 11.4862122], [108.8801417, 11.479888], [108.8740933, 11.4862122], [108.8662344, 11.4877315], [108.8645071, 11.4861596], [108.8579357, 11.4810104], [108.8530916, 11.4798301], [108.8485995, 11.4702143], [108.848151, 11.4650783], [108.8447869, 11.4596375], [108.8414106, 11.4570344], [108.8384414, 11.4514719], [108.8361937, 11.4405726], [108.8328232, 11.436376], [108.8206395, 11.4094057], [108.8125098, 11.3998793], [108.8015557, 11.3832828], [108.843806, 11.3770367]]]}, "properties": {"new_ward_code": "1005860", "name": "Xã Thuận Nam"}}, {"type": "Feature", "geometry": {"type": "Polygon", "coordinates": [[[108.8664468, 11.333286], [108.8735413, 11.3326289], [108.8744833, 11.3352867], [108.8786616, 11.3373775], [108.8862825, 11.337647], [108.897175, 11.3314206], [108.8996984, 11.3269092], [108.9145789, 11.3172128], [108.9176804, 11.3146464], [108.9196747, 11.3076865], [108.9243856, 11.310537], [108.9295195, 11.3077486], [108.9347219, 11.30753], [108.9378198, 11.3112855], [108.9402399, 11.3110862], [108.9481797, 11.314382], [108.9593436, 11.3155306], [108.9610048, 11.321454], [108.9584973, 11.3261669], [108.9581037, 11.3301388], [108.9552464, 11.3341409], [108.9554804, 11.3378619], [108.9518076, 11.3441487], [108.9463198, 11.3569029], [108.941524, 11.3705191], [108.937648, 11.3734721], [108.9361864, 11.3766197], [108.9289659, 11.3831829], [108.9258814, 11.3888519], [108.9225845, 11.3975211], [108.9222845, 11.3952544], [108.9128351, 11.3866064], [108.9106089, 11.3811476], [108.8955778, 11.3821837], [108.889485, 11.3843806], [108.8853464, 11.375171], [108.8826549, 11.37622], [108.8804796, 11.3812239], [108.8753486, 11.38079], [108.8718349, 11.3774927], [108.8662612, 11.3776294], [108.8565141, 11.3809636], [108.843806, 11.3770367], [108.8452327, 11.3658332], [108.849285, 11.3639111], [108.8574288, 11.3557142], [108.8655493, 11.3517892], [108.8694584, 11.3546256], [108.8747348, 11.353502], [108.8766053, 11.3546043], [108.8761462, 11.3408365], [108.8718814, 11.3342236], [108.8664468, 11.333286]]]}, "properties": {"new_ward_code": "1005858", "name": "Xã Cà Ná"}}, {"type": "Feature", "geometry": {"type": "Polygon", "coordinates": [[[109.0034151, 11.5421624], [109.0001249, 11.5433314], [108.9964791, 11.5486405], [108.9939666, 11.5467977], [108.99012, 11.5475088], [108.9874434, 11.545983], [108.9793646, 11.5506699], [108.9722025, 11.5503197], [108.9720315, 11.5524877], [108.9773127, 11.5586007], [108.973101, 11.5584234], [108.9652972, 11.5615214], [108.9618372, 11.5487655], [108.9638572, 11.5445192], [108.9599017, 11.5418423], [108.9602075, 11.5391645], [108.9676629, 11.5385255], [108.9738365, 11.5348167], [108.9789503, 11.5368066], [108.9819731, 11.5362218], [108.9834854, 11.5313111], [108.9822752, 11.5276075], [108.9837875, 11.5119564], [108.9898039, 11.5074626], [108.9851904, 11.4961635], [108.9841175, 11.4855656], [108.9866173, 11.4827531], [108.9858824, 11.4789943], [108.9909786, 11.4725647], [108.9899299, 11.4698783], [108.9778478, 11.4702213], [108.9712796, 11.4680605], [108.971495, 11.4714765], [108.9682522, 11.4736162], [108.9646742, 11.4706826], [108.9594669, 11.470745], [108.9536825, 11.4606306], [108.9492139, 11.4510408], [108.9430126, 11.4434907], [108.9361191, 11.4437777], [108.9325789, 11.4466769], [108.929961, 11.4414034], [108.922711, 11.4335928], [108.9176524, 11.4194827], [108.9181459, 11.4128415], [108.9225845, 11.3975211], [108.9258814, 11.3888519], [108.9289659, 11.3831829], [108.9361864, 11.3766197], [108.937648, 11.3734721], [108.941524, 11.3705191], [108.9463198, 11.3569029], [108.9518076, 11.3441487], [108.9554804, 11.3378619], [108.9552464, 11.3341409], [108.9581037, 11.3301388], [108.9584973, 11.3261669], [108.9610048, 11.321454], [108.9593436, 11.3155306], [108.9621837, 11.315803], [108.967654, 11.3197688], [108.9740588, 11.3262668], [108.9751461, 11.3285367], [108.9823857, 11.3303575], [108.9887325, 11.3368557], [108.9899971, 11.3424307], [108.9925716, 11.343633], [108.9932091, 11.3486949], [108.99706, 11.3500307], [109.0013702, 11.3492492], [109.0018129, 11.3529545], [109.0051935, 11.3556075], [109.0095651, 11.3550179], [109.0145646, 11.3560005], [109.0201502, 11.3625079], [109.0200874, 11.3701586], [109.0172373, 11.3696449], [109.0150065, 11.372613], [109.0114973, 11.373355], [109.0071867, 11.3846412], [109.0057765, 11.3946862], [109.0076996, 11.4009125], [109.0057812, 11.4055372], [109.0072803, 11.4134222], [109.0122081, 11.4178962], [109.0133283, 11.4249536], [109.0117927, 11.4384696], [109.0081192, 11.4425203], [109.0082922, 11.4445168], [109.0128112, 11.4535933], [109.0146508, 11.4698341], [109.0117257, 11.4927074], [109.0114993, 11.5085326], [109.0128316, 11.5164656], [109.0151247, 11.5239124], [109.0188911, 11.5300925], [109.027919, 11.5363206], [109.0221834, 11.5441329], [109.0180384, 11.5448244], [109.0075474, 11.5422326], [109.0034151, 11.5421624]]]}, "properties": {"new_ward_code": "1005849", "name": "Xã Phước Dinh"}}, {"type": "Feature", "geometry": {"type": "Polygon", "coordinates": [[[108.9427005, 11.5797804], [108.9380868, 11.5746956], [108.9361838, 11.566473], [108.9368542, 11.5589279], [108.9352309, 11.5512776], [108.9325005, 11.5547141], [108.9279634, 11.5559448], [108.9180632, 11.556589], [108.9185088, 11.5535241], [108.9156644, 11.5422661], [108.9167212, 11.537908], [108.9154509, 11.5267697], [108.9167397, 11.5235281], [108.9132332, 11.5201745], [108.911197, 11.5116972], [108.916665, 11.5122935], [108.9216824, 11.5100884], [108.9276972, 11.5100017], [108.9334345, 11.5055204], [108.9349312, 11.5024295], [108.9410144, 11.4991178], [108.9380363, 11.4963881], [108.9482725, 11.4912851], [108.9472318, 11.4878681], [108.9528429, 11.4860203], [108.9530683, 11.4816254], [108.9497638, 11.4818659], [108.9478071, 11.4777233], [108.953248, 11.4764813], [108.9594669, 11.470745], [108.9646742, 11.4706826], [108.9682522, 11.4736162], [108.971495, 11.4714765], [108.9712796, 11.4680605], [108.9778478, 11.4702213], [108.9899299, 11.4698783], [108.9909786, 11.4725647], [108.9858824, 11.4789943], [108.9866173, 11.4827531], [108.9841175, 11.4855656], [108.9851904, 11.4961635], [108.9898039, 11.5074626], [108.9837875, 11.5119564], [108.9822752, 11.5276075], [108.9834854, 11.5313111], [108.9819731, 11.5362218], [108.9789503, 11.5368066], [108.9738365, 11.5348167], [108.9676629, 11.5385255], [108.9602075, 11.5391645], [108.9599017, 11.5418423], [108.9638572, 11.5445192], [108.9618372, 11.5487655], [108.9652972, 11.5615214], [108.973101, 11.5584234], [108.9773127, 11.5586007], [108.9800701, 11.5541222], [108.9853674, 11.5548613], [108.98364, 11.558664], [108.9852434, 11.5632792], [108.9836213, 11.5674603], [108.9810792, 11.5690451], [108.974196, 11.5708053], [108.9680618, 11.576891], [108.9642692, 11.5859326], [108.9607125, 11.5884734], [108.9555544, 11.589918], [108.9499971, 11.5891461], [108.9427005, 11.5797804]]]}, "properties": {"new_ward_code": "1005848", "name": "Xã Ninh Phước"}}, {"type": "Feature", "geometry": {"type": "Polygon", "coordinates": [[[108.8645071, 11.4861596], [108.8662344, 11.4877315], [108.8740933, 11.4862122], [108.8801417, 11.479888], [108.8845003, 11.4862122], [108.889516, 11.484317], [108.8951505, 11.4844557], [108.9034259, 11.4951542], [108.9078033, 11.4991651], [108.907755, 11.5035176], [108.9101046, 11.5069713], [108.911197, 11.5116972], [108.9132332, 11.5201745], [108.9167397, 11.5235281], [108.9154509, 11.5267697], [108.9167212, 11.537908], [108.9156644, 11.5422661], [108.9185088, 11.5535241], [108.9180632, 11.556589], [108.9127142, 11.5560674], [108.9081681, 11.5600027], [108.9111411, 11.5650998], [108.9112204, 11.5689292], [108.9076742, 11.5742046], [108.9031614, 11.5772496], [108.9026123, 11.5817963], [108.9003176, 11.5866596], [108.8970101, 11.5879033], [108.8950542, 11.5955704], [108.8957832, 11.6013528], [108.8866058, 11.6016607], [108.8840919, 11.592885], [108.8805547, 11.5891934], [108.8754934, 11.5915529], [108.8715184, 11.5872911], [108.8673989, 11.5848326], [108.8635375, 11.580755], [108.8251966, 11.5931925], [108.8014255, 11.6412552], [108.7869269, 11.6442557], [108.7806719, 11.6473608], [108.7604427, 11.6495044], [108.7584212, 11.6493136], [108.752836, 11.6425166], [108.752566, 11.639918], [108.748828, 11.6336801], [108.7434965, 11.6298698], [108.7438452, 11.6234017], [108.7330162, 11.6148647], [108.733835, 11.5960542], [108.7356932, 11.5932836], [108.7508404, 11.5797289], [108.7851258, 11.5555059], [108.8160664, 11.5382673], [108.8164531, 11.5362826], [108.8210231, 11.5335841], [108.8233861, 11.5304646], [108.8293058, 11.5273871], [108.8341713, 11.5278444], [108.8437575, 11.5257892], [108.8380149, 11.5026004], [108.8355097, 11.4991677], [108.8382147, 11.4945956], [108.8547841, 11.4932696], [108.8595289, 11.4984186], [108.8648128, 11.4945181], [108.865875, 11.4904072], [108.8645071, 11.4861596]]]}, "properties": {"new_ward_code": "1005851", "name": "Xã Phước Hữu"}}, {"type": "Feature", "geometry": {"type": "Polygon", "coordinates": [[[108.9401821, 11.5962709], [108.9405543, 11.6010541], [108.938477, 11.6028037], [108.9332843, 11.6008094], [108.9276946, 11.6033212], [108.9268816, 11.6064822], [108.9229322, 11.6113332], [108.9151749, 11.6114218], [108.9075404, 11.6163817], [108.9042345, 11.6175104], [108.8981205, 11.6169755], [108.8952988, 11.618052], [108.8878414, 11.6244519], [108.8802239, 11.6282243], [108.8724317, 11.6256777], [108.8708559, 11.6307525], [108.8722717, 11.6387506], [108.8751467, 11.646062], [108.8677633, 11.656429], [108.86352, 11.6548423], [108.8610363, 11.6515061], [108.8557535, 11.6519273], [108.8516664, 11.6508148], [108.8419202, 11.6501191], [108.8372444, 11.6512043], [108.831753, 11.649445], [108.8265715, 11.6451948], [108.8239655, 11.6400367], [108.8213989, 11.6381139], [108.8173959, 11.6394227], [108.8131428, 11.6386075], [108.8047689, 11.6387257], [108.8014255, 11.6412552], [108.8251966, 11.5931925], [108.8635375, 11.580755], [108.8673989, 11.5848326], [108.8715184, 11.5872911], [108.8754934, 11.5915529], [108.8805547, 11.5891934], [108.8840919, 11.592885], [108.8866058, 11.6016607], [108.8957832, 11.6013528], [108.8950542, 11.5955704], [108.8970101, 11.5879033], [108.9003176, 11.5866596], [108.9026123, 11.5817963], [108.9031614, 11.5772496], [108.9076742, 11.5742046], [108.9112204, 11.5689292], [108.9111411, 11.5650998], [108.9081681, 11.5600027], [108.9127142, 11.5560674], [108.9180632, 11.556589], [108.9279634, 11.5559448], [108.9325005, 11.5547141], [108.9352309, 11.5512776], [108.9368542, 11.5589279], [108.9361838, 11.566473], [108.9380868, 11.5746956], [108.9427005, 11.5797804], [108.9361194, 11.5830659], [108.9338583, 11.5893799], [108.9401821, 11.5962709]]]}, "properties": {"new_ward_code": "1005850", "name": "Xã Phước Hậu"}}, {"type": "Feature", "geometry": {"type": "Polygon", "coordinates": [[[108.962592, 11.6584413], [108.9642557, 11.6622737], [108.9706434, 11.6692151], [108.9737481, 11.6694791], [108.9831546, 11.6749742], [108.9874622, 11.6811797], [108.9897176, 11.6816445], [108.9995678, 11.6884406], [108.994208, 11.7074648], [108.9937627, 11.7191337], [108.9899664, 11.7185501], [108.9837769, 11.720108], [108.9810276, 11.7223719], [108.9828944, 11.7274117], [108.9884734, 11.7313273], [108.9677292, 11.7533785], [108.9759663, 11.7573804], [108.9806843, 11.7614664], [108.9825154, 11.7662954], [108.9832351, 11.7720013], [108.9882964, 11.7779381], [108.9907828, 11.7826066], [108.9898789, 11.7851115], [108.962928, 11.7919435], [108.9475107, 11.8051237], [108.9430207, 11.7977775], [108.9407837, 11.7970266], [108.936106, 11.7913658], [108.9349258, 11.7873539], [108.931396, 11.7829217], [108.9284241, 11.7770506], [108.9199604, 11.7704278], [108.9176845, 11.7671146], [108.9122931, 11.7667164], [108.9043915, 11.7601613], [108.8988112, 11.7605722], [108.8938426, 11.7581903], [108.889499, 11.7583782], [108.8845539, 11.7569577], [108.8751631, 11.7476589], [108.8824859, 11.7356552], [108.864888, 11.7402221], [108.8580054, 11.7381448], [108.8511697, 11.7378233], [108.8445416, 11.7413748], [108.8366604, 11.7397362], [108.8301672, 11.7442752], [108.8195372, 11.755755], [108.809263, 11.7476853], [108.8083762, 11.7393674], [108.8108881, 11.7259142], [108.8121183, 11.7121455], [108.8135931, 11.7081056], [108.805477, 11.7098023], [108.7869561, 11.6836879], [108.7637472, 11.6701253], [108.7584794, 11.6604691], [108.7584212, 11.6493136], [108.7604427, 11.6495044], [108.7806719, 11.6473608], [108.7869269, 11.6442557], [108.8014255, 11.6412552], [108.8047689, 11.6387257], [108.8131428, 11.6386075], [108.8173959, 11.6394227], [108.8213989, 11.6381139], [108.8239655, 11.6400367], [108.8265715, 11.6451948], [108.831753, 11.649445], [108.8372444, 11.6512043], [108.8419202, 11.6501191], [108.8516664, 11.6508148], [108.8557535, 11.6519273], [108.8610363, 11.6515061], [108.86352, 11.6548423], [108.8677633, 11.656429], [108.8751467, 11.646062], [108.8722717, 11.6387506], [108.8708559, 11.6307525], [108.8754378, 11.6369941], [108.8784147, 11.6392916], [108.8883603, 11.6530968], [108.9020734, 11.6637451], [108.9056012, 11.6683128], [108.9122799, 11.6715778], [108.9209086, 11.6823788], [108.9464486, 11.6746721], [108.9497477, 11.6726627], [108.962592, 11.6584413]]]}, "properties": {"new_ward_code": "1005854", "name": "Xã Mỹ Sơn"}}, {"type": "Feature", "geometry": {"type": "Polygon", "coordinates": [[[108.6639416, 11.5007578], [108.6875886, 11.5041511], [108.6879641, 11.5076993], [108.6916816, 11.5113237], [108.6902225, 11.5162726], [108.6934465, 11.5246959], [108.6986741, 11.5307467], [108.7013853, 11.5301274], [108.7038501, 11.5349805], [108.7081736, 11.5364141], [108.7143791, 11.5406322], [108.7132627, 11.5426087], [108.7297462, 11.5720693], [108.7295303, 11.5794766], [108.7320945, 11.5854045], [108.7341759, 11.5870808], [108.7356932, 11.5932836], [108.733835, 11.5960542], [108.7330162, 11.6148647], [108.7438452, 11.6234017], [108.7434965, 11.6298698], [108.748828, 11.6336801], [108.752566, 11.639918], [108.752836, 11.6425166], [108.7584212, 11.6493136], [108.7584794, 11.6604691], [108.7637472, 11.6701253], [108.7869561, 11.6836879], [108.805477, 11.7098023], [108.8002861, 11.7153861], [108.7955686, 11.7175027], [108.7806472, 11.7194945], [108.7766367, 11.7205188], [108.7727896, 11.7185395], [108.7667331, 11.7197028], [108.7619448, 11.7238373], [108.7551662, 11.716963], [108.7519654, 11.7174005], [108.7468336, 11.7248148], [108.7391913, 11.7250896], [108.7392823, 11.7283523], [108.7354767, 11.7350399], [108.7298323, 11.7331917], [108.7246929, 11.7346972], [108.7179659, 11.7332462], [108.717058, 11.7317414], [108.7237402, 11.7229297], [108.7227362, 11.7215079], [108.7142242, 11.7176932], [108.7082744, 11.7176744], [108.7004917, 11.719628], [108.6938892, 11.722561], [108.6960951, 11.7082487], [108.7009299, 11.7017444], [108.6934516, 11.6984948], [108.688223, 11.6896152], [108.6861992, 11.6807372], [108.6798614, 11.673016], [108.6786042, 11.669705], [108.6740681, 11.6676631], [108.6722031, 11.664184], [108.6688078, 11.6638954], [108.6633001, 11.6682374], [108.6591833, 11.6689002], [108.6531705, 11.6640941], [108.649748, 11.6643673], [108.645612, 11.6618561], [108.6340046, 11.6578405], [108.6253935, 11.6542171], [108.6229527, 11.6502347], [108.620091, 11.6518391], [108.6098503, 11.6495795], [108.6059609, 11.6499667], [108.6038315, 11.6479995], [108.5987645, 11.6495569], [108.5949192, 11.6488746], [108.5881687, 11.6448076], [108.5842511, 11.6407013], [108.5808729, 11.6419311], [108.5730963, 11.6396958], [108.5671155, 11.6425209], [108.5624859, 11.6426332], [108.5595525, 11.639475], [108.5593146, 11.6357125], [108.5530785, 11.6330296], [108.5524267, 11.6201807], [108.5537687, 11.6185738], [108.552263, 11.6134929], [108.5536197, 11.606075], [108.5514745, 11.6016475], [108.5665767, 11.5812476], [108.5709402, 11.5797599], [108.5739837, 11.5754248], [108.5768873, 11.5662666], [108.5824352, 11.5593799], [108.5824433, 11.5559269], [108.6438256, 11.5506134], [108.6593932, 11.5049107], [108.6639416, 11.5007578]]]}, "properties": {"new_ward_code": "1005852", "name": "Xã Anh Dũng"}}, {"type": "Feature", "geometry": {"type": "Polygon", "coordinates": [[[108.6896029, 11.7328216], [108.6938892, 11.722561], [108.7004917, 11.719628], [108.7082744, 11.7176744], [108.7142242, 11.7176932], [108.7227362, 11.7215079], [108.7237402, 11.7229297], [108.717058, 11.7317414], [108.7179659, 11.7332462], [108.7246929, 11.7346972], [108.7298323, 11.7331917], [108.7354767, 11.7350399], [108.7392823, 11.7283523], [108.7391913, 11.7250896], [108.7468336, 11.7248148], [108.7519654, 11.7174005], [108.7551662, 11.716963], [108.7619448, 11.7238373], [108.7667331, 11.7197028], [108.7727896, 11.7185395], [108.7766367, 11.7205188], [108.7806472, 11.7194945], [108.7955686, 11.7175027], [108.8002861, 11.7153861], [108.805477, 11.7098023], [108.8135931, 11.7081056], [108.8121183, 11.7121455], [108.8108881, 11.7259142], [108.8083762, 11.7393674], [108.809263, 11.7476853], [108.8195372, 11.755755], [108.8124038, 11.7684249], [108.8061637, 11.769231], [108.8039911, 11.774031], [108.8049056, 11.7799425], [108.800236, 11.7862143], [108.7968294, 11.7890986], [108.7956494, 11.7924581], [108.7857155, 11.7923573], [108.7822544, 11.7863246], [108.7798941, 11.7900793], [108.7796634, 11.7937604], [108.7735507, 11.7973495], [108.7696011, 11.789331], [108.7664241, 11.7867289], [108.7661519, 11.782726], [108.7556419, 11.7808487], [108.7518516, 11.7784016], [108.7537694, 11.7743225], [108.7445721, 11.7733352], [108.738808, 11.7744721], [108.7380597, 11.7760738], [108.7294982, 11.7782191], [108.7259334, 11.7754725], [108.7161514, 11.7739076], [108.6919069, 11.7825988], [108.6873525, 11.77944], [108.6838851, 11.7790395], [108.6766854, 11.7809446], [108.6725385, 11.78326], [108.6711378, 11.7773919], [108.6628295, 11.7626382], [108.6651117, 11.7586619], [108.6673751, 11.7476062], [108.683871, 11.7374305], [108.6896029, 11.7328216]]]}, "properties": {"new_ward_code": "1005855", "name": "Xã Ninh Sơn"}}, {"type": "Feature", "geometry": {"type": "Polygon", "coordinates": [[[108.6725385, 11.78326], [108.6766854, 11.7809446], [108.6838851, 11.7790395], [108.6873525, 11.77944], [108.6919069, 11.7825988], [108.7161514, 11.7739076], [108.7259334, 11.7754725], [108.7294982, 11.7782191], [108.7380597, 11.7760738], [108.738808, 11.7744721], [108.7445721, 11.7733352], [108.7537694, 11.7743225], [108.7518516, 11.7784016], [108.7556419, 11.7808487], [108.7661519, 11.782726], [108.7664241, 11.7867289], [108.7696011, 11.789331], [108.7735507, 11.7973495], [108.7796634, 11.7937604], [108.7798941, 11.7900793], [108.7822544, 11.7863246], [108.7857155, 11.7923573], [108.7956494, 11.7924581], [108.7967813, 11.7961654], [108.7959176, 11.7998201], [108.7980151, 11.804063], [108.7950808, 11.8143179], [108.7917455, 11.8224539], [108.785398, 11.8308206], [108.7833746, 11.8364298], [108.7723035, 11.8449545], [108.7730602, 11.8488779], [108.7660085, 11.8550029], [108.7615798, 11.8549176], [108.7574226, 11.8627941], [108.7489977, 11.8620985], [108.7451649, 11.8637076], [108.7427133, 11.8681242], [108.7419007, 11.8747593], [108.738926, 11.8769316], [108.7356216, 11.8825643], [108.7315285, 11.8869371], [108.7194592, 11.9035558], [108.7096471, 11.9192556], [108.6845094, 11.9215388], [108.6641561, 11.9143482], [108.6609556, 11.9089385], [108.6599457, 11.9038553], [108.6558426, 11.9020932], [108.6562676, 11.8990519], [108.6533626, 11.8932501], [108.6554711, 11.8903012], [108.6556698, 11.8861451], [108.6521889, 11.8720221], [108.6527324, 11.8693004], [108.6503541, 11.8633453], [108.6535999, 11.8541995], [108.6531559, 11.8463539], [108.6500179, 11.8408746], [108.6451002, 11.8347319], [108.6378121, 11.8306264], [108.6251315, 11.8316861], [108.6242161, 11.8259717], [108.6269631, 11.8197145], [108.6256269, 11.8146015], [108.6197473, 11.80991], [108.6186451, 11.8036796], [108.6236301, 11.8001372], [108.6270917, 11.7998068], [108.6313855, 11.7957567], [108.6405159, 11.79284], [108.6493752, 11.7935173], [108.6552399, 11.7926502], [108.6583241, 11.7899926], [108.6642167, 11.7883198], [108.6682583, 11.7890708], [108.6725385, 11.78326]]]}, "properties": {"new_ward_code": "1005853", "name": "Xã Lâm Sơn"}}, {"type": "Feature", "geometry": {"type": "Polygon", "coordinates": [[[108.8653868, 11.9680227], [108.8706577, 11.9773089], [108.8716786, 11.9877222], [108.8696367, 11.9938171], [108.8651054, 11.9980955], [108.8653015, 12.0012831], [108.8715629, 12.0078133], [108.8775025, 12.0089893], [108.8815058, 12.0138482], [108.8777992, 12.023641], [108.8821394, 12.027364], [108.883266, 12.0377023], [108.885167, 12.0391685], [108.8792527, 12.0462091], [108.877246, 12.0517736], [108.8826222, 12.0542255], [108.8861125, 12.0544107], [108.8903673, 12.0599852], [108.8943504, 12.0631827], [108.8961509, 12.0671309], [108.9041625, 12.071079], [108.9019848, 12.0750522], [108.9018792, 12.0826984], [108.900497, 12.0924983], [108.8966078, 12.0978276], [108.8893368, 12.0962191], [108.8853156, 12.0980531], [108.8816357, 12.1048509], [108.8778269, 12.1081134], [108.8726127, 12.1044943], [108.8682622, 12.1046883], [108.8628334, 12.1074368], [108.8600278, 12.1123067], [108.8525176, 12.110652], [108.8482102, 12.1147304], [108.8415527, 12.1174809], [108.8379264, 12.1275509], [108.8361454, 12.1401799], [108.8308775, 12.1368811], [108.8238233, 12.1359266], [108.8177401, 12.1397393], [108.8157391, 12.1452564], [108.8155138, 12.1511877], [108.809098, 12.1541455], [108.8050362, 12.1575469], [108.798176, 12.1603807], [108.7910065, 12.1592375], [108.7882787, 12.1499553], [108.7873358, 12.1411167], [108.7838732, 12.1255933], [108.7850788, 12.120911], [108.7874001, 12.1198827], [108.7897378, 12.1134397], [108.7927955, 12.1120996], [108.7936252, 12.1024708], [108.7964393, 12.1009655], [108.7972547, 12.0961438], [108.7939101, 12.0943609], [108.7946838, 12.0877197], [108.7994367, 12.0847206], [108.8022974, 12.075757], [108.8008918, 12.0711814], [108.8027491, 12.069992], [108.8065821, 12.0630937], [108.8084221, 12.0567591], [108.8067725, 12.0534488], [108.8022155, 12.0511379], [108.8005739, 12.0443466], [108.8045865, 12.045548], [108.807942, 12.0421444], [108.8189736, 12.0395257], [108.8219914, 12.0311518], [108.8342893, 12.0231978], [108.8460267, 12.0195303], [108.8558221, 12.0175654], [108.8583648, 12.0020474], [108.8579518, 11.9953099], [108.856194, 11.991149], [108.8476306, 11.9839178], [108.84534, 11.9799822], [108.8480222, 11.9772954], [108.8492399, 11.9724256], [108.8484782, 11.9667107], [108.8512194, 11.9641183], [108.8653868, 11.9680227]]]}, "properties": {"new_ward_code": "1005812", "name": "Xã Tây Khánh Sơn"}}, {"type": "Feature", "geometry": {"type": "Polygon", "coordinates": [[[108.8903033, 11.9481121], [108.8932764, 11.9475397], [108.9003468, 11.9496337], [108.9024827, 11.9542103], [108.9026236, 11.9591693], [108.8992892, 11.9722398], [108.8998625, 11.9798259], [108.9040569, 11.97876], [108.907336, 11.9754674], [108.910263, 11.9756976], [108.9147189, 11.9734908], [108.9185109, 11.9764281], [108.9247422, 11.9751972], [108.9321653, 11.9706185], [108.9362541, 11.9665953], [108.9415751, 11.9684968], [108.9474744, 11.9745416], [108.9523427, 11.9772138], [108.9520057, 11.9851952], [108.9531725, 11.9971398], [108.9565572, 12.0025741], [108.9513821, 12.0067274], [108.9516587, 12.0094346], [108.9495716, 12.0180565], [108.9478314, 12.0215543], [108.9423747, 12.0217595], [108.9403882, 12.0241714], [108.9412482, 12.0280896], [108.9446932, 12.0330385], [108.9435264, 12.0365614], [108.9464182, 12.0449931], [108.9446731, 12.046134], [108.9441299, 12.0515184], [108.9417159, 12.0544157], [108.9399456, 12.0607908], [108.9378182, 12.0626423], [108.9403429, 12.0709239], [108.9371091, 12.0756327], [108.9415751, 12.0769137], [108.9440453, 12.0758332], [108.9455205, 12.0783406], [108.942908, 12.0827784], [108.9449765, 12.0846573], [108.9442538, 12.0910109], [108.940199, 12.1023463], [108.9310956, 12.0996057], [108.9321256, 12.0911188], [108.9306986, 12.0887059], [108.9257181, 12.0873462], [108.9189198, 12.088463], [108.9112419, 12.091402], [108.9066607, 12.0951367], [108.900497, 12.0924983], [108.9018792, 12.0826984], [108.9019848, 12.0750522], [108.9041625, 12.071079], [108.8961509, 12.0671309], [108.8943504, 12.0631827], [108.8903673, 12.0599852], [108.8861125, 12.0544107], [108.8826222, 12.0542255], [108.877246, 12.0517736], [108.8792527, 12.0462091], [108.885167, 12.0391685], [108.883266, 12.0377023], [108.8821394, 12.027364], [108.8777992, 12.023641], [108.8815058, 12.0138482], [108.8775025, 12.0089893], [108.8715629, 12.0078133], [108.8653015, 12.0012831], [108.8651054, 11.9980955], [108.8696367, 11.9938171], [108.8716786, 11.9877222], [108.8706577, 11.9773089], [108.8653868, 11.9680227], [108.870247, 11.9638611], [108.8727415, 11.958524], [108.8805735, 11.9592954], [108.881464, 11.9569286], [108.8877726, 11.9532182], [108.8903033, 11.9481121]]]}, "properties": {"new_ward_code": "1005811", "name": "Xã Khánh Sơn"}}, {"type": "Feature", "geometry": {"type": "Polygon", "coordinates": [[[109.005999, 11.9605707], [109.0037084, 11.9652203], [109.00491, 11.9700116], [109.0062833, 11.9823069], [109.0058038, 11.9859074], [109.0020829, 11.9889869], [109.0028351, 11.9982615], [109.0078604, 12.0070269], [109.0008652, 12.0140264], [109.0030535, 12.0238646], [109.0017772, 12.0263249], [108.995592, 12.0269177], [108.9929581, 12.0335599], [109.003527, 12.0396558], [109.0055323, 12.046592], [109.0001522, 12.0522017], [108.9949697, 12.0561558], [108.9906728, 12.0609455], [108.981151, 12.0666058], [108.9800996, 12.0695855], [108.9766288, 12.069554], [108.9718518, 12.07251], [108.9613858, 12.0700012], [108.9476264, 12.0730657], [108.9440453, 12.0758332], [108.9415751, 12.0769137], [108.9371091, 12.0756327], [108.9403429, 12.0709239], [108.9378182, 12.0626423], [108.9399456, 12.0607908], [108.9417159, 12.0544157], [108.9441299, 12.0515184], [108.9446731, 12.046134], [108.9464182, 12.0449931], [108.9435264, 12.0365614], [108.9446932, 12.0330385], [108.9412482, 12.0280896], [108.9403882, 12.0241714], [108.9423747, 12.0217595], [108.9478314, 12.0215543], [108.9495716, 12.0180565], [108.9516587, 12.0094346], [108.9513821, 12.0067274], [108.9565572, 12.0025741], [108.9531725, 11.9971398], [108.9520057, 11.9851952], [108.9523427, 11.9772138], [108.9474744, 11.9745416], [108.9415751, 11.9684968], [108.9362541, 11.9665953], [108.9321653, 11.9706185], [108.9247422, 11.9751972], [108.9185109, 11.9764281], [108.9147189, 11.9734908], [108.910263, 11.9756976], [108.907336, 11.9754674], [108.9040569, 11.97876], [108.8998625, 11.9798259], [108.8992892, 11.9722398], [108.9026236, 11.9591693], [108.9024827, 11.9542103], [108.9003468, 11.9496337], [108.9096862, 11.9501375], [108.9148575, 11.9526396], [108.9204285, 11.9479832], [108.9228049, 11.9426719], [108.9262596, 11.9406513], [108.9304706, 11.9404781], [108.9331582, 11.9370877], [108.9406255, 11.9361535], [108.9488572, 11.9378303], [108.950547, 11.9342456], [108.9533687, 11.93286], [108.956059, 11.9260298], [108.9641353, 11.9241409], [108.9645696, 11.9225518], [108.9710749, 11.9179906], [108.9761138, 11.9166994], [108.9800432, 11.9175156], [108.9820898, 11.9155814], [108.989101, 11.9153085], [108.9922446, 11.9190666], [109.004859, 11.9233024], [109.0017021, 11.9269292], [109.0001893, 11.9314377], [109.0023887, 11.9342456], [109.0030217, 11.9399244], [109.0005004, 11.948752], [109.0008652, 11.9513131], [109.0046203, 11.9565927], [109.005999, 11.9605707]]]}, "properties": {"new_ward_code": "1005813", "name": "Xã Đông Khánh Sơn"}}, {"type": "Feature", "geometry": {"type": "MultiPolygon", "coordinates": [[[[109.4091898, 12.5524384], [109.4128714, 12.5565129], [109.410204, 12.5608189], [109.4015859, 12.5700317], [109.3980977, 12.5703321], [109.3993288, 12.5764403], [109.3982003, 12.5804457], [109.3937886, 12.5801453], [109.3966695, 12.5892091], [109.3962756, 12.5940153], [109.3889215, 12.6010641], [109.3848505, 12.6059341], [109.3860981, 12.6087536], [109.3827493, 12.6140079], [109.3847848, 12.6163787], [109.3846535, 12.6238755], [109.3758557, 12.6285769], [109.3629853, 12.632269], [109.3588486, 12.6296421], [109.3560252, 12.6254773], [109.3510349, 12.6275277], [109.3459133, 12.6265666], [109.3434182, 12.6321409], [109.3389532, 12.631372], [109.3319931, 12.6356648], [109.321553, 12.6379073], [109.3182043, 12.639509], [109.3165627, 12.6360492], [109.3107189, 12.6336145], [109.3084864, 12.6309876], [109.3049407, 12.6304109], [109.3027739, 12.6213766], [109.3050064, 12.6155457], [109.3092743, 12.6102274], [109.317088, 12.6072798], [109.3205681, 12.6069594], [109.3275282, 12.6093303], [109.3315335, 12.609138], [109.3394129, 12.6023457], [109.3390846, 12.5901063], [109.3438778, 12.5900422], [109.3476862, 12.5865176], [109.3507723, 12.5865176], [109.3539897, 12.5829289], [109.3602275, 12.5819036], [109.3676472, 12.5748542], [109.3671876, 12.5715217], [109.3715869, 12.5695991], [109.3738851, 12.5667792], [109.383012, 12.5665869], [109.3858669, 12.5602319], [109.3899012, 12.5595346], [109.3965828, 12.5508387], [109.400449, 12.5488698], [109.4035167, 12.5507566], [109.4075509, 12.5502644], [109.4091898, 12.5524384]]], [[[109.3445473, 12.6417838], [109.3481512, 12.6443294], [109.3469141, 12.6467174], [109.3499263, 12.6507062], [109.3483664, 12.6522545], [109.3391415, 12.6488955], [109.3426378, 12.6426761], [109.3445473, 12.6417838]]], [[[109.3675434, 12.7023016], [109.3706827, 12.7036625], [109.3726453, 12.7074447], [109.3681488, 12.7077117], [109.3661734, 12.704897], [109.3675434, 12.7023016]]], [[[109.331856, 12.8484156], [109.3288172, 12.8406582], [109.3219877, 12.8361565], [109.323843, 12.8288517], [109.3144433, 12.8157412], [109.3208103, 12.8074146], [109.3258396, 12.7983073], [109.327122, 12.7928429], [109.3315196, 12.7934494], [109.3361841, 12.7969737], [109.3446578, 12.7984158], [109.352138, 12.7978868], [109.3546046, 12.7909339], [109.3551206, 12.7863467], [109.3538792, 12.7776714], [109.3530626, 12.7644618], [109.356478, 12.7594842], [109.3613648, 12.7419387], [109.3625085, 12.7415644], [109.369076, 12.7293921], [109.3726166, 12.7245465], [109.3751801, 12.717373], [109.3779814, 12.7168846], [109.3797846, 12.7124433], [109.3736399, 12.7048645], [109.3696577, 12.6977554], [109.3709629, 12.694565], [109.3645509, 12.6898317], [109.3587487, 12.6888183], [109.3571289, 12.6949911], [109.3544472, 12.6940706], [109.3483562, 12.6840678], [109.346494, 12.6794837], [109.3474367, 12.6758532], [109.3435069, 12.6652299], [109.3402458, 12.6654595], [109.3362116, 12.6624418], [109.3327669, 12.6624507], [109.3351423, 12.6575636], [109.3393076, 12.6520979], [109.3415769, 12.6576742], [109.3484687, 12.6635784], [109.3512422, 12.6640294], [109.35452, 12.6591093], [109.3546041, 12.6530409], [109.3618741, 12.6508678], [109.3607815, 12.6467264], [109.3639753, 12.642093], [109.3681776, 12.6469315], [109.3645636, 12.6522619], [109.3702367, 12.6558701], [109.3660344, 12.6676785], [109.3679576, 12.6721343], [109.374406, 12.674313], [109.3755318, 12.6719319], [109.3799625, 12.6698485], [109.3877779, 12.6708264], [109.3923394, 12.6688918], [109.3946927, 12.6722012], [109.3914585, 12.6761654], [109.3900717, 12.6840371], [109.3939799, 12.6868659], [109.3967914, 12.6851335], [109.3974258, 12.6770264], [109.4009461, 12.6750591], [109.4022756, 12.6702947], [109.4071959, 12.6684234], [109.407377, 12.6617548], [109.4091533, 12.6559535], [109.4134119, 12.650256], [109.4107051, 12.6473005], [109.4096125, 12.642052], [109.4095261, 12.634365], [109.4040984, 12.6348513], [109.3905635, 12.6304946], [109.3898712, 12.6286452], [109.3954086, 12.6204417], [109.3973837, 12.6144545], [109.397846, 12.6072779], [109.403351, 12.6076469], [109.4062086, 12.6027667], [109.4118397, 12.6052273], [109.4145712, 12.6035049], [109.4152016, 12.5990757], [109.414151, 12.5950566], [109.4152856, 12.589684], [109.4149494, 12.5847214], [109.4160421, 12.5772158], [109.4207907, 12.5772978], [109.4252451, 12.5735654], [109.4280607, 12.5756982], [109.4332716, 12.5647059], [109.4355829, 12.5642548], [109.4399112, 12.5679052], [109.4392689, 12.5742612], [109.4400568, 12.579388], [109.4354605, 12.5845148], [109.4357103, 12.5946828], [109.4293601, 12.5964975], [109.4294391, 12.6018768], [109.4332044, 12.6059122], [109.4334397, 12.6123754], [109.4355577, 12.62143], [109.4328682, 12.6267118], [109.4361628, 12.6311405], [109.4343138, 12.6339617], [109.4358266, 12.6440653], [109.4377765, 12.6476409], [109.4440968, 12.6476409], [109.4466854, 12.6498058], [109.4505516, 12.6490186], [109.4543505, 12.6506259], [109.4570736, 12.6473456], [109.4604018, 12.6509867], [109.456771, 12.6528893], [109.4585405, 12.6592858], [109.4534428, 12.667125], [109.4471225, 12.6673546], [109.4419788, 12.6638449], [109.4406341, 12.6659114], [109.4404996, 12.6717498], [109.4363645, 12.6684042], [109.4302796, 12.6676498], [109.4262453, 12.6685682], [109.4163615, 12.6822127], [109.4104782, 12.6926424], [109.4110616, 12.7005837], [109.4069666, 12.6999205], [109.4028125, 12.702532], [109.3918046, 12.719335], [109.3807777, 12.738912], [109.3750289, 12.7515363], [109.3667923, 12.7716026], [109.3614134, 12.7882906], [109.3588584, 12.8023548], [109.3590218, 12.8102986], [109.3631659, 12.8150812], [109.3573248, 12.82186], [109.3618814, 12.8332687], [109.3660768, 12.8368718], [109.3772692, 12.8366664], [109.3904819, 12.8435912], [109.3793901, 12.8542221], [109.3766949, 12.8557291], [109.3756151, 12.8593463], [109.3678206, 12.8685237], [109.3658493, 12.8666364], [109.3631, 12.8594498], [109.3599801, 12.8581926], [109.3525968, 12.857537], [109.3499762, 12.8558809], [109.343663, 12.8477053], [109.3409425, 12.8490241], [109.331856, 12.8484156]]], [[[109.4021376, 12.6433175], [109.399231, 12.6479419], [109.4021175, 12.6513159], [109.3989807, 12.6544167], [109.3948902, 12.6542087], [109.3929045, 12.6506138], [109.394947, 12.6476584], [109.4021376, 12.6433175]]]]}, "properties": {"new_ward_code": "1005823", "name": "Xã Đại Lãnh"}}, {"type": "Feature", "geometry": {"type": "MultiPolygon", "coordinates": [[[[109.2946102, 12.7126243], [109.3022041, 12.7118179], [109.3046085, 12.7159358], [109.3091724, 12.7182867], [109.3124643, 12.7233763], [109.3069953, 12.7242539], [109.2959403, 12.7187687], [109.2946102, 12.7126243]]], [[[109.2204907, 12.8189997], [109.2125407, 12.8020653], [109.2174845, 12.7773004], [109.2366912, 12.775589], [109.2363291, 12.7691989], [109.2348102, 12.7672874], [109.2343827, 12.7548724], [109.2587997, 12.7533362], [109.2616111, 12.7483622], [109.2680083, 12.7411764], [109.2744357, 12.7358822], [109.2768296, 12.731934], [109.2794581, 12.7306602], [109.2927834, 12.7437929], [109.2959326, 12.7499597], [109.3023469, 12.755979], [109.3046169, 12.7607785], [109.308525, 12.7603009], [109.3129719, 12.7620793], [109.3155527, 12.7654935], [109.325037, 12.7652737], [109.3277621, 12.7708822], [109.3257558, 12.7721692], [109.3295431, 12.7773067], [109.3292534, 12.7859072], [109.3315196, 12.7934494], [109.327122, 12.7928429], [109.3258396, 12.7983073], [109.3208103, 12.8074146], [109.3144433, 12.8157412], [109.323843, 12.8288517], [109.3219877, 12.8361565], [109.3193363, 12.8369013], [109.3170442, 12.8432746], [109.3103302, 12.8391295], [109.3061511, 12.838815], [109.3019368, 12.841075], [109.2972924, 12.8362318], [109.2854037, 12.8318477], [109.2813417, 12.8338439], [109.2712197, 12.8321445], [109.2608753, 12.8380746], [109.254011, 12.8359578], [109.2524354, 12.8321257], [109.2484702, 12.8270199], [109.2330238, 12.8169406], [109.2294165, 12.8125087], [109.2204907, 12.8189997]]]]}, "properties": {"new_ward_code": "1005819", "name": "Xã Tu Bông"}}, {"type": "Feature", "geometry": {"type": "Polygon", "coordinates": [[[109.194904, 12.8283802], [109.1874517, 12.8269873], [109.1821347, 12.8294934], [109.1767805, 12.8260722], [109.1719276, 12.8272943], [109.1668341, 12.8255911], [109.1646443, 12.8231155], [109.1621982, 12.8150348], [109.1579864, 12.8120574], [109.1620572, 12.8083553], [109.1669909, 12.8073795], [109.1705616, 12.8040669], [109.1711551, 12.7994582], [109.1743034, 12.7974516], [109.1744341, 12.7914618], [109.172523, 12.7895152], [109.1804743, 12.7774055], [109.1801021, 12.7742229], [109.1846385, 12.7689437], [109.1855488, 12.7660114], [109.1899494, 12.7621483], [109.1938973, 12.7540718], [109.1937012, 12.7517899], [109.1984035, 12.7444941], [109.2016524, 12.7442539], [109.2051427, 12.7402057], [109.2059776, 12.736883], [109.2186412, 12.7271752], [109.2209949, 12.7215157], [109.2262505, 12.7209702], [109.2295949, 12.7136644], [109.2266075, 12.7076596], [109.2299771, 12.7025955], [109.2347417, 12.6985407], [109.2429946, 12.702843], [109.2470884, 12.7039186], [109.2563295, 12.7032062], [109.2566675, 12.706346], [109.2656872, 12.7174521], [109.2687791, 12.7192608], [109.2707608, 12.7235725], [109.2753652, 12.7274647], [109.2768296, 12.731934], [109.2744357, 12.7358822], [109.2680083, 12.7411764], [109.2616111, 12.7483622], [109.2587997, 12.7533362], [109.2343827, 12.7548724], [109.2348102, 12.7672874], [109.2363291, 12.7691989], [109.2366912, 12.775589], [109.2174845, 12.7773004], [109.2125407, 12.8020653], [109.2204907, 12.8189997], [109.2161277, 12.8272157], [109.2100563, 12.8297929], [109.2060572, 12.8288112], [109.194904, 12.8283802]]]}, "properties": {"new_ward_code": "1005822", "name": "Xã Vạn Thắng"}}, {"type": "Feature", "geometry": {"type": "Polygon", "coordinates": [[[109.0852226, 12.7438933], [109.087762, 12.738804], [109.096464, 12.734761], [109.100446, 12.729752], [109.098641, 12.726062], [109.10817, 12.722069], [109.1085236, 12.7199698], [109.1144956, 12.7177527], [109.1201686, 12.7113875], [109.1249112, 12.7102767], [109.1326059, 12.7128287], [109.1394658, 12.7128988], [109.1458177, 12.7118379], [109.1483022, 12.7067088], [109.1528386, 12.7096311], [109.155836, 12.7086954], [109.1632189, 12.7033861], [109.1660957, 12.6977966], [109.1661359, 12.6845961], [109.1693295, 12.6812634], [109.1675944, 12.679517], [109.1707678, 12.675784], [109.1700688, 12.673307], [109.1735641, 12.6681579], [109.1800568, 12.6667417], [109.1879427, 12.6625734], [109.1907038, 12.6641997], [109.1995904, 12.6636343], [109.2049717, 12.6590406], [109.21289, 12.657408], [109.2099994, 12.662701], [109.210429, 12.6679112], [109.2163551, 12.6748181], [109.2258203, 12.6878945], [109.2257558, 12.6904453], [109.2347417, 12.6985407], [109.2299771, 12.7025955], [109.2266075, 12.7076596], [109.2295949, 12.7136644], [109.2262505, 12.7209702], [109.2209949, 12.7215157], [109.2186412, 12.7271752], [109.2059776, 12.736883], [109.2051427, 12.7402057], [109.2016524, 12.7442539], [109.1984035, 12.7444941], [109.1937012, 12.7517899], [109.1938973, 12.7540718], [109.1899494, 12.7621483], [109.1855488, 12.7660114], [109.1846385, 12.7689437], [109.1801021, 12.7742229], [109.1804743, 12.7774055], [109.172523, 12.7895152], [109.1744341, 12.7914618], [109.1743034, 12.7974516], [109.1711551, 12.7994582], [109.1705616, 12.8040669], [109.1669909, 12.8073795], [109.1620572, 12.8083553], [109.1579864, 12.8120574], [109.1558472, 12.8042145], [109.1516272, 12.7987268], [109.1480823, 12.7910835], [109.1421898, 12.781618], [109.1399223, 12.7812875], [109.1350728, 12.7875117], [109.1264045, 12.7958477], [109.1198618, 12.7982301], [109.1152183, 12.7980713], [109.1147138, 12.7892376], [109.1093688, 12.7836267], [109.1093024, 12.7807956], [109.1018896, 12.7724814], [109.1015898, 12.7684592], [109.0906564, 12.7618346], [109.090894, 12.7559031], [109.0928661, 12.7517394], [109.0898973, 12.7475093], [109.0852226, 12.7438933]]]}, "properties": {"new_ward_code": "1005821", "name": "Xã Vạn Ninh"}}, {"type": "Feature", "geometry": {"type": "Polygon", "coordinates": [[[109.1995613, 12.5884245], [109.2033073, 12.5903465], [109.2040992, 12.594327], [109.2021787, 12.5971868], [109.1997632, 12.6046838], [109.2016837, 12.607698], [109.2039408, 12.6170496], [109.2016639, 12.6207785], [109.1944175, 12.6197931], [109.1912496, 12.624488], [109.1904055, 12.6303511], [109.1956054, 12.6435953], [109.2011096, 12.646184], [109.2037902, 12.6497691], [109.2072903, 12.6498623], [109.2114051, 12.6465511], [109.2150679, 12.654433], [109.21289, 12.657408], [109.2049717, 12.6590406], [109.1995904, 12.6636343], [109.1907038, 12.6641997], [109.1879427, 12.6625734], [109.1800568, 12.6667417], [109.1735641, 12.6681579], [109.1700688, 12.673307], [109.1707678, 12.675784], [109.1675944, 12.679517], [109.1693295, 12.6812634], [109.1661359, 12.6845961], [109.1660957, 12.6977966], [109.1632189, 12.7033861], [109.155836, 12.7086954], [109.1528386, 12.7096311], [109.1483022, 12.7067088], [109.1458177, 12.7118379], [109.1394658, 12.7128988], [109.1326059, 12.7128287], [109.1249112, 12.7102767], [109.1201686, 12.7113875], [109.1144956, 12.7177527], [109.1085236, 12.7199698], [109.106702, 12.708981], [109.108809, 12.700751], [109.113808, 12.689197], [109.112886, 12.684072], [109.110231, 12.680917], [109.117307, 12.674854], [109.121119, 12.675387], [109.132919, 12.665951], [109.128106, 12.659417], [109.123038, 12.647768], [109.117552, 12.641962], [109.132427, 12.639223], [109.13926, 12.636405], [109.154498, 12.627534], [109.159586, 12.612463], [109.159211, 12.593944], [109.160726, 12.586139], [109.170217, 12.582144], [109.176412, 12.584079], [109.181982, 12.583824], [109.192612, 12.585881], [109.194375, 12.587971], [109.1995613, 12.5884245]]]}, "properties": {"new_ward_code": "1005820", "name": "Xã Vạn Hưng"}}, {"type": "Feature", "geometry": {"type": "Polygon", "coordinates": [[[109.067013, 12.389943], [109.063057, 12.38248], [109.055281, 12.377936], [109.050633, 12.37147], [109.049051, 12.363619], [109.044594, 12.358449], [109.039726, 12.356455], [109.032045, 12.356332], [109.024144, 12.351161], [109.016779, 12.342064], [109.011533, 12.343311], [109.007866, 12.339634], [109.002968, 12.339385], [108.998037, 12.336706], [108.992032, 12.336768], [108.988272, 12.335023], [108.979106, 12.336954], [108.977098, 12.341315], [108.980844, 12.345121], [108.977902, 12.348236], [108.977317, 12.352131], [108.972608, 12.352411], [108.969588, 12.355309], [108.96521, 12.352847], [108.960122, 12.340818], [108.957973, 12.338325], [108.949945, 12.335581], [108.944697, 12.337388], [108.940935, 12.336576], [108.936298, 12.332132], [108.935749, 12.3257], [108.938023, 12.322164], [108.936738, 12.316388], [108.939374, 12.314953], [108.94335, 12.316985], [108.950612, 12.31534], [108.953631, 12.313241], [108.947866, 12.305992], [108.945288, 12.300231], [108.9444061, 12.288892], [108.948823, 12.289135], [108.952991, 12.29363], [108.95654, 12.291647], [108.958446, 12.281243], [108.962763, 12.281328], [108.9651823, 12.2847854], [108.9695477, 12.2843501], [108.9722132, 12.2822134], [108.9765585, 12.2849856], [108.9794654, 12.2840999], [108.9846757, 12.285501], [108.9911081, 12.2783703], [108.9984005, 12.2857562], [109.0085998, 12.2850006], [109.0114061, 12.2822534], [109.0120549, 12.2766239], [109.0143684, 12.2735314], [109.0197647, 12.2701237], [109.025483, 12.2707342], [109.0289934, 12.2663757], [109.0360645, 12.2639637], [109.0388306, 12.2731111], [109.0411994, 12.2756081], [109.0485672, 12.2764287], [109.0528521, 12.2728409], [109.0551757, 12.2688927], [109.060391, 12.2631381], [109.0670899, 12.2614117], [109.0704998, 12.2632382], [109.0661092, 12.2657201], [109.0647061, 12.2685924], [109.0687496, 12.2728509], [109.0720488, 12.279316], [109.0606173, 12.279211], [109.0585855, 12.2769742], [109.0548337, 12.2770993], [109.0519821, 12.2861165], [109.055055, 12.289189], [109.0555981, 12.2923915], [109.0533551, 12.2988367], [109.0512176, 12.3005581], [109.0520575, 12.3075487], [109.0579367, 12.3131982], [109.0688703, 12.3169312], [109.0704947, 12.3167461], [109.0801408, 12.3331292], [109.0831936, 12.3345654], [109.0858691, 12.3468502], [109.0886704, 12.3495974], [109.0874282, 12.3535356], [109.0879613, 12.3595704], [109.093624, 12.361529], [109.094688, 12.365751], [109.086097, 12.373379], [109.078387, 12.377056], [109.078262, 12.380233], [109.074185, 12.381169], [109.067013, 12.389943]]]}, "properties": {"new_ward_code": "1005806", "name": "Xã Diên Lâm"}}, {"type": "Feature", "geometry": {"type": "Polygon", "coordinates": [[[109.112878, 12.342824], [109.112028, 12.347159], [109.108509, 12.348148], [109.106753, 12.351332], [109.099669, 12.355503], [109.097816, 12.358956], [109.093624, 12.361529], [109.0879613, 12.3595704], [109.0874282, 12.3535356], [109.0886704, 12.3495974], [109.0858691, 12.3468502], [109.0831936, 12.3345654], [109.0801408, 12.3331292], [109.0704947, 12.3167461], [109.0688703, 12.3169312], [109.0579367, 12.3131982], [109.0520575, 12.3075487], [109.0512176, 12.3005581], [109.0533551, 12.2988367], [109.0555981, 12.2923915], [109.055055, 12.289189], [109.0519821, 12.2861165], [109.0548337, 12.2770993], [109.0585855, 12.2769742], [109.0606173, 12.279211], [109.0720488, 12.279316], [109.0687496, 12.2728509], [109.0647061, 12.2685924], [109.0661092, 12.2657201], [109.0704998, 12.2632382], [109.0763639, 12.2650996], [109.084979, 12.2612666], [109.0853813, 12.2651647], [109.0899529, 12.2648945], [109.1021689, 12.2694932], [109.1129164, 12.2704489], [109.1103666, 12.2669611], [109.1105175, 12.2639838], [109.1217025, 12.2637636], [109.1247553, 12.2620198], [109.1275851, 12.2612754], [109.1334463, 12.2645578], [109.1390656, 12.2657888], [109.1418137, 12.2678849], [109.1398486, 12.2740796], [109.1350486, 12.2762286], [109.1315396, 12.2839425], [109.1309586, 12.2937045], [109.1282076, 12.2997665], [109.1285026, 12.3038665], [109.1312636, 12.3094005], [109.1297836, 12.3212664], [109.1233706, 12.3294914], [109.1165006, 12.3333634], [109.1164796, 12.3381364], [109.112878, 12.342824]]]}, "properties": {"new_ward_code": "1005809", "name": "Xã Diên Điền"}}, {"type": "Feature", "geometry": {"type": "Polygon", "coordinates": [[[108.962763, 12.281328], [108.960652, 12.274892], [108.961688, 12.269739], [108.964588, 12.264088], [108.960792, 12.260109], [108.960379, 12.256718], [108.964683, 12.249439], [108.963787, 12.240443], [108.956909, 12.234383], [108.953944, 12.220457], [108.9582717, 12.2146117], [108.9625763, 12.2005409], [108.9671552, 12.191581], [108.9702827, 12.1886132], [108.9712391, 12.1837949], [108.9756927, 12.1768675], [108.9789167, 12.1739415], [108.9847832, 12.1717928], [108.9873563, 12.1777896], [108.9866974, 12.1861814], [108.9901324, 12.1874624], [108.9908566, 12.1917208], [108.9959814, 12.1933221], [109.0005128, 12.1964596], [109.0068949, 12.198236], [109.0082427, 12.2036103], [109.0125779, 12.2057771], [109.0209617, 12.2211244], [109.0168679, 12.2195881], [109.0116023, 12.219428], [109.0122158, 12.2242819], [109.0107574, 12.226879], [109.0113659, 12.2351206], [109.0148109, 12.2360013], [109.0311308, 12.2488566], [109.0361953, 12.251789], [109.0395649, 12.2515538], [109.0443527, 12.2542259], [109.0507952, 12.2538356], [109.0562167, 12.2560074], [109.060391, 12.2631381], [109.0551757, 12.2688927], [109.0528521, 12.2728409], [109.0485672, 12.2764287], [109.0411994, 12.2756081], [109.0388306, 12.2731111], [109.0360645, 12.2639637], [109.0289934, 12.2663757], [109.025483, 12.2707342], [109.0197647, 12.2701237], [109.0143684, 12.2735314], [109.0120549, 12.2766239], [109.0114061, 12.2822534], [109.0085998, 12.2850006], [108.9984005, 12.2857562], [108.9911081, 12.2783703], [108.9846757, 12.285501], [108.9794654, 12.2840999], [108.9765585, 12.2849856], [108.9722132, 12.2822134], [108.9695477, 12.2843501], [108.9651823, 12.2847854], [108.962763, 12.281328]]]}, "properties": {"new_ward_code": "1005808", "name": "Xã Diên Thọ"}}, {"type": "Feature", "geometry": {"type": "Polygon", "coordinates": [[[109.1307136, 12.2272627], [109.1275966, 12.2346517], [109.1270486, 12.2422507], [109.1285796, 12.2463386], [109.1277246, 12.2499556], [109.1191753, 12.2508275], [109.1202314, 12.2530329], [109.1249151, 12.2545845], [109.1233273, 12.2592268], [109.1247553, 12.2620198], [109.1217025, 12.2637636], [109.1105175, 12.2639838], [109.1103666, 12.2669611], [109.1129164, 12.2704489], [109.1021689, 12.2694932], [109.0899529, 12.2648945], [109.0853813, 12.2651647], [109.084979, 12.2612666], [109.0868297, 12.2571333], [109.0921808, 12.2520041], [109.0976376, 12.2525496], [109.0961539, 12.2419511], [109.0942931, 12.2363216], [109.0966971, 12.2336895], [109.0996996, 12.2266838], [109.1005244, 12.2221802], [109.1034463, 12.2172062], [109.1072535, 12.2161054], [109.1111159, 12.2170761], [109.1147573, 12.2136513], [109.1193863, 12.2138183], [109.1235506, 12.2166437], [109.1242176, 12.2211307], [109.1307136, 12.2272627]]]}, "properties": {"new_ward_code": "1005805", "name": "Xã Diên Khánh"}}, {"type": "Feature", "geometry": {"type": "Polygon", "coordinates": [[[109.060391, 12.2631381], [109.0562167, 12.2560074], [109.0507952, 12.2538356], [109.0443527, 12.2542259], [109.0395649, 12.2515538], [109.0361953, 12.251789], [109.0311308, 12.2488566], [109.0148109, 12.2360013], [109.0349933, 12.2373424], [109.0344451, 12.2408552], [109.0430049, 12.2434823], [109.0440459, 12.2401296], [109.0474206, 12.2405199], [109.0594907, 12.2389136], [109.0610951, 12.2422063], [109.066924, 12.2446332], [109.0768115, 12.2432621], [109.0814384, 12.2383032], [109.0799698, 12.2354659], [109.0923116, 12.2387986], [109.0942931, 12.2363216], [109.0961539, 12.2419511], [109.0976376, 12.2525496], [109.0921808, 12.2520041], [109.0868297, 12.2571333], [109.084979, 12.2612666], [109.0763639, 12.2650996], [109.0704998, 12.2632382], [109.0670899, 12.2614117], [109.060391, 12.2631381]]]}, "properties": {"new_ward_code": "1005807", "name": "Xã Diên Lạc"}}, {"type": "Feature", "geometry": {"type": "Polygon", "coordinates": [[[108.9847832, 12.1717928], [108.9899986, 12.167194], [108.9964235, 12.1659498], [108.9971852, 12.1725728], [108.9995992, 12.1801815], [109.0050709, 12.1815448], [109.0075842, 12.184303], [109.0173845, 12.1857973], [109.0195529, 12.1816699], [109.023428, 12.1789807], [109.0264857, 12.1819643], [109.0458653, 12.1858524], [109.0543263, 12.1902044], [109.0555383, 12.1964894], [109.0544863, 12.2022224], [109.0582343, 12.2038354], [109.0650353, 12.2004414], [109.0694283, 12.2076264], [109.0740283, 12.2085864], [109.0744913, 12.2043144], [109.0800493, 12.1985834], [109.0883413, 12.1962034], [109.0950663, 12.2041004], [109.1014673, 12.2009404], [109.1066153, 12.2014934], [109.1075703, 12.2081924], [109.1147573, 12.2136513], [109.1111159, 12.2170761], [109.1072535, 12.2161054], [109.1034463, 12.2172062], [109.1005244, 12.2221802], [109.0996996, 12.2266838], [109.0966971, 12.2336895], [109.0942931, 12.2363216], [109.0923116, 12.2387986], [109.0799698, 12.2354659], [109.0814384, 12.2383032], [109.0768115, 12.2432621], [109.066924, 12.2446332], [109.0610951, 12.2422063], [109.0594907, 12.2389136], [109.0474206, 12.2405199], [109.0440459, 12.2401296], [109.0430049, 12.2434823], [109.0344451, 12.2408552], [109.0349933, 12.2373424], [109.0148109, 12.2360013], [109.0113659, 12.2351206], [109.0107574, 12.226879], [109.0122158, 12.2242819], [109.0116023, 12.219428], [109.0168679, 12.2195881], [109.0209617, 12.2211244], [109.0125779, 12.2057771], [109.0082427, 12.2036103], [109.0068949, 12.198236], [109.0005128, 12.1964596], [108.9959814, 12.1933221], [108.9908566, 12.1917208], [108.9901324, 12.1874624], [108.9866974, 12.1861814], [108.9873563, 12.1777896], [108.9847832, 12.1717928]]]}, "properties": {"new_ward_code": "1005810", "name": "Xã Suối Hiệp"}}, {"type": "Feature", "geometry": {"type": "Polygon", "coordinates": [[[109.1193863, 12.2138183], [109.1147573, 12.2136513], [109.1075703, 12.2081924], [109.1066153, 12.2014934], [109.1014673, 12.2009404], [109.0950663, 12.2041004], [109.0883413, 12.1962034], [109.0800493, 12.1985834], [109.0744913, 12.2043144], [109.0740283, 12.2085864], [109.0694283, 12.2076264], [109.0650353, 12.2004414], [109.0582343, 12.2038354], [109.0544863, 12.2022224], [109.0555383, 12.1964894], [109.0543263, 12.1902044], [109.0458653, 12.1858524], [109.0264857, 12.1819643], [109.023428, 12.1789807], [109.0195529, 12.1816699], [109.0173845, 12.1857973], [109.0075842, 12.184303], [109.0050709, 12.1815448], [108.9995992, 12.1801815], [108.9971852, 12.1725728], [108.9964235, 12.1659498], [108.9899986, 12.167194], [108.9847832, 12.1717928], [108.9789167, 12.1739415], [108.9756927, 12.1768675], [108.973453, 12.1721481], [108.9727449, 12.1662645], [108.9737856, 12.1627405], [108.9702693, 12.1593712], [108.965857, 12.1595049], [108.9647144, 12.157229], [108.9685848, 12.1498635], [108.9654697, 12.1476933], [108.9623862, 12.1418528], [108.9601826, 12.1354239], [108.9612919, 12.1282445], [108.9566517, 12.1222799], [108.9474356, 12.1197047], [108.9438924, 12.1153777], [108.9413631, 12.1094194], [108.940199, 12.1023463], [108.9442538, 12.0910109], [108.9449765, 12.0846573], [108.942908, 12.0827784], [108.9455205, 12.0783406], [108.9493279, 12.0749464], [108.9535124, 12.0747344], [108.9568347, 12.0774857], [108.9660161, 12.0815085], [108.9675795, 12.0844678], [108.9768988, 12.0924671], [108.9817769, 12.0951683], [108.9881187, 12.1009674], [108.9921806, 12.1079572], [108.9978404, 12.1124424], [108.9995303, 12.1084813], [108.9987486, 12.10531], [109.0039447, 12.0974687], [109.0060331, 12.0899009], [109.0090604, 12.0866988], [109.0161265, 12.0869069], [109.0150918, 12.0937156], [109.0173604, 12.0978848], [109.0212383, 12.0965285], [109.0245223, 12.0926714], [109.0272966, 12.0923053], [109.0328759, 12.1003971], [109.0372942, 12.1017034], [109.0383288, 12.1041733], [109.0437625, 12.1073137], [109.0466173, 12.1069515], [109.0484566, 12.1119492], [109.0534113, 12.1166463], [109.0611059, 12.1158795], [109.0651946, 12.1170085], [109.0667005, 12.1204533], [109.0698236, 12.1210236], [109.0755294, 12.1263565], [109.0792004, 12.126395], [109.0703564, 12.1351077], [109.0645661, 12.1423748], [109.0601414, 12.1505218], [109.0576544, 12.1574554], [109.0591992, 12.1615997], [109.074289, 12.1656773], [109.0812503, 12.1704429], [109.0917056, 12.1706597], [109.0982397, 12.173499], [109.0997693, 12.168008], [109.0978506, 12.1623335], [109.0990636, 12.1513264], [109.1069518, 12.1443928], [109.1136995, 12.1458146], [109.1154732, 12.1373466], [109.1197072, 12.135412], [109.1235788, 12.1374508], [109.1266609, 12.1370881], [109.1292852, 12.1398816], [109.1352013, 12.1362334], [109.1362388, 12.1315846], [109.13564, 12.1252347], [109.1389394, 12.1251346], [109.1422847, 12.1276612], [109.1518817, 12.1240339], [109.1561767, 12.1197019], [109.1652207, 12.118989], [109.1643052, 12.1230166], [109.1672538, 12.1288453], [109.1630961, 12.13221], [109.1621615, 12.1349075], [109.1655106, 12.1396481], [109.1644769, 12.1415994], [109.1660123, 12.1485175], [109.1583693, 12.1546175], [109.1536593, 12.1547905], [109.1492003, 12.1625715], [109.1466303, 12.1610045], [109.1434853, 12.1643055], [109.1392893, 12.1736885], [109.1350103, 12.1768884], [109.1356943, 12.1816274], [109.1240673, 12.1869074], [109.1253083, 12.1888124], [109.1230913, 12.1933034], [109.1171603, 12.2006054], [109.1159393, 12.2053714], [109.1182653, 12.2086274], [109.1193863, 12.2138183]]]}, "properties": {"new_ward_code": "1005804", "name": "Xã Suối Dầu"}}, {"type": "Feature", "geometry": {"type": "MultiPolygon", "coordinates": [[[[109.3269735, 12.0343053], [109.3253806, 12.0403405], [109.3214212, 12.0387385], [109.3250343, 12.0338533], [109.3269735, 12.0343053]]], [[[109.2173613, 12.030957], [109.2121217, 12.0433884], [109.2054436, 12.0559545], [109.2002147, 12.069949], [109.195033, 12.0914861], [109.1946603, 12.1112499], [109.1965121, 12.1176332], [109.2023166, 12.1186652], [109.2058343, 12.1178785], [109.211945, 12.1229226], [109.2118042, 12.1279612], [109.2144577, 12.1373554], [109.2163977, 12.1395657], [109.223653, 12.1406194], [109.223134, 12.1428752], [109.2205753, 12.1434225], [109.2134823, 12.1481955], [109.1977333, 12.1459355], [109.1940283, 12.1472445], [109.1902983, 12.1506275], [109.1884613, 12.1476595], [109.1824033, 12.1462775], [109.1698653, 12.1509285], [109.1660123, 12.1485175], [109.1644769, 12.1415994], [109.1655106, 12.1396481], [109.1621615, 12.1349075], [109.1630961, 12.13221], [109.1672538, 12.1288453], [109.1643052, 12.1230166], [109.1652207, 12.118989], [109.1561767, 12.1197019], [109.1518817, 12.1240339], [109.1422847, 12.1276612], [109.1389394, 12.1251346], [109.13564, 12.1252347], [109.1362388, 12.1315846], [109.1352013, 12.1362334], [109.1292852, 12.1398816], [109.1266609, 12.1370881], [109.1235788, 12.1374508], [109.1197072, 12.135412], [109.1154732, 12.1373466], [109.1136995, 12.1458146], [109.1069518, 12.1443928], [109.0990636, 12.1513264], [109.0978506, 12.1623335], [109.0997693, 12.168008], [109.0982397, 12.173499], [109.0917056, 12.1706597], [109.0812503, 12.1704429], [109.074289, 12.1656773], [109.0591992, 12.1615997], [109.0576544, 12.1574554], [109.0601414, 12.1505218], [109.0645661, 12.1423748], [109.0703564, 12.1351077], [109.0792004, 12.126395], [109.0911445, 12.1146118], [109.0969308, 12.1046665], [109.1020426, 12.1061924], [109.1042307, 12.1013951], [109.1078748, 12.0871728], [109.1128487, 12.0791541], [109.1220875, 12.0509329], [109.1248197, 12.0452725], [109.125406, 12.0402825], [109.1239345, 12.0277594], [109.1217197, 12.0140418], [109.1191408, 11.9954653], [109.1334416, 11.9933229], [109.1448469, 11.9892049], [109.142908, 11.9955691], [109.1442721, 12.0060852], [109.149708, 12.0086344], [109.1649309, 12.0106999], [109.1699174, 12.0133767], [109.1831629, 12.0148112], [109.1869641, 12.0185005], [109.1916951, 12.0176031], [109.1989293, 12.0259337], [109.2120807, 12.0288744], [109.2173613, 12.030957]]]]}, "properties": {"new_ward_code": "1005803", "name": "Xã Cam Lâm"}}, {"type": "Feature", "geometry": {"type": "Polygon", "coordinates": [[[108.9440453, 12.0758332], [108.9476264, 12.0730657], [108.9613858, 12.0700012], [108.9718518, 12.07251], [108.9766288, 12.069554], [108.9800996, 12.0695855], [108.981151, 12.0666058], [108.9906728, 12.0609455], [108.9949697, 12.0561558], [109.0001522, 12.0522017], [109.0164483, 12.0524665], [109.0179045, 12.0506593], [109.0302357, 12.0503588], [109.0323548, 12.0470257], [109.0388729, 12.0426638], [109.0395244, 12.0383404], [109.0563543, 12.0445673], [109.0590213, 12.0380553], [109.0622593, 12.0333543], [109.0619911, 12.0295319], [109.0647386, 12.0249273], [109.0699884, 12.0267961], [109.0749929, 12.0303257], [109.0782347, 12.0309576], [109.0829633, 12.0296244], [109.0941488, 12.0305838], [109.1064609, 12.0240757], [109.1177766, 12.0238522], [109.1176693, 12.0141343], [109.1217197, 12.0140418], [109.1239345, 12.0277594], [109.125406, 12.0402825], [109.1248197, 12.0452725], [109.1220875, 12.0509329], [109.1128487, 12.0791541], [109.1078748, 12.0871728], [109.1042307, 12.1013951], [109.1020426, 12.1061924], [109.0969308, 12.1046665], [109.0911445, 12.1146118], [109.0792004, 12.126395], [109.0755294, 12.1263565], [109.0698236, 12.1210236], [109.0667005, 12.1204533], [109.0651946, 12.1170085], [109.0611059, 12.1158795], [109.0534113, 12.1166463], [109.0484566, 12.1119492], [109.0466173, 12.1069515], [109.0437625, 12.1073137], [109.0383288, 12.1041733], [109.0372942, 12.1017034], [109.0328759, 12.1003971], [109.0272966, 12.0923053], [109.0245223, 12.0926714], [109.0212383, 12.0965285], [109.0173604, 12.0978848], [109.0150918, 12.0937156], [109.0161265, 12.0869069], [109.0090604, 12.0866988], [109.0060331, 12.0899009], [109.0039447, 12.0974687], [108.9987486, 12.10531], [108.9995303, 12.1084813], [108.9978404, 12.1124424], [108.9921806, 12.1079572], [108.9881187, 12.1009674], [108.9817769, 12.0951683], [108.9768988, 12.0924671], [108.9675795, 12.0844678], [108.9660161, 12.0815085], [108.9568347, 12.0774857], [108.9535124, 12.0747344], [108.9493279, 12.0749464], [108.9455205, 12.0783406], [108.9440453, 12.0758332]]]}, "properties": {"new_ward_code": "1005802", "name": "Xã Cam Hiệp"}}, {"type": "Feature", "geometry": {"type": "Polygon", "coordinates": [[[109.131682, 11.956414], [109.137686, 11.963688], [109.1411857, 11.9710496], [109.1422577, 11.9797544], [109.1442178, 11.9830231], [109.1448469, 11.9892049], [109.1334416, 11.9933229], [109.1191408, 11.9954653], [109.1217197, 12.0140418], [109.1176693, 12.0141343], [109.1177766, 12.0238522], [109.1064609, 12.0240757], [109.0941488, 12.0305838], [109.0829633, 12.0296244], [109.0782347, 12.0309576], [109.0749929, 12.0303257], [109.0699884, 12.0267961], [109.0647386, 12.0249273], [109.0619911, 12.0295319], [109.0622593, 12.0333543], [109.0590213, 12.0380553], [109.0563543, 12.0445673], [109.0395244, 12.0383404], [109.0388729, 12.0426638], [109.0323548, 12.0470257], [109.0302357, 12.0503588], [109.0179045, 12.0506593], [109.0164483, 12.0524665], [109.0001522, 12.0522017], [109.0055323, 12.046592], [109.003527, 12.0396558], [108.9929581, 12.0335599], [108.995592, 12.0269177], [109.0017772, 12.0263249], [109.0030535, 12.0238646], [109.0008652, 12.0140264], [109.0078604, 12.0070269], [109.0028351, 11.9982615], [109.0020829, 11.9889869], [109.0058038, 11.9859074], [109.0062833, 11.9823069], [109.00491, 11.9700116], [109.0037084, 11.9652203], [109.005999, 11.9605707], [109.011521, 11.9591], [109.019229, 11.959616], [109.031053, 11.956099], [109.033023, 11.954395], [109.039359, 11.952873], [109.040925, 11.949756], [109.052178, 11.949428], [109.056082, 11.947416], [109.0623058, 11.9373963], [109.0633278, 11.9408359], [109.0670642, 11.9433457], [109.0684388, 11.9466196], [109.0758657, 11.9518033], [109.08501, 11.955465], [109.094223, 11.957427], [109.1043574, 11.960674], [109.1057106, 11.9678338], [109.1105684, 11.9723188], [109.114295, 11.972669], [109.118696, 11.968559], [109.123932, 11.966335], [109.125596, 11.961517], [109.129461, 11.956758], [109.131682, 11.956414]]]}, "properties": {"new_ward_code": "1005801", "name": "Xã Cam An"}}, {"type": "Feature", "geometry": {"type": "Polygon", "coordinates": [[[108.8706077, 12.4534855], [108.8771555, 12.4517794], [108.8824362, 12.4520896], [108.8876263, 12.4481114], [108.8918308, 12.4410908], [108.8958089, 12.4373178], [108.8975641, 12.4268744], [108.9012707, 12.4182775], [108.9048616, 12.4173968], [108.9146937, 12.4205393], [108.9194011, 12.4295015], [108.93211, 12.4325089], [108.9328292, 12.4292763], [108.9317479, 12.4219805], [108.9337043, 12.4199438], [108.9320748, 12.4160557], [108.9323212, 12.4074838], [108.9378182, 12.401414], [108.9437125, 12.3996075], [108.9435415, 12.3954692], [108.941047, 12.3921515], [108.9404636, 12.3832094], [108.9390504, 12.3793313], [108.9426463, 12.372786], [108.9395634, 12.367817], [108.9337194, 12.3635936], [108.9342324, 12.3611467], [108.9304705, 12.3585996], [108.9225394, 12.3559375], [108.923163, 12.3474507], [108.9214229, 12.3442731], [108.936298, 12.332132], [108.940935, 12.336576], [108.944697, 12.337388], [108.949945, 12.335581], [108.957973, 12.338325], [108.960122, 12.340818], [108.96521, 12.352847], [108.969588, 12.355309], [108.972608, 12.352411], [108.977317, 12.352131], [108.977902, 12.348236], [108.980844, 12.345121], [108.977098, 12.341315], [108.979106, 12.336954], [108.988272, 12.335023], [108.992032, 12.336768], [108.998037, 12.336706], [109.002968, 12.339385], [109.007866, 12.339634], [109.011533, 12.343311], [109.016779, 12.342064], [109.024144, 12.351161], [109.032045, 12.356332], [109.039726, 12.356455], [109.044594, 12.358449], [109.049051, 12.363619], [109.050633, 12.37147], [109.055281, 12.377936], [109.063057, 12.38248], [109.067013, 12.389943], [109.064296, 12.393991], [109.058671, 12.395673], [109.052645, 12.399105], [109.047675, 12.405141], [109.043314, 12.405889], [109.027419, 12.404895], [109.023974, 12.403338], [109.014369, 12.4072], [109.005489, 12.405083], [109.00353, 12.396238], [109.000244, 12.397111], [108.996893, 12.401346], [108.993481, 12.40091], [108.990731, 12.408431], [108.986054, 12.410049], [108.984854, 12.413784], [108.975406, 12.422937], [108.971678, 12.427484], [108.965296, 12.427358], [108.953634, 12.434829], [108.951295, 12.43844], [108.94646, 12.441989], [108.948321, 12.452513], [108.94576, 12.460982], [108.943927, 12.462226], [108.931254, 12.466459], [108.929926, 12.468576], [108.931189, 12.472748], [108.928597, 12.475051], [108.924202, 12.482834], [108.918574, 12.486461], [108.915234, 12.487163], [108.903469, 12.487498], [108.897594, 12.489635], [108.890446, 12.490669], [108.882606, 12.495647], [108.877012, 12.497126], [108.8745065, 12.5015152], [108.871631, 12.498384], [108.8650194, 12.4962446], [108.8648611, 12.4897894], [108.8689829, 12.4858639], [108.8782397, 12.4814538], [108.8789236, 12.4787925], [108.8764564, 12.4700448], [108.8713651, 12.467328], [108.8681388, 12.4556232], [108.8706077, 12.4534855]]]}, "properties": {"new_ward_code": "1005814", "name": "Xã Bắc Khánh Vĩnh"}}, {"type": "Feature", "geometry": {"type": "Polygon", "coordinates": [[[108.6763514, 12.394948], [108.6908873, 12.3912058], [108.6944782, 12.3932524], [108.6973599, 12.3909155], [108.7009609, 12.3912608], [108.7086355, 12.3869173], [108.7142632, 12.3862368], [108.7247039, 12.3987919], [108.7338119, 12.3994424], [108.7375034, 12.3983515], [108.7482308, 12.3993223], [108.7566598, 12.3968303], [108.7587519, 12.3884436], [108.7619153, 12.3848957], [108.7642489, 12.3848907], [108.7715665, 12.3817832], [108.7782151, 12.3847206], [108.7869308, 12.3803521], [108.7895209, 12.3760686], [108.798664, 12.3754331], [108.8045533, 12.3728561], [108.8086722, 12.3694283], [108.8130678, 12.3623476], [108.8184491, 12.3588698], [108.8189269, 12.3538858], [108.8246049, 12.3454241], [108.829438, 12.3427269], [108.8371227, 12.3430472], [108.8460697, 12.3333994], [108.8434293, 12.3271744], [108.8485491, 12.3211696], [108.8521249, 12.31548], [108.8557711, 12.3146394], [108.8646779, 12.3183023], [108.8686309, 12.3143441], [108.8745755, 12.3153049], [108.8852525, 12.3132232], [108.9014065, 12.30921], [108.9055204, 12.3134834], [108.920593, 12.319118], [108.9246617, 12.3185375], [108.927805, 12.3159154], [108.936738, 12.316388], [108.938023, 12.322164], [108.935749, 12.3257], [108.936298, 12.332132], [108.9214229, 12.3442731], [108.923163, 12.3474507], [108.9225394, 12.3559375], [108.9304705, 12.3585996], [108.9342324, 12.3611467], [108.9337194, 12.3635936], [108.9395634, 12.367817], [108.9426463, 12.372786], [108.9390504, 12.3793313], [108.9404636, 12.3832094], [108.941047, 12.3921515], [108.9435415, 12.3954692], [108.9437125, 12.3996075], [108.9378182, 12.401414], [108.9323212, 12.4074838], [108.9320748, 12.4160557], [108.9337043, 12.4199438], [108.9317479, 12.4219805], [108.9328292, 12.4292763], [108.93211, 12.4325089], [108.9194011, 12.4295015], [108.9146937, 12.4205393], [108.9048616, 12.4173968], [108.9012707, 12.4182775], [108.8975641, 12.4268744], [108.8958089, 12.4373178], [108.8918308, 12.4410908], [108.8876263, 12.4481114], [108.8824362, 12.4520896], [108.8771555, 12.4517794], [108.8706077, 12.4534855], [108.8667558, 12.4521255], [108.8553232, 12.4579122], [108.8487979, 12.4585293], [108.8471459, 12.4625065], [108.840417, 12.4620979], [108.837229, 12.4632027], [108.8337238, 12.467944], [108.8259643, 12.4735307], [108.8196957, 12.4753583], [108.8202836, 12.4779492], [108.8178882, 12.4815045], [108.8100381, 12.4851899], [108.8039428, 12.4803985], [108.7990665, 12.4818336], [108.7952739, 12.4869193], [108.7976128, 12.4915387], [108.7948626, 12.4966428], [108.7917572, 12.4997485], [108.7870044, 12.5015248], [108.7830967, 12.5013797], [108.7789633, 12.5054266], [108.7730974, 12.5036683], [108.7679078, 12.5037073], [108.7672716, 12.5008298], [108.7637231, 12.4978183], [108.7588119, 12.4979964], [108.754795, 12.5008491], [108.7505507, 12.4973732], [108.7509263, 12.495074], [108.7484404, 12.4864095], [108.7482494, 12.4805556], [108.7434697, 12.4794505], [108.7396737, 12.4759562], [108.7312496, 12.4770254], [108.7276661, 12.4790367], [108.7210303, 12.4806289], [108.7144911, 12.4839182], [108.7102876, 12.4792423], [108.6999153, 12.4736788], [108.6988056, 12.4612175], [108.6922127, 12.4561318], [108.6867054, 12.4503491], [108.6802757, 12.4389209], [108.6727345, 12.4324381], [108.6691394, 12.4229299], [108.6740971, 12.4189011], [108.6757815, 12.4155796], [108.6791871, 12.4147477], [108.6784806, 12.4078835], [108.6727238, 12.4013502], [108.6763514, 12.394948]]]}, "properties": {"new_ward_code": "1005817", "name": "Xã Trung Khánh Vĩnh"}}, {"type": "Feature", "geometry": {"type": "Polygon", "coordinates": [[[108.679838, 12.316123], [108.6848154, 12.3170524], [108.6892247, 12.3113086], [108.6936719, 12.3125848], [108.6951148, 12.3095005], [108.6985856, 12.3098306], [108.7067251, 12.3002092], [108.7033492, 12.2972989], [108.7041619, 12.2928455], [108.7017184, 12.2909463], [108.7014826, 12.2821818], [108.7034994, 12.2770613], [108.7019759, 12.2744457], [108.7043707, 12.2697338], [108.7024319, 12.2649579], [108.7062877, 12.2545738], [108.7020457, 12.2471241], [108.7019813, 12.2377192], [108.7094164, 12.229999], [108.7141532, 12.2288592], [108.7182679, 12.2254474], [108.7195879, 12.2212254], [108.7222856, 12.2179803], [108.7322025, 12.2172463], [108.7369854, 12.2222403], [108.7445493, 12.22186], [108.7517814, 12.2258432], [108.7575852, 12.2272693], [108.7641081, 12.2370321], [108.7685187, 12.2375776], [108.7718984, 12.2400996], [108.7767768, 12.2415808], [108.780604, 12.2398344], [108.7888872, 12.2379979], [108.796245, 12.2428568], [108.8014754, 12.2497073], [108.811217, 12.2570482], [108.8135707, 12.2572684], [108.8133343, 12.2699836], [108.8180367, 12.2715348], [108.8269384, 12.2679169], [108.8325209, 12.2678168], [108.8378569, 12.270564], [108.8375401, 12.2747724], [108.8484334, 12.2725656], [108.8489162, 12.2758383], [108.8534778, 12.2802318], [108.8571743, 12.2787806], [108.8588591, 12.2755981], [108.8627215, 12.274292], [108.8656837, 12.2677217], [108.8693501, 12.2725506], [108.8727096, 12.2718701], [108.8747716, 12.2744521], [108.8830447, 12.2780851], [108.8879784, 12.2772044], [108.8884964, 12.2744471], [108.891358, 12.274242], [108.9038909, 12.2806421], [108.9006672, 12.2840448], [108.9028247, 12.2878779], [108.9086335, 12.2893091], [108.9114398, 12.2852158], [108.9220214, 12.2853609], [108.9251345, 12.282984], [108.9332014, 12.2846603], [108.9352382, 12.286802], [108.9421248, 12.2852488], [108.9444061, 12.288892], [108.945288, 12.300231], [108.947866, 12.305992], [108.953631, 12.313241], [108.950612, 12.31534], [108.94335, 12.316985], [108.939374, 12.314953], [108.936738, 12.316388], [108.927805, 12.3159154], [108.9246617, 12.3185375], [108.920593, 12.319118], [108.9055204, 12.3134834], [108.9014065, 12.30921], [108.8852525, 12.3132232], [108.8745755, 12.3153049], [108.8686309, 12.3143441], [108.8646779, 12.3183023], [108.8557711, 12.3146394], [108.8521249, 12.31548], [108.8485491, 12.3211696], [108.8434293, 12.3271744], [108.8460697, 12.3333994], [108.8371227, 12.3430472], [108.829438, 12.3427269], [108.8246049, 12.3454241], [108.8189269, 12.3538858], [108.8184491, 12.3588698], [108.8130678, 12.3623476], [108.8086722, 12.3694283], [108.8045533, 12.3728561], [108.798664, 12.3754331], [108.7895209, 12.3760686], [108.7869308, 12.3803521], [108.7782151, 12.3847206], [108.7715665, 12.3817832], [108.7642489, 12.3848907], [108.7619153, 12.3848957], [108.7587519, 12.3884436], [108.7566598, 12.3968303], [108.7482308, 12.3993223], [108.7375034, 12.3983515], [108.7338119, 12.3994424], [108.7247039, 12.3987919], [108.7142632, 12.3862368], [108.7086355, 12.3869173], [108.7009609, 12.3912608], [108.6973599, 12.3909155], [108.6944782, 12.3932524], [108.6908873, 12.3912058], [108.6763514, 12.394948], [108.6761999, 12.3926739], [108.6847727, 12.3901733], [108.6855233, 12.382352], [108.6831844, 12.3787366], [108.6875421, 12.3775285], [108.6892395, 12.3720975], [108.6863708, 12.3621053], [108.6807382, 12.3584162], [108.6769184, 12.3481608], [108.6781809, 12.3419698], [108.682723, 12.3344993], [108.683138, 12.3241514], [108.6799067, 12.3193168], [108.679838, 12.316123]]]}, "properties": {"new_ward_code": "1005818", "name": "Xã Tây Khánh Vĩnh"}}, {"type": "Feature", "geometry": {"type": "Polygon", "coordinates": [[[108.7287369, 12.1625267], [108.7356269, 12.1576695], [108.7425336, 12.1565342], [108.7519938, 12.1561173], [108.7552178, 12.155231], [108.7586027, 12.159657], [108.761971, 12.1593614], [108.7681299, 12.1532172], [108.7714827, 12.1566784], [108.7719119, 12.1604069], [108.7747433, 12.1643853], [108.7800577, 12.1646467], [108.7856609, 12.160302], [108.7910065, 12.1592375], [108.798176, 12.1603807], [108.8050362, 12.1575469], [108.809098, 12.1541455], [108.8155138, 12.1511877], [108.8157391, 12.1452564], [108.8177401, 12.1397393], [108.8238233, 12.1359266], [108.8308775, 12.1368811], [108.8361454, 12.1401799], [108.8397982, 12.142106], [108.8425542, 12.1473152], [108.8551223, 12.1566677], [108.8608657, 12.1651145], [108.8651456, 12.1673913], [108.8646075, 12.1710642], [108.8668204, 12.1730658], [108.8663174, 12.1779948], [108.8694356, 12.1779097], [108.8690533, 12.1847202], [108.8714774, 12.1927716], [108.8840807, 12.1963645], [108.8828033, 12.1997472], [108.8817421, 12.210711], [108.8857404, 12.2163506], [108.887903, 12.2227157], [108.8918559, 12.2264086], [108.8940688, 12.231898], [108.8999279, 12.2319681], [108.9061491, 12.23431], [108.9087743, 12.2390237], [108.9117818, 12.2397693], [108.910947, 12.2447683], [108.9159309, 12.2492219], [108.9126368, 12.2554269], [108.9160818, 12.2627077], [108.9183601, 12.2651397], [108.9188781, 12.2691279], [108.9116158, 12.2716699], [108.9037451, 12.2694331], [108.900295, 12.2703288], [108.8953714, 12.2673615], [108.891353, 12.2676567], [108.8845686, 12.2644141], [108.8852827, 12.2688727], [108.8884964, 12.2744471], [108.8879784, 12.2772044], [108.8830447, 12.2780851], [108.8747716, 12.2744521], [108.8727096, 12.2718701], [108.8693501, 12.2725506], [108.8656837, 12.2677217], [108.8627215, 12.274292], [108.8588591, 12.2755981], [108.8571743, 12.2787806], [108.8534778, 12.2802318], [108.8489162, 12.2758383], [108.8484334, 12.2725656], [108.8375401, 12.2747724], [108.8378569, 12.270564], [108.8325209, 12.2678168], [108.8269384, 12.2679169], [108.8180367, 12.2715348], [108.8133343, 12.2699836], [108.8135707, 12.2572684], [108.811217, 12.2570482], [108.8014754, 12.2497073], [108.796245, 12.2428568], [108.7888872, 12.2379979], [108.780604, 12.2398344], [108.7767768, 12.2415808], [108.7718984, 12.2400996], [108.7685187, 12.2375776], [108.7641081, 12.2370321], [108.7575852, 12.2272693], [108.7517814, 12.2258432], [108.7445493, 12.22186], [108.7369854, 12.2222403], [108.7322025, 12.2172463], [108.7222856, 12.2179803], [108.7187558, 12.2141058], [108.71867, 12.2085377], [108.712293, 12.1988756], [108.7123352, 12.1934612], [108.7106215, 12.1904485], [108.7134737, 12.1882364], [108.7205188, 12.1796983], [108.7202908, 12.172814], [108.724933, 12.1698172], [108.7254003, 12.1664061], [108.7287369, 12.1625267]]]}, "properties": {"new_ward_code": "1005816", "name": "Xã Nam Khánh Vĩnh"}}, {"type": "Feature", "geometry": {"type": "Polygon", "coordinates": [[[108.900497, 12.0924983], [108.9066607, 12.0951367], [108.9112419, 12.091402], [108.9189198, 12.088463], [108.9257181, 12.0873462], [108.9306986, 12.0887059], [108.9321256, 12.0911188], [108.9310956, 12.0996057], [108.940199, 12.1023463], [108.9413631, 12.1094194], [108.9438924, 12.1153777], [108.9474356, 12.1197047], [108.9566517, 12.1222799], [108.9612919, 12.1282445], [108.9601826, 12.1354239], [108.9623862, 12.1418528], [108.9654697, 12.1476933], [108.9685848, 12.1498635], [108.9647144, 12.157229], [108.965857, 12.1595049], [108.9702693, 12.1593712], [108.9737856, 12.1627405], [108.9727449, 12.1662645], [108.973453, 12.1721481], [108.9756927, 12.1768675], [108.9712391, 12.1837949], [108.9702827, 12.1886132], [108.9671552, 12.191581], [108.9625763, 12.2005409], [108.9582717, 12.2146117], [108.953944, 12.220457], [108.956909, 12.234383], [108.963787, 12.240443], [108.964683, 12.249439], [108.960379, 12.256718], [108.960792, 12.260109], [108.964588, 12.264088], [108.961688, 12.269739], [108.960652, 12.274892], [108.962763, 12.281328], [108.958446, 12.281243], [108.95654, 12.291647], [108.952991, 12.29363], [108.948823, 12.289135], [108.9444061, 12.288892], [108.9421248, 12.2852488], [108.9352382, 12.286802], [108.9332014, 12.2846603], [108.9251345, 12.282984], [108.9220214, 12.2853609], [108.9114398, 12.2852158], [108.9086335, 12.2893091], [108.9028247, 12.2878779], [108.9006672, 12.2840448], [108.9038909, 12.2806421], [108.891358, 12.274242], [108.8884964, 12.2744471], [108.8852827, 12.2688727], [108.8845686, 12.2644141], [108.891353, 12.2676567], [108.8953714, 12.2673615], [108.900295, 12.2703288], [108.9037451, 12.2694331], [108.9116158, 12.2716699], [108.9188781, 12.2691279], [108.9183601, 12.2651397], [108.9160818, 12.2627077], [108.9126368, 12.2554269], [108.9159309, 12.2492219], [108.910947, 12.2447683], [108.9117818, 12.2397693], [108.9087743, 12.2390237], [108.9061491, 12.23431], [108.8999279, 12.2319681], [108.8940688, 12.231898], [108.8918559, 12.2264086], [108.887903, 12.2227157], [108.8857404, 12.2163506], [108.8817421, 12.210711], [108.8828033, 12.1997472], [108.8840807, 12.1963645], [108.8714774, 12.1927716], [108.8690533, 12.1847202], [108.8694356, 12.1779097], [108.8663174, 12.1779948], [108.8668204, 12.1730658], [108.8646075, 12.1710642], [108.8651456, 12.1673913], [108.8608657, 12.1651145], [108.8551223, 12.1566677], [108.8425542, 12.1473152], [108.8397982, 12.142106], [108.8361454, 12.1401799], [108.8379264, 12.1275509], [108.8415527, 12.1174809], [108.8482102, 12.1147304], [108.8525176, 12.110652], [108.8600278, 12.1123067], [108.8628334, 12.1074368], [108.8682622, 12.1046883], [108.8726127, 12.1044943], [108.8778269, 12.1081134], [108.8816357, 12.1048509], [108.8853156, 12.0980531], [108.8893368, 12.0962191], [108.8966078, 12.0978276], [108.900497, 12.0924983]]]}, "properties": {"new_ward_code": "1005815", "name": "Xã Khánh Vĩnh"}}, {"type": "Feature", "geometry": {"type": "Polygon", "coordinates": [[[109.0503691, 11.5890111], [109.053964, 11.5832137], [109.0575568, 11.5845379], [109.0643264, 11.5817278], [109.0721061, 11.582902], [109.0775376, 11.5862875], [109.0757113, 11.5982582], [109.0791254, 11.6045732], [109.0755232, 11.6058383], [109.0776488, 11.6128547], [109.077504, 11.6165499], [109.0817117, 11.6278824], [109.0785353, 11.6342676], [109.0752335, 11.6377689], [109.0816543, 11.6419599], [109.087345, 11.6391697], [109.0907931, 11.6413766], [109.1008472, 11.6310993], [109.1053426, 11.6309049], [109.1096663, 11.628572], [109.1222083, 11.6349086], [109.1259527, 11.6386811], [109.1305125, 11.6467093], [109.1281843, 11.6546427], [109.1297615, 11.6609419], [109.1284525, 11.6713756], [109.1265589, 11.6780002], [109.1284096, 11.6863844], [109.1267949, 11.6886696], [109.1264462, 11.6942642], [109.1246599, 11.7001108], [109.1264623, 11.7065298], [109.1293001, 11.7123604], [109.1293135, 11.7178836], [109.1255182, 11.7237586], [109.1257176, 11.7285344], [109.1134, 11.7483445], [109.1135637, 11.7341289], [109.1119784, 11.7308572], [109.09914, 11.7230088], [109.094041, 11.7170562], [109.0871645, 11.7142445], [109.0848824, 11.7106916], [109.0853172, 11.7059888], [109.0917653, 11.6990391], [109.0867013, 11.6908706], [109.0727001, 11.6779056], [109.0662515, 11.6888727], [109.0594581, 11.6900485], [109.0550297, 11.6924177], [109.0512384, 11.6902681], [109.0501937, 11.680267], [109.0425362, 11.6723489], [109.0407536, 11.6670578], [109.0405373, 11.6621056], [109.0368115, 11.660169], [109.0344478, 11.6549513], [109.0343603, 11.6434051], [109.0324965, 11.6393195], [109.0283284, 11.6238221], [109.0337472, 11.6068804], [109.0351346, 11.6044551], [109.0395695, 11.6030559], [109.0431755, 11.6002008], [109.0449822, 11.594275], [109.0503691, 11.5890111]]]}, "properties": {"new_ward_code": "1005845", "name": "Xã Ninh Hải"}}, {"type": "Feature", "geometry": {"type": "Polygon", "coordinates": [[[109.0405373, 11.6621056], [109.0407536, 11.6670578], [109.0425362, 11.6723489], [109.0501937, 11.680267], [109.0512384, 11.6902681], [109.0550297, 11.6924177], [109.0594581, 11.6900485], [109.0662515, 11.6888727], [109.0727001, 11.6779056], [109.0867013, 11.6908706], [109.0917653, 11.6990391], [109.0853172, 11.7059888], [109.0848824, 11.7106916], [109.0871645, 11.7142445], [109.094041, 11.7170562], [109.09914, 11.7230088], [109.1119784, 11.7308572], [109.1135637, 11.7341289], [109.1134, 11.7483445], [109.1055679, 11.7634594], [109.0861756, 11.7688582], [109.0749907, 11.7619942], [109.0544945, 11.7716236], [109.0498424, 11.7758585], [109.0458888, 11.7769718], [109.0435713, 11.780065], [109.0366467, 11.7852361], [109.0259524, 11.7847883], [109.0219322, 11.7876107], [109.01325, 11.7904321], [109.0122426, 11.7932222], [109.0082319, 11.7944732], [109.0059185, 11.7928939], [108.9999157, 11.7940439], [108.9942884, 11.7903156], [108.9903617, 11.7862248], [108.9898789, 11.7851115], [108.9907828, 11.7826066], [108.9882964, 11.7779381], [108.9832351, 11.7720013], [108.9825154, 11.7662954], [108.9806843, 11.7614664], [108.9759663, 11.7573804], [108.9677292, 11.7533785], [108.9884734, 11.7313273], [108.9828944, 11.7274117], [108.9810276, 11.7223719], [108.9837769, 11.720108], [108.9899664, 11.7185501], [108.9937627, 11.7191337], [108.994208, 11.7074648], [108.9995678, 11.6884406], [109.0029057, 11.6846919], [109.0030824, 11.6799962], [109.0056112, 11.6714164], [109.0099128, 11.6682826], [109.0104714, 11.6657681], [109.0179051, 11.6639942], [109.0217204, 11.6613597], [109.0240903, 11.6637812], [109.0278301, 11.661371], [109.0307547, 11.6671962], [109.0372148, 11.6627305], [109.0405373, 11.6621056]]]}, "properties": {"new_ward_code": "1005857", "name": "Xã Thuận Bắc"}}]}